// CardioEdge TFLite model: student_kd
// Size: 23992 bytes (23.4 KB)
#pragma once
#include <stdint.h>
const unsigned int student_kd_model_len = 23992;
alignas(8) const uint8_t student_kd_model[] = {
  0x20, 0x00, 0x00, 0x00, 0x54, 0x46, 0x4c, 0x33, 0x00, 0x00, 0x00, 0x00,
  0x14, 0x00, 0x20, 0x00, 0x1c, 0x00, 0x18, 0x00, 0x14, 0x00, 0x10, 0x00,
  0x0c, 0x00, 0x00, 0x00, 0x08, 0x00, 0x04, 0x00, 0x14, 0x00, 0x00, 0x00,
  0x1c, 0x00, 0x00, 0x00, 0x1c, 0x00, 0x00, 0x00, 0x9c, 0x00, 0x00, 0x00,
  0x24, 0x2b, 0x00, 0x00, 0x34, 0x2b, 0x00, 0x00, 0xa4, 0x5c, 0x00, 0x00,
  0x03, 0x00, 0x00, 0x00, 0x00, 0x00, 0x00, 0x00, 0x03, 0x00, 0x00, 0x00,
  0x5c, 0x00, 0x00, 0x00, 0x2c, 0x00, 0x00, 0x00, 0x04, 0x00, 0x00, 0x00,
  0xb8, 0xff, 0xff, 0xff, 0x37, 0x00, 0x00, 0x00, 0x04, 0x00, 0x00, 0x00,
  0x13, 0x00, 0x00, 0x00, 0x43, 0x4f, 0x4e, 0x56, 0x45, 0x52, 0x53, 0x49,
  0x4f, 0x4e, 0x5f, 0x4d, 0x45, 0x54, 0x41, 0x44, 0x41, 0x54, 0x41, 0x00,
  0xdc, 0xff, 0xff, 0xff, 0x36, 0x00, 0x00, 0x00, 0x04, 0x00, 0x00, 0x00,
  0x13, 0x00, 0x00, 0x00, 0x6d, 0x69, 0x6e, 0x5f, 0x72, 0x75, 0x6e, 0x74,
  0x69, 0x6d, 0x65, 0x5f, 0x76, 0x65, 0x72, 0x73, 0x69, 0x6f, 0x6e, 0x00,
  0x08, 0x00, 0x0c, 0x00, 0x08, 0x00, 0x04, 0x00, 0x08, 0x00, 0x00, 0x00,
  0x35, 0x00, 0x00, 0x00, 0x04, 0x00, 0x00, 0x00, 0x13, 0x00, 0x00, 0x00,
  0x6d, 0x69, 0x6e, 0x5f, 0x72, 0x75, 0x6e, 0x74, 0x69, 0x6d, 0x65, 0x5f,
  0x76, 0x65, 0x72, 0x73, 0x69, 0x6f, 0x6e, 0x00, 0x38, 0x00, 0x00, 0x00,
  0x84, 0x2a, 0x00, 0x00, 0x7c, 0x2a, 0x00, 0x00, 0x5c, 0x2a, 0x00, 0x00,
  0x3c, 0x2a, 0x00, 0x00, 0x1c, 0x2a, 0x00, 0x00, 0xfc, 0x29, 0x00, 0x00,
  0xdc, 0x29, 0x00, 0x00, 0xbc, 0x29, 0x00, 0x00, 0x9c, 0x29, 0x00, 0x00,
  0x7c, 0x29, 0x00, 0x00, 0x5c, 0x29, 0x00, 0x00, 0x40, 0x29, 0x00, 0x00,
  0x2c, 0x29, 0x00, 0x00, 0x08, 0x29, 0x00, 0x00, 0x58, 0x28, 0x00, 0x00,
  0xc8, 0x27, 0x00, 0x00, 0xb8, 0x1f, 0x00, 0x00, 0xa8, 0x1e, 0x00, 0x00,
  0x98, 0x0e, 0x00, 0x00, 0x88, 0x0d, 0x00, 0x00, 0xb8, 0x0c, 0x00, 0x00,
  0xa8, 0x0b, 0x00, 0x00, 0x98, 0x03, 0x00, 0x00, 0x08, 0x03, 0x00, 0x00,
  0x58, 0x02, 0x00, 0x00, 0xc8, 0x01, 0x00, 0x00, 0x98, 0x01, 0x00, 0x00,
  0x84, 0x01, 0x00, 0x00, 0x6c, 0x01, 0x00, 0x00, 0x64, 0x01, 0x00, 0x00,
  0x5c, 0x01, 0x00, 0x00, 0x54, 0x01, 0x00, 0x00, 0x4c, 0x01, 0x00, 0x00,
  0x44, 0x01, 0x00, 0x00, 0x3c, 0x01, 0x00, 0x00, 0x34, 0x01, 0x00, 0x00,
  0x2c, 0x01, 0x00, 0x00, 0x24, 0x01, 0x00, 0x00, 0x1c, 0x01, 0x00, 0x00,
  0x14, 0x01, 0x00, 0x00, 0x0c, 0x01, 0x00, 0x00, 0x04, 0x01, 0x00, 0x00,
  0xfc, 0x00, 0x00, 0x00, 0xf4, 0x00, 0x00, 0x00, 0xec, 0x00, 0x00, 0x00,
  0xe4, 0x00, 0x00, 0x00, 0xdc, 0x00, 0x00, 0x00, 0xd4, 0x00, 0x00, 0x00,
  0xcc, 0x00, 0x00, 0x00, 0xc4, 0x00, 0x00, 0x00, 0xbc, 0x00, 0x00, 0x00,
  0xb4, 0x00, 0x00, 0x00, 0xac, 0x00, 0x00, 0x00, 0x8c, 0x00, 0x00, 0x00,
  0x6c, 0x00, 0x00, 0x00, 0x04, 0x00, 0x00, 0x00, 0x6a, 0xd5, 0xff, 0xff,
  0x04, 0x00, 0x00, 0x00, 0x58, 0x00, 0x00, 0x00, 0x0c, 0x00, 0x00, 0x00,
  0x08, 0x00, 0x0e, 0x00, 0x08, 0x00, 0x04, 0x00, 0x08, 0x00, 0x00, 0x00,
  0x10, 0x00, 0x00, 0x00, 0x28, 0x00, 0x00, 0x00, 0x00, 0x00, 0x06, 0x00,
  0x08, 0x00, 0x04, 0x00, 0x06, 0x00, 0x00, 0x00, 0x04, 0x00, 0x00, 0x00,
  0x01, 0x00, 0x00, 0x00, 0xeb, 0x03, 0x00, 0x00, 0x00, 0x00, 0x0a, 0x00,
  0x10, 0x00, 0x0c, 0x00, 0x08, 0x00, 0x04, 0x00, 0x0a, 0x00, 0x00, 0x00,
  0x03, 0x00, 0x00, 0x00, 0x02, 0x00, 0x00, 0x00, 0x04, 0x00, 0x00, 0x00,
  0x06, 0x00, 0x00, 0x00, 0x32, 0x2e, 0x31, 0x36, 0x2e, 0x31, 0x00, 0x00,
  0xce, 0xd5, 0xff, 0xff, 0x04, 0x00, 0x00, 0x00, 0x10, 0x00, 0x00, 0x00,
  0x00, 0x00, 0x00, 0x00, 0x00, 0x00, 0x00, 0x00, 0x00, 0x00, 0x00, 0x00,
  0x00, 0x00, 0x00, 0x00, 0xea, 0xd5, 0xff, 0xff, 0x04, 0x00, 0x00, 0x00,
  0x10, 0x00, 0x00, 0x00, 0x31, 0x2e, 0x31, 0x34, 0x2e, 0x30, 0x00, 0x00,
  0x00, 0x00, 0x00, 0x00, 0x00, 0x00, 0x00, 0x00, 0x8c, 0xa5, 0xff, 0xff,
  0x90, 0xa5, 0xff, 0xff, 0x94, 0xa5, 0xff, 0xff, 0x98, 0xa5, 0xff, 0xff,
  0x9c, 0xa5, 0xff, 0xff, 0xa0, 0xa5, 0xff, 0xff, 0xa4, 0xa5, 0xff, 0xff,
  0xa8, 0xa5, 0xff, 0xff, 0xac, 0xa5, 0xff, 0xff, 0xb0, 0xa5, 0xff, 0xff,
  0xb4, 0xa5, 0xff, 0xff, 0xb8, 0xa5, 0xff, 0xff, 0xbc, 0xa5, 0xff, 0xff,
  0xc0, 0xa5, 0xff, 0xff, 0xc4, 0xa5, 0xff, 0xff, 0xc8, 0xa5, 0xff, 0xff,
  0xcc, 0xa5, 0xff, 0xff, 0xd0, 0xa5, 0xff, 0xff, 0xd4, 0xa5, 0xff, 0xff,
  0xd8, 0xa5, 0xff, 0xff, 0xdc, 0xa5, 0xff, 0xff, 0xe0, 0xa5, 0xff, 0xff,
  0xe4, 0xa5, 0xff, 0xff, 0xe8, 0xa5, 0xff, 0xff, 0x66, 0xd6, 0xff, 0xff,
  0x04, 0x00, 0x00, 0x00, 0x07, 0x00, 0x00, 0x00, 0x7f, 0xfc, 0x05, 0x43,
  0xf9, 0xe3, 0x49, 0x00, 0x7a, 0xd6, 0xff, 0xff, 0x04, 0x00, 0x00, 0x00,
  0x04, 0x00, 0x00, 0x00, 0x00, 0x00, 0x00, 0x00, 0x8a, 0xd6, 0xff, 0xff,
  0x04, 0x00, 0x00, 0x00, 0x20, 0x00, 0x00, 0x00, 0x81, 0x81, 0x81, 0x7f,
  0x7f, 0x81, 0x81, 0x7f, 0x7f, 0x7f, 0x81, 0x7f, 0x81, 0x81, 0x7f, 0x81,
  0x7f, 0x81, 0x7f, 0x7f, 0x81, 0x7f, 0x7f, 0x81, 0x7f, 0x81, 0x81, 0x81,
  0x81, 0x7f, 0x7f, 0x81, 0xb6, 0xd6, 0xff, 0xff, 0x04, 0x00, 0x00, 0x00,
  0x80, 0x00, 0x00, 0x00, 0x7c, 0xff, 0xff, 0xff, 0x7a, 0xff, 0xff, 0xff,
  0x91, 0xfd, 0xff, 0xff, 0xe4, 0xfd, 0xff, 0xff, 0x52, 0xfb, 0xff, 0xff,
  0x55, 0x00, 0x00, 0x00, 0x91, 0x05, 0x00, 0x00, 0x57, 0xfe, 0xff, 0xff,
  0x04, 0x00, 0x00, 0x00, 0x6e, 0x02, 0x00, 0x00, 0xa1, 0x02, 0x00, 0x00,
  0xb8, 0xfa, 0xff, 0xff, 0x07, 0x01, 0x00, 0x00, 0x62, 0x02, 0x00, 0x00,
  0x66, 0x00, 0x00, 0x00, 0x58, 0xff, 0xff, 0xff, 0xbf, 0x01, 0x00, 0x00,
  0x90, 0xfe, 0xff, 0xff, 0xea, 0xff, 0xff, 0xff, 0x03, 0x05, 0x00, 0x00,
  0xef, 0xfd, 0xff, 0xff, 0xff, 0xff, 0xff, 0xff, 0xaf, 0xfe, 0xff, 0xff,
  0x1d, 0x00, 0x00, 0x00, 0xdd, 0x02, 0x00, 0x00, 0x83, 0xff, 0xff, 0xff,
  0x12, 0xfc, 0xff, 0xff, 0xec, 0xfe, 0xff, 0xff, 0x0e, 0x03, 0x00, 0x00,
  0xa2, 0x01, 0x00, 0x00, 0x9d, 0xf8, 0xff, 0xff, 0x44, 0x01, 0x00, 0x00,
  0x42, 0xd7, 0xff, 0xff, 0x04, 0x00, 0x00, 0x00, 0xa0, 0x00, 0x00, 0x00,
  0x81, 0xf3, 0x84, 0xe1, 0xd5, 0x1b, 0x8d, 0x7f, 0x33, 0x48, 0x3e, 0xc7,
  0x31, 0x03, 0x95, 0x2e, 0xa0, 0xd3, 0x6c, 0x70, 0x7f, 0xa3, 0x81, 0x1b,
  0x69, 0x43, 0x03, 0x60, 0x51, 0xb0, 0x82, 0x7f, 0x5c, 0x3a, 0xe7, 0xca,
  0x6c, 0x4e, 0x7f, 0x48, 0x98, 0xaf, 0x7f, 0x32, 0x81, 0x1c, 0x7f, 0xa6,
  0x06, 0x7e, 0x28, 0x7f, 0xc6, 0x7f, 0xc3, 0x0a, 0x9c, 0x56, 0x7f, 0x81,
  0x14, 0x81, 0x81, 0xa7, 0x24, 0xaf, 0x53, 0x84, 0x81, 0x3a, 0xf6, 0x89,
  0x05, 0xc5, 0xa8, 0x09, 0x4d, 0x81, 0x3e, 0x2a, 0x7f, 0x34, 0x7f, 0xe7,
  0xec, 0xb2, 0x3e, 0x22, 0x84, 0xb5, 0xc0, 0x52, 0xea, 0x58, 0x4a, 0x17,
  0xb5, 0xa2, 0x15, 0x81, 0x50, 0x7f, 0x95, 0xcd, 0xe4, 0x7f, 0xfa, 0x5a,
  0xa2, 0xfe, 0xd3, 0xf5, 0xce, 0x81, 0xcd, 0x28, 0x14, 0x51, 0x65, 0x7f,
  0x57, 0x46, 0xa3, 0xdd, 0x81, 0x7e, 0x33, 0x54, 0xf5, 0x81, 0x7f, 0x9e,
  0x32, 0x18, 0x67, 0x2a, 0x7f, 0xba, 0x88, 0x81, 0x7d, 0x6a, 0xb1, 0x7f,
  0xde, 0x17, 0xf0, 0xfb, 0xdf, 0xd5, 0xf8, 0x47, 0x7f, 0x81, 0x12, 0x07,
  0x4f, 0x25, 0x68, 0xe6, 0xee, 0xd7, 0xff, 0xff, 0x04, 0x00, 0x00, 0x00,
  0x80, 0x00, 0x00, 0x00, 0x00, 0x00, 0x00, 0x00, 0x00, 0x00, 0x00, 0x00,
  0x00, 0x00, 0x00, 0x00, 0x00, 0x00, 0x00, 0x00, 0x00, 0x00, 0x00, 0x00,
  0x00, 0x00, 0x00, 0x00, 0x00, 0x00, 0x00, 0x00, 0x00, 0x00, 0x00, 0x00,
  0x00, 0x00, 0x00, 0x00, 0x00, 0x00, 0x00, 0x00, 0x00, 0x00, 0x00, 0x00,
  0x00, 0x00, 0x00, 0x00, 0x00, 0x00, 0x00, 0x00, 0x00, 0x00, 0x00, 0x00,
  0x00, 0x00, 0x00, 0x00, 0x00, 0x00, 0x00, 0x00, 0x00, 0x00, 0x00, 0x00,
  0x00, 0x00, 0x00, 0x00, 0x00, 0x00, 0x00, 0x00, 0x00, 0x00, 0x00, 0x00,
  0x00, 0x00, 0x00, 0x00, 0x00, 0x00, 0x00, 0x00, 0x00, 0x00, 0x00, 0x00,
  0x00, 0x00, 0x00, 0x00, 0x00, 0x00, 0x00, 0x00, 0x00, 0x00, 0x00, 0x00,
  0x00, 0x00, 0x00, 0x00, 0x00, 0x00, 0x00, 0x00, 0x00, 0x00, 0x00, 0x00,
  0x00, 0x00, 0x00, 0x00, 0x00, 0x00, 0x00, 0x00, 0x00, 0x00, 0x00, 0x00,
  0x7a, 0xd8, 0xff, 0xff, 0x04, 0x00, 0x00, 0x00, 0x00, 0x08, 0x00, 0x00,
  0xec, 0xe2, 0xf5, 0xdf, 0xd3, 0xd7, 0xf5, 0xec, 0xd8, 0x28, 0xca, 0x7f,
  0x36, 0xf8, 0x42, 0xe6, 0x37, 0x08, 0xf1, 0xf7, 0x2f, 0x2b, 0x19, 0xef,
  0xca, 0xd9, 0x17, 0x34, 0x02, 0x03, 0xec, 0xfa, 0x4b, 0x7f, 0xa7, 0x1d,
  0xda, 0xb6, 0xdb, 0x17, 0x00, 0xe7, 0x46, 0x7c, 0xf2, 0x17, 0x45, 0xea,
  0xeb, 0xf6, 0x31, 0xca, 0x3b, 0x5b, 0xb4, 0x9c, 0x9a, 0x12, 0x9e, 0x22,
  0xf5, 0x10, 0xa9, 0xc8, 0x9f, 0x2d, 0x34, 0x51, 0x81, 0xd9, 0xfb, 0x2f,
  0xa3, 0x60, 0x8c, 0x7d, 0x4a, 0x4e, 0x42, 0xe0, 0xfa, 0xc2, 0xde, 0x0c,
  0x0f, 0x57, 0xce, 0xea, 0x18, 0xa6, 0x2e, 0x5e, 0x6d, 0x48, 0xc9, 0x3e,
  0x0f, 0x26, 0x2d, 0x19, 0xed, 0xcc, 0x7e, 0x2b, 0xfb, 0xf7, 0xad, 0x2a,
  0xf6, 0x0b, 0x13, 0x17, 0x18, 0x81, 0xea, 0xec, 0xd1, 0xcc, 0xd1, 0xe0,
  0xf7, 0xd8, 0x08, 0xc4, 0xfe, 0xf6, 0xe8, 0xa2, 0x5f, 0xe0, 0x0f, 0x0f,
  0x9a, 0xe5, 0xab, 0xd2, 0x99, 0x49, 0x19, 0x5f, 0xa0, 0xb1, 0x41, 0xc3,
  0xef, 0x05, 0xba, 0xfc, 0x03, 0xfd, 0xf8, 0xf9, 0x81, 0xe4, 0x38, 0xc3,
  0x29, 0x89, 0x45, 0xe8, 0xd7, 0xa0, 0x48, 0xb6, 0x30, 0x08, 0xe9, 0x0f,
  0xf7, 0x7f, 0xa7, 0x1e, 0x2a, 0x0f, 0xe8, 0x2f, 0xee, 0xf8, 0x43, 0xd5,
  0xf5, 0xcf, 0xa5, 0x18, 0xa7, 0x61, 0xb6, 0x27, 0x07, 0xc9, 0xb7, 0xfe,
  0xdd, 0x20, 0xd5, 0x40, 0xd3, 0xf1, 0xf9, 0xfc, 0x98, 0x7f, 0x40, 0x31,
  0x29, 0xf7, 0x0c, 0xdc, 0x0c, 0xe6, 0xee, 0xed, 0x2d, 0xb1, 0xdd, 0x1f,
  0xd4, 0x27, 0x0b, 0x36, 0x0c, 0x07, 0x3b, 0xf8, 0x33, 0x02, 0xf1, 0xe1,
  0x10, 0xe8, 0x2b, 0xc8, 0xe2, 0x08, 0x7f, 0x29, 0xdf, 0xda, 0x33, 0x00,
  0xef, 0x35, 0x2c, 0xf2, 0xc4, 0x10, 0xf4, 0xb3, 0xd0, 0x5f, 0x39, 0xe8,
  0xf0, 0x42, 0x1f, 0xc2, 0x09, 0x35, 0x81, 0x1e, 0x11, 0x9f, 0x34, 0x32,
  0x1c, 0x1f, 0x3e, 0x84, 0x20, 0xf5, 0xf6, 0xc3, 0xe5, 0xd4, 0x20, 0xc3,
  0x3b, 0x86, 0xc2, 0x04, 0x2f, 0xcc, 0x4f, 0x46, 0x41, 0x10, 0xdf, 0xed,
  0xed, 0x0f, 0x3c, 0x84, 0x45, 0xfe, 0xf2, 0xff, 0xfe, 0x81, 0xd9, 0xce,
  0x31, 0x48, 0xb6, 0x6b, 0xf0, 0xcc, 0x39, 0x4c, 0x7d, 0x4b, 0xf2, 0x61,
  0xf1, 0x40, 0xae, 0x19, 0x15, 0xd0, 0x05, 0x02, 0x15, 0x31, 0x9c, 0x4f,
  0x25, 0xe2, 0x45, 0xb5, 0x11, 0x81, 0x5c, 0xa6, 0xb1, 0xc5, 0xcc, 0xa4,
  0xe2, 0x04, 0xf9, 0xaa, 0xf7, 0x21, 0x0f, 0xf5, 0x3d, 0x05, 0xc4, 0x32,
  0xcb, 0x17, 0x42, 0xc5, 0x21, 0x2e, 0x16, 0x09, 0xff, 0x3b, 0x8c, 0xc2,
  0xe2, 0x18, 0x2b, 0x81, 0x1c, 0xf8, 0x21, 0x31, 0xc5, 0x1e, 0xcb, 0xbe,
  0x1e, 0x99, 0x0c, 0x21, 0x18, 0x18, 0xef, 0x42, 0x04, 0x09, 0xfa, 0x6d,
  0x1a, 0x12, 0xe4, 0xfb, 0x32, 0xdf, 0x31, 0x0c, 0xd4, 0xc4, 0x35, 0x06,
  0x28, 0x25, 0x43, 0x00, 0x54, 0x1c, 0x01, 0xe4, 0x81, 0x34, 0xfd, 0xa4,
  0xbe, 0xf2, 0x89, 0x98, 0xf6, 0x15, 0xf0, 0x9c, 0xb4, 0x1a, 0x1c, 0x2a,
  0x15, 0x05, 0x81, 0x28, 0xd4, 0x7d, 0xfd, 0xe2, 0xc6, 0xb3, 0xc6, 0xef,
  0x31, 0xcc, 0xff, 0xdc, 0x44, 0xac, 0xcb, 0xd0, 0xf7, 0xf0, 0xb1, 0x68,
  0x2c, 0xe0, 0xe2, 0x5f, 0x02, 0xe5, 0x17, 0x7f, 0xd8, 0x11, 0xe6, 0xec,
  0xe1, 0xc3, 0xf1, 0x6b, 0x06, 0x05, 0x20, 0x1b, 0x35, 0xb0, 0xb3, 0x12,
  0xdd, 0x4d, 0x07, 0xfb, 0xc3, 0xc2, 0xcd, 0x03, 0x01, 0xd9, 0xc2, 0x04,
  0x2e, 0xba, 0x04, 0x3b, 0xe0, 0x10, 0x7d, 0x86, 0x15, 0x5e, 0xe2, 0x1c,
  0x4b, 0xe4, 0x38, 0x25, 0xce, 0x7f, 0xa2, 0xb3, 0x98, 0xb1, 0x4f, 0xda,
  0x1e, 0xf7, 0x34, 0x3d, 0x22, 0xc7, 0x23, 0x99, 0xbf, 0xcc, 0x21, 0x03,
  0x2c, 0x42, 0xed, 0x58, 0x7f, 0x0b, 0x28, 0xa8, 0x07, 0x0c, 0x9b, 0xfc,
  0xae, 0xe8, 0xea, 0xad, 0xfb, 0x0c, 0xb1, 0xf6, 0x2c, 0xcd, 0x23, 0xbf,
  0x3a, 0x2a, 0xbf, 0x5d, 0xcb, 0xdb, 0x14, 0x49, 0xc1, 0xf2, 0xdd, 0x04,
  0xce, 0x81, 0xbe, 0x90, 0x22, 0x44, 0xe3, 0x46, 0x14, 0x0c, 0xdf, 0xff,
  0xc1, 0xa7, 0xd8, 0x22, 0xd0, 0xb0, 0xe8, 0xec, 0xcd, 0x26, 0xd7, 0xbb,
  0x4e, 0x56, 0xbb, 0x4e, 0x98, 0x8f, 0xf4, 0xc2, 0x15, 0x4a, 0x2d, 0x39,
  0xf3, 0xd0, 0x22, 0xd7, 0xb3, 0x9f, 0x44, 0x74, 0x65, 0xdf, 0xf3, 0x87,
  0x0e, 0xe7, 0xc7, 0xfb, 0x81, 0xd3, 0xde, 0xc6, 0xec, 0xd8, 0xea, 0xfa,
  0xa1, 0x01, 0x1b, 0xc5, 0x07, 0x00, 0xd8, 0xe1, 0xf4, 0x7f, 0x1c, 0xe6,
  0xe6, 0xd9, 0x4a, 0x40, 0x15, 0xc6, 0xfb, 0xc3, 0xf2, 0xb5, 0xc3, 0xd6,
  0xaf, 0xcb, 0x47, 0xd8, 0x11, 0xd9, 0x36, 0xf8, 0xcd, 0x08, 0x60, 0xc2,
  0x24, 0xca, 0xd0, 0xeb, 0xfe, 0x7f, 0xc8, 0xf9, 0xde, 0x05, 0x46, 0x58,
  0x2d, 0xab, 0x30, 0x3c, 0x37, 0xbe, 0x18, 0x2d, 0x2c, 0x03, 0x4e, 0xfa,
  0xdf, 0xec, 0x00, 0x1f, 0x0b, 0x11, 0x57, 0x27, 0xc4, 0x38, 0x13, 0xe3,
  0xb3, 0x0d, 0x3f, 0xba, 0x0b, 0x1f, 0xeb, 0xed, 0xd3, 0xc8, 0xc6, 0x24,
  0x00, 0x25, 0xf6, 0x81, 0xdf, 0xc7, 0x2d, 0xe2, 0xf5, 0x1e, 0xbe, 0xd6,
  0xf2, 0xd8, 0x7f, 0xad, 0x0c, 0x00, 0xb9, 0xed, 0x34, 0xe0, 0xf0, 0xd2,
  0x2f, 0xa7, 0x27, 0xde, 0xe5, 0x42, 0x52, 0xc6, 0xab, 0xbc, 0xeb, 0x33,
  0xfb, 0xfa, 0x38, 0xfb, 0x12, 0xec, 0xe5, 0x06, 0x17, 0x04, 0xfc, 0xf2,
  0x2d, 0x7f, 0x17, 0x05, 0xe5, 0xed, 0xc2, 0xf0, 0xff, 0x1b, 0x13, 0xfe,
  0x14, 0xd6, 0xf7, 0xf7, 0x31, 0xf6, 0x29, 0xe3, 0xf4, 0x28, 0x1f, 0x0c,
  0xf4, 0xfa, 0x49, 0x36, 0x1e, 0x22, 0x0f, 0x1f, 0x53, 0xc9, 0xd3, 0x81,
  0x11, 0x2d, 0xed, 0x25, 0x2f, 0x2e, 0x02, 0x18, 0xb0, 0xf5, 0x26, 0x4b,
  0x01, 0x11, 0xc9, 0xf7, 0x0c, 0x8f, 0x36, 0x0f, 0xf3, 0xed, 0xf0, 0xf2,
  0xe1, 0x19, 0x0c, 0x0c, 0x4b, 0x81, 0xff, 0xc3, 0xd5, 0xfe, 0x02, 0xfa,
  0x0d, 0xc2, 0xd8, 0x03, 0xff, 0xf0, 0x0c, 0xf8, 0xdc, 0x40, 0x30, 0x98,
  0xb4, 0x46, 0x52, 0xce, 0x1d, 0xc7, 0xf5, 0xcf, 0xf9, 0x48, 0x16, 0xda,
  0x48, 0x68, 0x18, 0x47, 0xed, 0x97, 0xe5, 0xd5, 0x81, 0x74, 0x27, 0x79,
  0xf5, 0x39, 0xce, 0x14, 0x3a, 0x08, 0x29, 0x1e, 0xff, 0xfc, 0x28, 0xb0,
  0x2c, 0x06, 0xc7, 0xe0, 0x3b, 0xcc, 0xfe, 0x17, 0x14, 0xa1, 0xe4, 0xf0,
  0xf2, 0xb6, 0xb8, 0xc5, 0x96, 0x0f, 0x2d, 0x35, 0x21, 0x34, 0x03, 0x81,
  0x6d, 0x51, 0x48, 0x06, 0xa7, 0xdb, 0xf7, 0xb6, 0x16, 0xcd, 0x5a, 0xf4,
  0x1f, 0x0d, 0x5f, 0x35, 0xeb, 0xf0, 0x8a, 0xc1, 0x0a, 0x96, 0x4c, 0x3d,
  0xf7, 0xe5, 0x29, 0xb9, 0x9a, 0xe9, 0xf5, 0x52, 0xaf, 0xa4, 0x08, 0xce,
  0xe1, 0x81, 0x05, 0xc4, 0xff, 0x06, 0xd2, 0x15, 0x06, 0xc3, 0x81, 0xeb,
  0xcf, 0x5d, 0x53, 0xf0, 0xfd, 0xed, 0xe8, 0x11, 0xf7, 0x87, 0xf5, 0x22,
  0xe7, 0x4b, 0xeb, 0xdb, 0x17, 0xa2, 0x3c, 0xe1, 0xdc, 0xe5, 0x1b, 0x24,
  0xf3, 0x23, 0x0b, 0xea, 0xdf, 0xef, 0x1f, 0xe8, 0xd0, 0xf7, 0xb8, 0x1f,
  0x1d, 0x5c, 0xf2, 0x26, 0x35, 0x95, 0x10, 0x23, 0xaf, 0x43, 0x1e, 0x09,
  0xe2, 0x81, 0xfd, 0xd9, 0x20, 0xe8, 0x46, 0xd9, 0x29, 0xf6, 0xfb, 0x0e,
  0xdc, 0x0c, 0x7f, 0xd5, 0xf7, 0xf7, 0xf1, 0x28, 0xf6, 0x21, 0x2f, 0x05,
  0x1d, 0x13, 0x08, 0xd8, 0xd9, 0x00, 0x0e, 0x1a, 0x03, 0xee, 0x1e, 0xd3,
  0x00, 0xed, 0x11, 0xfb, 0x1e, 0x22, 0xc3, 0x3d, 0x00, 0x11, 0x81, 0x13,
  0xfa, 0xc0, 0x2b, 0x81, 0x03, 0xfc, 0x1b, 0x09, 0x32, 0xac, 0xae, 0xc6,
  0x28, 0x12, 0xff, 0xf1, 0x06, 0x50, 0xd1, 0x33, 0xd4, 0xff, 0x1b, 0xf2,
  0x2e, 0x20, 0xc3, 0x1f, 0xfe, 0xcb, 0x7f, 0xe9, 0x38, 0x1b, 0xb8, 0xd8,
  0x0a, 0x18, 0xfc, 0xd9, 0xee, 0x13, 0x08, 0x1e, 0xfa, 0xf1, 0xf6, 0xf0,
  0x26, 0xd8, 0x7a, 0x1e, 0xf7, 0x06, 0x4e, 0x0c, 0x34, 0xcf, 0xfa, 0x1b,
  0x4d, 0xc0, 0xcf, 0xd5, 0xbb, 0xce, 0xb7, 0x51, 0x0c, 0xa5, 0x44, 0xd4,
  0x31, 0xd9, 0x30, 0xf1, 0x16, 0x62, 0x03, 0xca, 0xf3, 0xc8, 0xf8, 0x6f,
  0xbe, 0xed, 0x7f, 0x05, 0x5a, 0x19, 0x31, 0x11, 0xa5, 0x5c, 0x12, 0x58,
  0x26, 0x5a, 0x81, 0x41, 0xf0, 0x0d, 0xe0, 0x50, 0x5f, 0xa7, 0xba, 0x96,
  0xf3, 0x8b, 0xa2, 0xbf, 0xb0, 0x15, 0xc5, 0x0e, 0x99, 0xc0, 0x8b, 0xab,
  0x2c, 0x29, 0xa0, 0x99, 0xec, 0xee, 0x04, 0x13, 0xdf, 0x25, 0xb4, 0x13,
  0x40, 0x77, 0xaf, 0xa5, 0x5a, 0xce, 0x18, 0x81, 0x7a, 0x99, 0xe3, 0x81,
  0x47, 0xb3, 0x72, 0x3b, 0xf6, 0xec, 0xf9, 0x8c, 0xba, 0x60, 0x47, 0x1b,
  0xd3, 0xa0, 0x15, 0x08, 0xae, 0x95, 0x58, 0xf1, 0x1f, 0xf3, 0xe9, 0xba,
  0x46, 0x9b, 0x29, 0x36, 0x1b, 0xe6, 0x10, 0x8d, 0xf1, 0x0c, 0xd1, 0xee,
  0x7f, 0x21, 0x34, 0xf4, 0xbe, 0x2d, 0xcd, 0x81, 0x47, 0xe6, 0x8f, 0x0a,
  0xe7, 0x9f, 0xe5, 0xf5, 0x72, 0x0f, 0x16, 0xe6, 0xf5, 0xb1, 0x19, 0x58,
  0xf7, 0x02, 0xfa, 0xfc, 0xf3, 0xc1, 0xb1, 0x76, 0xfd, 0x1b, 0x1e, 0xd8,
  0x15, 0x0a, 0x0d, 0x00, 0xf0, 0x14, 0xd6, 0x03, 0xf1, 0x81, 0xdf, 0xec,
  0x25, 0xf7, 0xfc, 0xe6, 0x3c, 0xb1, 0x3b, 0x13, 0xdb, 0xda, 0x04, 0x24,
  0xf7, 0xcd, 0xb3, 0xef, 0xba, 0x2e, 0xfb, 0xec, 0x15, 0xf9, 0xd3, 0x32,
  0x2d, 0x06, 0x82, 0xce, 0xf2, 0x2d, 0x08, 0xeb, 0xf9, 0x4e, 0x32, 0xf7,
  0x50, 0xcd, 0xa5, 0xf9, 0x0d, 0x5e, 0x7f, 0xf5, 0xd4, 0x0d, 0x36, 0xff,
  0x4f, 0x6f, 0xd4, 0xec, 0xe2, 0x26, 0xae, 0x03, 0xde, 0xe0, 0x81, 0xc4,
  0xfa, 0xef, 0x11, 0x0a, 0xf6, 0x09, 0x13, 0xe0, 0x16, 0xcf, 0x0c, 0xec,
  0x54, 0x33, 0x3e, 0xd9, 0xc0, 0x3b, 0x22, 0x3d, 0x29, 0x08, 0xfc, 0xe9,
  0x08, 0xc5, 0xfa, 0x0f, 0x0d, 0x2f, 0x7f, 0x36, 0x33, 0xd3, 0x0c, 0x04,
  0xda, 0x9a, 0xc2, 0x24, 0xde, 0x4c, 0x2b, 0x44, 0x0a, 0xea, 0x2e, 0x1d,
  0xfe, 0x2e, 0x0d, 0x12, 0xd5, 0x01, 0x3a, 0xd9, 0x15, 0xce, 0x27, 0x3d,
  0xf4, 0xe6, 0x81, 0xbb, 0xcd, 0xd3, 0xd1, 0x59, 0x29, 0xcd, 0xe7, 0xdf,
  0x44, 0x99, 0xab, 0xf0, 0xd7, 0x26, 0x4e, 0x3d, 0xd7, 0xc2, 0xab, 0x17,
  0xe2, 0x76, 0xbe, 0xdf, 0x19, 0x03, 0x1e, 0x33, 0x0e, 0x19, 0x81, 0xc5,
  0xc2, 0xec, 0xb1, 0x40, 0x00, 0x00, 0x46, 0x07, 0x33, 0xd6, 0xd4, 0xd4,
  0x2c, 0xe5, 0x4e, 0x11, 0xb0, 0xdf, 0x1d, 0xe8, 0xa6, 0xa0, 0x66, 0x17,
  0x44, 0xff, 0x8a, 0x0f, 0x32, 0x10, 0x35, 0x09, 0x0c, 0xf0, 0x49, 0x20,
  0x81, 0x09, 0x33, 0xfd, 0xe1, 0x9a, 0xc3, 0x34, 0x06, 0x79, 0x08, 0xd7,
  0x1d, 0x2a, 0xdf, 0xee, 0xaf, 0xc8, 0x24, 0xd3, 0x40, 0xef, 0xe4, 0xe5,
  0x12, 0x1e, 0x2a, 0x04, 0xdd, 0x26, 0xe1, 0x41, 0xfb, 0x19, 0x0c, 0x19,
  0xbd, 0x06, 0x17, 0xe4, 0x07, 0x07, 0xbb, 0xb9, 0x0f, 0xf9, 0x28, 0xe7,
  0x48, 0xf7, 0x81, 0x03, 0x0f, 0x02, 0xfe, 0xf3, 0xfe, 0xdd, 0x7f, 0xf5,
  0x26, 0xdb, 0x41, 0xee, 0xd2, 0xa2, 0x0e, 0xdd, 0x04, 0xcb, 0xe8, 0xe7,
  0xef, 0x10, 0x38, 0xde, 0x1f, 0xdf, 0xe3, 0x10, 0xa0, 0xea, 0xef, 0xb9,
  0xcd, 0xc8, 0xec, 0xde, 0xfd, 0x3d, 0xe5, 0xf9, 0x10, 0xcb, 0x1d, 0x2d,
  0x26, 0xdb, 0x2b, 0xfe, 0x00, 0x7f, 0xf0, 0xf2, 0x03, 0x41, 0xf4, 0x19,
  0x07, 0x16, 0x1a, 0x34, 0x1a, 0xf8, 0x00, 0x2b, 0x12, 0x15, 0xf4, 0x0a,
  0x1f, 0xc0, 0x62, 0x12, 0x06, 0x48, 0xae, 0x4f, 0xd6, 0x3a, 0xea, 0xd3,
  0xe8, 0xbd, 0xdb, 0x20, 0xc1, 0x24, 0x1e, 0xe2, 0xde, 0x9d, 0xca, 0x81,
  0xd9, 0x29, 0xe4, 0xb7, 0x41, 0x11, 0x17, 0x63, 0xbb, 0xc5, 0x01, 0x0b,
  0x92, 0x0d, 0xfe, 0x14, 0xf7, 0xbc, 0x6b, 0xe6, 0xe4, 0x9d, 0x32, 0xa9,
  0x81, 0x35, 0xcf, 0x23, 0xe9, 0xcb, 0xbf, 0xb4, 0xd9, 0xc0, 0xb8, 0x24,
  0x30, 0x17, 0x65, 0x0d, 0x20, 0x42, 0x8e, 0x38, 0x0d, 0xde, 0xe9, 0xe3,
  0x11, 0x9a, 0x19, 0x17, 0x17, 0x45, 0x12, 0xcd, 0x04, 0xf0, 0xbc, 0x49,
  0x5e, 0x27, 0x81, 0x07, 0x00, 0x1c, 0xc2, 0xd6, 0xca, 0xc9, 0xd5, 0x81,
  0x21, 0x63, 0x26, 0x42, 0x2a, 0x90, 0x1f, 0x69, 0x13, 0x0c, 0x01, 0xe1,
  0xf9, 0x09, 0x42, 0xa8, 0x03, 0xcc, 0xad, 0x28, 0xfa, 0xf5, 0x2a, 0x6a,
  0x05, 0x34, 0xb4, 0x4e, 0x21, 0x46, 0xf4, 0xf7, 0x03, 0xbc, 0x35, 0x14,
  0x15, 0x65, 0xeb, 0x13, 0xeb, 0x7f, 0x07, 0xb2, 0x12, 0xa4, 0xf4, 0x23,
  0xf6, 0xfe, 0x01, 0xb9, 0x0f, 0x55, 0xe3, 0xc9, 0x3d, 0x1c, 0xe7, 0xed,
  0x0d, 0x0b, 0xe3, 0xe8, 0x22, 0x0d, 0xb6, 0xde, 0x09, 0x0a, 0x61, 0x24,
  0xe0, 0x81, 0xf5, 0x1d, 0x06, 0x27, 0xcb, 0x0f, 0x30, 0x44, 0x19, 0xe4,
  0x11, 0x08, 0xe0, 0x21, 0x28, 0x40, 0xfb, 0x00, 0xe3, 0xdf, 0x15, 0x16,
  0xae, 0x12, 0x7c, 0x12, 0xe7, 0x7f, 0x13, 0x5d, 0xf6, 0x30, 0x13, 0x27,
  0xed, 0xfb, 0x19, 0xff, 0xeb, 0xc8, 0xd7, 0xe2, 0xbd, 0x07, 0xf8, 0xd5,
  0x5d, 0x25, 0xa4, 0xee, 0x03, 0x2c, 0xf1, 0xfa, 0x36, 0xfc, 0xf7, 0xf8,
  0xc4, 0x5a, 0xf7, 0x28, 0xeb, 0xdc, 0xf1, 0x15, 0x37, 0x20, 0xef, 0x0d,
  0xf0, 0x60, 0x7b, 0x1c, 0xf2, 0x2b, 0x15, 0xf4, 0x7f, 0x1a, 0x2c, 0x32,
  0xf1, 0xd0, 0xd5, 0xf6, 0x24, 0x3d, 0x2c, 0x33, 0x08, 0xc5, 0xe7, 0xf0,
  0xf9, 0xdf, 0xd3, 0xea, 0xcb, 0xb2, 0x32, 0x2c, 0x16, 0x81, 0xdf, 0x2a,
  0x0a, 0x0e, 0xcc, 0xc6, 0xe4, 0xf9, 0xd1, 0xd9, 0x66, 0x29, 0x59, 0xdf,
  0xe6, 0x81, 0x00, 0xf9, 0x42, 0x0c, 0x0c, 0xda, 0xf3, 0x1b, 0x1f, 0xdb,
  0xd3, 0x8e, 0xdd, 0x10, 0x89, 0xf2, 0x0e, 0xad, 0x15, 0x83, 0xff, 0xaf,
  0xa1, 0x4b, 0xd8, 0x9b, 0xbe, 0xe1, 0xcc, 0x0e, 0xcd, 0xf9, 0x81, 0x0b,
  0x0a, 0x03, 0x1b, 0xdf, 0xec, 0x06, 0xaf, 0xf0, 0x10, 0xeb, 0x15, 0x2a,
  0x46, 0xe5, 0x09, 0xf0, 0x2a, 0x17, 0xf1, 0x38, 0xd9, 0x39, 0xcf, 0x19,
  0x05, 0x13, 0xd5, 0x59, 0xc0, 0x28, 0xc0, 0x0b, 0x94, 0x7f, 0x34, 0xe6,
  0xc9, 0xac, 0xd2, 0x01, 0xf9, 0x09, 0xe3, 0xe7, 0x04, 0xc6, 0xc2, 0x36,
  0xb6, 0x07, 0xe3, 0xe8, 0x04, 0xef, 0xd5, 0xfb, 0xca, 0xf4, 0xf1, 0x13,
  0x29, 0xf7, 0x6b, 0x19, 0x4a, 0x31, 0xce, 0x03, 0x24, 0x23, 0xe4, 0x57,
  0x9a, 0x3e, 0x21, 0x77, 0x43, 0x7f, 0x13, 0x40, 0x4a, 0xdb, 0xe8, 0x41,
  0x17, 0xe5, 0x21, 0xf5, 0xf1, 0xfe, 0xa3, 0x37, 0x3c, 0x35, 0x7a, 0x38,
  0x1f, 0xc1, 0x0e, 0xcb, 0xd2, 0x7f, 0xe4, 0xef, 0xd3, 0x0d, 0x26, 0xfd,
  0x16, 0x26, 0xbb, 0xde, 0x28, 0x37, 0x2d, 0x04, 0xd7, 0xf5, 0x18, 0xc7,
  0xdf, 0xd5, 0x21, 0xe1, 0xbc, 0x20, 0x1e, 0xb1, 0x55, 0x3e, 0x73, 0xdb,
  0x0d, 0xfb, 0xbe, 0xdd, 0xf7, 0x21, 0x45, 0x3c, 0xf8, 0x81, 0xf9, 0xe3,
  0x19, 0x08, 0x16, 0x20, 0x44, 0x49, 0xf5, 0xce, 0x86, 0xe0, 0xff, 0xff,
  0x04, 0x00, 0x00, 0x00, 0x00, 0x01, 0x00, 0x00, 0xca, 0x03, 0x00, 0x00,
  0xa4, 0x0a, 0x00, 0x00, 0x0e, 0x03, 0x00, 0x00, 0x17, 0x0b, 0x00, 0x00,
  0x5e, 0x0d, 0x00, 0x00, 0x23, 0xf8, 0xff, 0xff, 0xbb, 0x06, 0x00, 0x00,
  0xd1, 0x04, 0x00, 0x00, 0xb7, 0x02, 0x00, 0x00, 0x88, 0xec, 0xff, 0xff,
  0x9b, 0x07, 0x00, 0x00, 0x8f, 0xfd, 0xff, 0xff, 0xee, 0x09, 0x00, 0x00,
  0xa5, 0xff, 0xff, 0xff, 0xd8, 0x07, 0x00, 0x00, 0xde, 0x0a, 0x00, 0x00,
  0x50, 0xf8, 0xff, 0xff, 0xa8, 0x02, 0x00, 0x00, 0xdf, 0x07, 0x00, 0x00,
  0x71, 0x01, 0x00, 0x00, 0xf8, 0xef, 0xff, 0xff, 0x43, 0x01, 0x00, 0x00,
  0x5b, 0x05, 0x00, 0x00, 0xf6, 0xfc, 0xff, 0xff, 0x3d, 0xfc, 0xff, 0xff,
  0xfd, 0x03, 0x00, 0x00, 0x56, 0xf7, 0xff, 0xff, 0x41, 0x03, 0x00, 0x00,
  0x4a, 0xfe, 0xff, 0xff, 0xf5, 0x03, 0x00, 0x00, 0x28, 0xfe, 0xff, 0xff,
  0x86, 0x01, 0x00, 0x00, 0x3c, 0x05, 0x00, 0x00, 0xac, 0x01, 0x00, 0x00,
  0x12, 0x05, 0x00, 0x00, 0x68, 0x07, 0x00, 0x00, 0x7d, 0x08, 0x00, 0x00,
  0xf1, 0x02, 0x00, 0x00, 0x1b, 0xf8, 0xff, 0xff, 0xd9, 0xfe, 0xff, 0xff,
  0x04, 0x04, 0x00, 0x00, 0xa0, 0x05, 0x00, 0x00, 0xff, 0xf7, 0xff, 0xff,
  0x0c, 0x08, 0x00, 0x00, 0x9e, 0x04, 0x00, 0x00, 0x59, 0x04, 0x00, 0x00,
  0x80, 0xfe, 0xff, 0xff, 0xe7, 0x05, 0x00, 0x00, 0xf2, 0xf7, 0xff, 0xff,
  0xe6, 0x04, 0x00, 0x00, 0x63, 0x0a, 0x00, 0x00, 0xfb, 0xfb, 0xff, 0xff,
  0xad, 0xf3, 0xff, 0xff, 0xd6, 0x02, 0x00, 0x00, 0xf1, 0xfe, 0xff, 0xff,
  0xd9, 0x00, 0x00, 0x00, 0xc0, 0xfe, 0xff, 0xff, 0x29, 0xf7, 0xff, 0xff,
  0xca, 0x04, 0x00, 0x00, 0x3c, 0xfc, 0xff, 0xff, 0x81, 0x02, 0x00, 0x00,
  0xea, 0xf6, 0xff, 0xff, 0xa1, 0xff, 0xff, 0xff, 0x8d, 0xf6, 0xff, 0xff,
  0x92, 0xe1, 0xff, 0xff, 0x04, 0x00, 0x00, 0x00, 0xc0, 0x00, 0x00, 0x00,
  0xf5, 0xd9, 0x6b, 0x6b, 0x2e, 0x40, 0x3f, 0x17, 0xdb, 0x3c, 0x7f, 0x11,
  0x71, 0x5a, 0x6c, 0xb8, 0x48, 0x31, 0x7f, 0xa4, 0x00, 0x81, 0x81, 0x81,
  0x07, 0xb0, 0x5c, 0x1a, 0x1a, 0x99, 0xbd, 0xea, 0x98, 0x7f, 0x7f, 0x7f,
  0xdc, 0x0b, 0xb1, 0x21, 0x7f, 0x03, 0x7f, 0x7f, 0x81, 0x96, 0xde, 0xe9,
  0x81, 0xd1, 0xe2, 0x7f, 0x7f, 0x81, 0x81, 0x6d, 0x0a, 0x7f, 0x81, 0x77,
  0xcf, 0x7f, 0x85, 0x87, 0x46, 0xfa, 0xaa, 0x7f, 0x81, 0x98, 0x7f, 0x7f,
  0x7f, 0xca, 0x23, 0x81, 0x7f, 0x7f, 0x31, 0x81, 0x2f, 0xa1, 0xe3, 0x7f,
  0x81, 0x10, 0x18, 0xbe, 0x7f, 0x16, 0x81, 0x5d, 0xfb, 0x0d, 0x2d, 0x7f,
  0xa7, 0xbf, 0x06, 0xfe, 0x7f, 0x1a, 0x7f, 0x68, 0x3e, 0xb8, 0xc7, 0xfe,
  0x83, 0x7f, 0x7f, 0x81, 0x55, 0xe1, 0x7f, 0x90, 0xa8, 0x63, 0xa8, 0x30,
  0x81, 0x99, 0x98, 0x81, 0xed, 0x8e, 0x7f, 0x94, 0x81, 0x81, 0x7f, 0xa2,
  0x9a, 0x7f, 0xd3, 0x67, 0x64, 0x81, 0x11, 0x78, 0xa7, 0x16, 0x7f, 0x3e,
  0x7f, 0x7f, 0xa9, 0xdd, 0x2d, 0xcc, 0x3c, 0x56, 0x90, 0x81, 0xa9, 0x81,
  0x81, 0x81, 0x81, 0xe3, 0x81, 0x48, 0x73, 0x1c, 0x9d, 0x81, 0xb1, 0x81,
  0xcf, 0x81, 0x34, 0x08, 0xb0, 0xb1, 0x8a, 0x6d, 0x12, 0x81, 0x6d, 0xb1,
  0xae, 0x2e, 0xba, 0x7f, 0x78, 0x5a, 0x8e, 0x70, 0x81, 0xe1, 0xe7, 0x81,
  0x5e, 0xe2, 0xff, 0xff, 0x04, 0x00, 0x00, 0x00, 0x00, 0x01, 0x00, 0x00,
  0x00, 0x00, 0x00, 0x00, 0x00, 0x00, 0x00, 0x00, 0x00, 0x00, 0x00, 0x00,
  0x00, 0x00, 0x00, 0x00, 0x00, 0x00, 0x00, 0x00, 0x00, 0x00, 0x00, 0x00,
  0x00, 0x00, 0x00, 0x00, 0x00, 0x00, 0x00, 0x00, 0x00, 0x00, 0x00, 0x00,
  0x00, 0x00, 0x00, 0x00, 0x00, 0x00, 0x00, 0x00, 0x00, 0x00, 0x00, 0x00,
  0x00, 0x00, 0x00, 0x00, 0x00, 0x00, 0x00, 0x00, 0x00, 0x00, 0x00, 0x00,
  0x00, 0x00, 0x00, 0x00, 0x00, 0x00, 0x00, 0x00, 0x00, 0x00, 0x00, 0x00,
  0x00, 0x00, 0x00, 0x00, 0x00, 0x00, 0x00, 0x00, 0x00, 0x00, 0x00, 0x00,
  0x00, 0x00, 0x00, 0x00, 0x00, 0x00, 0x00, 0x00, 0x00, 0x00, 0x00, 0x00,
  0x00, 0x00, 0x00, 0x00, 0x00, 0x00, 0x00, 0x00, 0x00, 0x00, 0x00, 0x00,
  0x00, 0x00, 0x00, 0x00, 0x00, 0x00, 0x00, 0x00, 0x00, 0x00, 0x00, 0x00,
  0x00, 0x00, 0x00, 0x00, 0x00, 0x00, 0x00, 0x00, 0x00, 0x00, 0x00, 0x00,
  0x00, 0x00, 0x00, 0x00, 0x00, 0x00, 0x00, 0x00, 0x00, 0x00, 0x00, 0x00,
  0x00, 0x00, 0x00, 0x00, 0x00, 0x00, 0x00, 0x00, 0x00, 0x00, 0x00, 0x00,
  0x00, 0x00, 0x00, 0x00, 0x00, 0x00, 0x00, 0x00, 0x00, 0x00, 0x00, 0x00,
  0x00, 0x00, 0x00, 0x00, 0x00, 0x00, 0x00, 0x00, 0x00, 0x00, 0x00, 0x00,
  0x00, 0x00, 0x00, 0x00, 0x00, 0x00, 0x00, 0x00, 0x00, 0x00, 0x00, 0x00,
  0x00, 0x00, 0x00, 0x00, 0x00, 0x00, 0x00, 0x00, 0x00, 0x00, 0x00, 0x00,
  0x00, 0x00, 0x00, 0x00, 0x00, 0x00, 0x00, 0x00, 0x00, 0x00, 0x00, 0x00,
  0x00, 0x00, 0x00, 0x00, 0x00, 0x00, 0x00, 0x00, 0x00, 0x00, 0x00, 0x00,
  0x00, 0x00, 0x00, 0x00, 0x00, 0x00, 0x00, 0x00, 0x00, 0x00, 0x00, 0x00,
  0x00, 0x00, 0x00, 0x00, 0x00, 0x00, 0x00, 0x00, 0x00, 0x00, 0x00, 0x00,
  0x00, 0x00, 0x00, 0x00, 0x6a, 0xe3, 0xff, 0xff, 0x04, 0x00, 0x00, 0x00,
  0x00, 0x10, 0x00, 0x00, 0x08, 0x28, 0xcd, 0xd4, 0xf3, 0xf7, 0x35, 0xff,
  0x22, 0x20, 0x3d, 0xda, 0x2a, 0xc1, 0xf3, 0x1c, 0xef, 0xd3, 0x00, 0x12,
  0xa8, 0x41, 0x81, 0x12, 0xe4, 0x43, 0xf4, 0x06, 0x1b, 0x0f, 0x98, 0x40,
  0xb8, 0xfb, 0x08, 0x57, 0x5a, 0xf7, 0x0e, 0x2a, 0x14, 0x3c, 0xc9, 0xe3,
  0xb7, 0xf7, 0xa9, 0xce, 0x2c, 0xea, 0xbf, 0x1b, 0x55, 0xb8, 0xc2, 0xcb,
  0x5e, 0x12, 0x09, 0x2b, 0x42, 0x0b, 0x59, 0x0b, 0x4e, 0x15, 0x89, 0x16,
  0xe8, 0xfc, 0x15, 0xe7, 0xd9, 0x2e, 0x36, 0x60, 0x3a, 0xf7, 0xe0, 0xd1,
  0xe0, 0xf5, 0xe5, 0xef, 0xa3, 0x00, 0xe0, 0x04, 0x03, 0x10, 0x19, 0xd9,
  0x12, 0x40, 0xa6, 0xbc, 0xf8, 0x9a, 0xd8, 0xfe, 0xe7, 0xfd, 0x3d, 0xd0,
  0xdf, 0xed, 0xee, 0x0b, 0x4c, 0xf6, 0xe9, 0xbf, 0x28, 0x0d, 0xea, 0xef,
  0x38, 0x62, 0xda, 0x4c, 0x7f, 0x3e, 0xc9, 0xcc, 0xfd, 0x4b, 0xf9, 0xf8,
  0xde, 0xc2, 0x0d, 0x7f, 0xe9, 0x53, 0xfd, 0x15, 0xfd, 0xeb, 0xe3, 0x18,
  0x09, 0xee, 0xff, 0x2a, 0x30, 0x19, 0xd7, 0xc1, 0x47, 0x18, 0x42, 0x11,
  0xbe, 0x4e, 0xaa, 0xc7, 0xdc, 0x05, 0x11, 0xed, 0x09, 0x0b, 0xf7, 0xe0,
  0x03, 0xe0, 0x0d, 0xdd, 0xbb, 0xe3, 0xf2, 0xe1, 0xc3, 0x41, 0x09, 0x45,
  0xfd, 0x30, 0x28, 0xf4, 0x01, 0x4a, 0x26, 0xf5, 0xec, 0x96, 0xe6, 0x24,
  0xb3, 0xca, 0xd8, 0xdc, 0x10, 0xc6, 0xfc, 0x08, 0x42, 0x4e, 0xe2, 0xe8,
  0xd2, 0xea, 0x51, 0x03, 0x0e, 0xd1, 0xfa, 0x2c, 0xf6, 0xf9, 0xdb, 0xad,
  0xdc, 0xee, 0x2e, 0x7f, 0x98, 0x44, 0xa6, 0x35, 0x00, 0x27, 0x26, 0x08,
  0x20, 0x2c, 0xd0, 0x2b, 0x66, 0x17, 0x28, 0x35, 0x11, 0x03, 0xf4, 0x14,
  0x37, 0x45, 0xba, 0xd8, 0xeb, 0xe8, 0x4a, 0x52, 0x07, 0xea, 0xd5, 0xf4,
  0x09, 0x25, 0xe8, 0x2c, 0xc8, 0xc7, 0x52, 0x29, 0x8c, 0x0c, 0x51, 0x4e,
  0xfb, 0x08, 0x2f, 0x0c, 0xf7, 0xb1, 0xe4, 0xbf, 0x15, 0x09, 0x1b, 0xed,
  0x1f, 0x22, 0xee, 0x65, 0x1a, 0xda, 0x13, 0xf0, 0xde, 0xd2, 0x0f, 0xf7,
  0x0e, 0x11, 0x34, 0x3c, 0x16, 0x01, 0xd8, 0x54, 0xfe, 0x12, 0xe9, 0x28,
  0x7d, 0x4f, 0x3d, 0xf1, 0x39, 0xc0, 0xfd, 0x21, 0xfb, 0x22, 0x13, 0xf7,
  0x27, 0xf8, 0x0a, 0xa8, 0x81, 0x4f, 0xe8, 0xc3, 0x4d, 0x1b, 0x53, 0x2f,
  0xea, 0x05, 0xde, 0xea, 0xb7, 0x14, 0x67, 0xdd, 0x12, 0x03, 0x03, 0xfa,
  0xdc, 0x39, 0x1e, 0xec, 0xef, 0x22, 0x59, 0x12, 0xb1, 0xfc, 0x1d, 0x0a,
  0xd2, 0xd2, 0xe3, 0x32, 0xd3, 0xbf, 0xdd, 0x24, 0xfb, 0xe0, 0xe5, 0xe6,
  0xc4, 0xda, 0xfe, 0x3c, 0x09, 0x60, 0x04, 0xe9, 0x17, 0xe5, 0xc7, 0x18,
  0x49, 0x28, 0x17, 0xd7, 0xec, 0xca, 0xd8, 0x81, 0xb8, 0x16, 0xde, 0xb9,
  0x22, 0x21, 0x25, 0x01, 0x05, 0x00, 0x06, 0xe4, 0x25, 0xd4, 0xe9, 0x23,
  0x18, 0x1f, 0x04, 0x7f, 0xfb, 0xc6, 0x2f, 0xda, 0xb9, 0x02, 0x19, 0x18,
  0x1e, 0xb5, 0xb6, 0xf8, 0x3c, 0xf3, 0x1f, 0x04, 0x14, 0xe8, 0xf8, 0x50,
  0x6d, 0xbd, 0x30, 0x07, 0xef, 0x0b, 0x0b, 0x14, 0x00, 0xe6, 0x04, 0xe9,
  0x38, 0xec, 0x08, 0x41, 0x14, 0xec, 0x06, 0x34, 0xe9, 0x3e, 0xe3, 0xb5,
  0x5c, 0x2f, 0xfb, 0xcf, 0x75, 0xef, 0xe9, 0xf8, 0xf7, 0x03, 0x30, 0xf9,
  0x9c, 0xfb, 0x7f, 0xe9, 0xf2, 0xf4, 0x21, 0xe0, 0xe6, 0x00, 0xfb, 0xf6,
  0x04, 0x10, 0x4e, 0x5e, 0xb9, 0xf4, 0xd9, 0x43, 0x09, 0xc4, 0x11, 0x62,
  0xe2, 0x9c, 0xf5, 0x48, 0x18, 0xc1, 0xf0, 0xbc, 0x25, 0x2b, 0xe4, 0x11,
  0x23, 0x55, 0xee, 0xce, 0x1d, 0xe7, 0xbc, 0x57, 0x44, 0x40, 0xa4, 0xe0,
  0xf2, 0xaa, 0xb7, 0xed, 0x1a, 0x33, 0xcd, 0xd6, 0x3d, 0x36, 0x00, 0xfe,
  0x16, 0x22, 0x81, 0xc6, 0xc0, 0x23, 0x44, 0xfb, 0x0f, 0xe8, 0x14, 0x99,
  0xf9, 0x2c, 0xfc, 0xb2, 0x03, 0x02, 0x23, 0xd1, 0xd9, 0xf1, 0x2e, 0xe1,
  0x27, 0xf8, 0xf7, 0x11, 0xc5, 0x04, 0xd3, 0xe0, 0xa8, 0xf3, 0x10, 0xf0,
  0xf8, 0xdf, 0xf2, 0xf5, 0x24, 0x43, 0xf8, 0x33, 0xfd, 0xd3, 0xa3, 0xe0,
  0x13, 0x53, 0xc8, 0xea, 0x2c, 0xd4, 0x56, 0x53, 0xe0, 0x27, 0xea, 0xbe,
  0x43, 0x19, 0x22, 0xe8, 0xe5, 0x54, 0x04, 0x1b, 0xc5, 0x26, 0x24, 0xfc,
  0x0e, 0x0a, 0xce, 0x08, 0x66, 0xf4, 0x83, 0xec, 0x3e, 0xf8, 0x20, 0xb4,
  0xc4, 0x10, 0x24, 0x05, 0xe3, 0xe8, 0xe8, 0x11, 0xe6, 0x14, 0xf0, 0xd1,
  0x15, 0xbd, 0x3f, 0xeb, 0x23, 0xf3, 0x0a, 0xe8, 0xee, 0xa8, 0x1e, 0xe5,
  0x0a, 0x60, 0xcf, 0x7f, 0xd4, 0xc5, 0xfc, 0xe6, 0xe3, 0xe8, 0x1c, 0x05,
  0x1d, 0xf1, 0x0d, 0x1a, 0xe9, 0xec, 0xd9, 0xe8, 0x23, 0x3c, 0xca, 0xfb,
  0xdc, 0x13, 0x0f, 0x27, 0x2d, 0x01, 0xe3, 0x39, 0x31, 0xfa, 0xe7, 0xc2,
  0x18, 0x02, 0x49, 0xd9, 0xee, 0xf4, 0x0e, 0xec, 0x1f, 0xf5, 0x2f, 0x2a,
  0xd1, 0x07, 0x0c, 0xec, 0xd8, 0xed, 0xe6, 0xe7, 0x02, 0xcf, 0xed, 0xfa,
  0x2a, 0x00, 0x24, 0x01, 0x0c, 0xea, 0x81, 0xc3, 0xfa, 0x32, 0x03, 0xf8,
  0xfa, 0xf2, 0x18, 0x21, 0x05, 0x26, 0xd8, 0xee, 0x3f, 0x18, 0x26, 0x1d,
  0xa0, 0x37, 0xf1, 0xdd, 0xd8, 0x27, 0x09, 0xc9, 0xbc, 0xc9, 0x0b, 0x05,
  0xf9, 0x66, 0xe3, 0x06, 0x37, 0xa8, 0x14, 0xa2, 0xcf, 0x12, 0x01, 0xf7,
  0xe8, 0x81, 0x04, 0x52, 0xe1, 0xf3, 0x33, 0xf5, 0x18, 0xf0, 0xe6, 0xec,
  0xef, 0xf2, 0x35, 0x55, 0x3e, 0xeb, 0xf6, 0xcd, 0xf1, 0xeb, 0x1d, 0xcf,
  0x10, 0xd1, 0xf9, 0x3b, 0x2d, 0xf0, 0x55, 0x3d, 0x0a, 0x2a, 0x00, 0x54,
  0x32, 0xb8, 0xf2, 0x38, 0xee, 0x16, 0xf2, 0xcb, 0xd5, 0x07, 0xea, 0x10,
  0xf3, 0xdd, 0xf9, 0x15, 0x22, 0xe1, 0xeb, 0xe2, 0xf4, 0xee, 0x68, 0xbd,
  0x33, 0x08, 0xe2, 0x33, 0x39, 0xf5, 0x1a, 0xce, 0xc1, 0x24, 0xdf, 0xdb,
  0x09, 0x81, 0x26, 0xc5, 0x35, 0xe9, 0x09, 0x2e, 0x25, 0xd6, 0xee, 0xf4,
  0x10, 0xce, 0xc8, 0x16, 0x18, 0x4f, 0xad, 0xcf, 0xd7, 0x1d, 0xce, 0x54,
  0x03, 0x35, 0xf9, 0xa1, 0x6d, 0x33, 0x06, 0xdd, 0xc1, 0xfb, 0x0b, 0x06,
  0x2b, 0x4f, 0xc1, 0xf8, 0xda, 0xf8, 0x2a, 0x14, 0x18, 0x71, 0xde, 0x18,
  0x4d, 0xf1, 0xeb, 0x81, 0x0c, 0x35, 0x05, 0xe7, 0x9e, 0xec, 0xc5, 0xf8,
  0x07, 0xed, 0x63, 0x6a, 0x0d, 0x1c, 0xfc, 0x2c, 0xeb, 0x2a, 0x56, 0xf5,
  0xdd, 0x34, 0xeb, 0xd5, 0xef, 0x0a, 0xc3, 0xf4, 0x9c, 0xa7, 0xd7, 0x0a,
  0x40, 0xee, 0x6d, 0x2c, 0xf0, 0xdf, 0x35, 0x13, 0xf4, 0xc0, 0x49, 0x1c,
  0xff, 0xd9, 0xc4, 0xdf, 0xee, 0xc8, 0x16, 0x0f, 0x35, 0xfb, 0xd2, 0xd5,
  0x1b, 0x07, 0xbf, 0x32, 0x23, 0xe3, 0xfb, 0x7f, 0x52, 0x00, 0xcf, 0xd9,
  0x38, 0x01, 0x21, 0x37, 0x19, 0x17, 0xcb, 0x3c, 0x22, 0xf2, 0xf9, 0x29,
  0x22, 0x13, 0x10, 0x20, 0xae, 0xf8, 0xd6, 0xa8, 0x13, 0xe9, 0xf6, 0x00,
  0x03, 0xe5, 0xc6, 0x25, 0xfe, 0x1e, 0xcd, 0x93, 0x5d, 0xfa, 0x01, 0xd0,
  0xc3, 0x14, 0xfa, 0xf9, 0x21, 0x30, 0x18, 0x0a, 0x3d, 0xc7, 0x10, 0x34,
  0xe2, 0x38, 0xf7, 0x56, 0xca, 0x0b, 0xe5, 0x04, 0x28, 0x05, 0xfc, 0xfe,
  0xf4, 0xc3, 0xe8, 0xab, 0x81, 0xee, 0x10, 0xee, 0x02, 0xea, 0x7b, 0xf0,
  0xf5, 0x25, 0xef, 0x3a, 0xf0, 0xf7, 0x0d, 0xb8, 0xd3, 0x25, 0xd1, 0xed,
  0xf9, 0xd7, 0x01, 0xad, 0x0b, 0x4c, 0x07, 0x05, 0xf6, 0xdd, 0xe2, 0x0f,
  0x25, 0xe6, 0x30, 0x03, 0x25, 0xee, 0x0f, 0x0d, 0xdc, 0x0c, 0xc2, 0xc1,
  0xd1, 0x1e, 0x54, 0xfc, 0x1a, 0xf9, 0x01, 0x20, 0xf5, 0xec, 0x2f, 0xc2,
  0x19, 0xea, 0x7f, 0x31, 0xf0, 0x69, 0xdf, 0xf1, 0x1f, 0xbe, 0x30, 0x1e,
  0xe4, 0xfa, 0xd2, 0x06, 0x42, 0xc5, 0xf0, 0xd7, 0xe5, 0x10, 0xee, 0x13,
  0xec, 0xc9, 0x17, 0x08, 0x27, 0xcc, 0xe2, 0x22, 0x42, 0x51, 0xce, 0xf3,
  0xed, 0xeb, 0x08, 0x23, 0x2f, 0x2f, 0xf0, 0xcd, 0x7b, 0x4e, 0x44, 0x08,
  0x4e, 0xcb, 0x43, 0x3f, 0xc2, 0x03, 0x1b, 0xee, 0xd8, 0x1a, 0x1f, 0xb0,
  0x56, 0xef, 0x30, 0x25, 0xe8, 0x34, 0xb2, 0xcf, 0x05, 0x64, 0xfd, 0xf8,
  0xf2, 0x06, 0x19, 0xe5, 0x50, 0x50, 0xb4, 0xbb, 0x0c, 0x40, 0xac, 0xf6,
  0x64, 0x39, 0x2a, 0x24, 0x18, 0x12, 0x2d, 0xc2, 0xf3, 0x7f, 0x1b, 0xe8,
  0xa2, 0xee, 0x16, 0x34, 0xd7, 0xbe, 0xf4, 0xdc, 0x78, 0xed, 0xf4, 0x4a,
  0x2a, 0x14, 0x38, 0x11, 0x2c, 0xf7, 0xdc, 0xd2, 0xae, 0xe8, 0x13, 0x47,
  0x46, 0x3c, 0xb6, 0xbd, 0x11, 0xde, 0xd0, 0x0b, 0x1f, 0x54, 0x15, 0x7a,
  0x35, 0x11, 0x95, 0xdf, 0x7f, 0xc9, 0x16, 0xdf, 0x2c, 0xef, 0xd1, 0x2b,
  0x0b, 0x25, 0xd8, 0xe6, 0x39, 0xf1, 0x14, 0xdf, 0xfe, 0x32, 0xc2, 0xad,
  0xfa, 0xb8, 0xd9, 0x46, 0xf1, 0xb2, 0xab, 0xf6, 0x06, 0xd6, 0x15, 0xcc,
  0xe9, 0x0d, 0xca, 0xca, 0xf1, 0x30, 0xfa, 0x13, 0x53, 0xfa, 0x20, 0x06,
  0xf9, 0xfc, 0xe7, 0xc0, 0x28, 0x08, 0x06, 0xe2, 0x17, 0x0b, 0x33, 0x32,
  0xd6, 0x5b, 0x7f, 0x9c, 0xef, 0x19, 0x3f, 0xd8, 0xf5, 0xc3, 0xf0, 0x3a,
  0x2a, 0xeb, 0x7a, 0x55, 0x43, 0x10, 0x30, 0x07, 0x0b, 0x26, 0x04, 0x3b,
  0xf8, 0xad, 0x1e, 0xb8, 0xdd, 0x14, 0x01, 0x10, 0xbd, 0x25, 0x36, 0x49,
  0xb2, 0x11, 0xd5, 0x15, 0x96, 0x13, 0x26, 0x54, 0x1f, 0xf9, 0xc2, 0x1e,
  0xb9, 0xfb, 0x2d, 0x70, 0xf5, 0x0a, 0xf7, 0x98, 0x27, 0x17, 0x12, 0xcb,
  0x4f, 0xd1, 0xe4, 0x19, 0xed, 0x23, 0xde, 0x7f, 0xcb, 0x0c, 0xfa, 0x1c,
  0x3e, 0xda, 0x1c, 0x0b, 0x12, 0x18, 0x2d, 0xf7, 0x01, 0x12, 0xc6, 0x28,
  0xd5, 0x29, 0x04, 0xd3, 0x41, 0x22, 0xfb, 0x1f, 0x2d, 0xe4, 0xd9, 0x67,
  0x0d, 0xee, 0x23, 0x3d, 0xeb, 0xec, 0xea, 0xfa, 0x95, 0x1b, 0x19, 0xf9,
  0xd9, 0xed, 0x3f, 0xe3, 0x81, 0x1b, 0xc2, 0xfe, 0xea, 0xdd, 0x03, 0xee,
  0x28, 0x05, 0x16, 0x85, 0x0a, 0x27, 0x00, 0xd3, 0xe9, 0x08, 0x2a, 0x52,
  0xec, 0xc8, 0xc4, 0x38, 0x3b, 0x0c, 0xd3, 0x1e, 0x10, 0xf7, 0x1a, 0x1a,
  0xf0, 0x1f, 0xfb, 0x0a, 0xee, 0xdd, 0x19, 0xfd, 0x08, 0x29, 0x04, 0x2d,
  0xd9, 0x05, 0x02, 0xfb, 0x17, 0xd8, 0xf2, 0xeb, 0x01, 0x20, 0x0c, 0xc9,
  0xbd, 0x1b, 0x00, 0x06, 0xf8, 0x06, 0x36, 0xed, 0x6d, 0x81, 0xab, 0x50,
  0xed, 0x14, 0x34, 0x08, 0xd3, 0xb8, 0x3f, 0xe8, 0xdf, 0xf7, 0x33, 0x18,
  0x07, 0xd8, 0x9a, 0xa4, 0x33, 0x04, 0x27, 0x17, 0x12, 0x40, 0x5f, 0xa7,
  0x30, 0x74, 0x86, 0xf1, 0x06, 0xbf, 0xc8, 0xdf, 0xde, 0x29, 0x98, 0x1d,
  0x12, 0x43, 0x47, 0xa4, 0x24, 0x2a, 0xc0, 0x1d, 0xc3, 0xef, 0x17, 0x01,
  0xcd, 0xc7, 0x14, 0x0a, 0xfc, 0x23, 0xee, 0xe5, 0x64, 0x21, 0x2f, 0x01,
  0xcb, 0xca, 0x1e, 0x1e, 0x18, 0x57, 0x27, 0xde, 0xd8, 0x9e, 0x29, 0xe3,
  0xd2, 0x35, 0x39, 0x0e, 0x08, 0xc5, 0xfe, 0xa8, 0xe4, 0xee, 0xfb, 0x3a,
  0x0b, 0x2a, 0xb8, 0x81, 0xfd, 0x3d, 0x23, 0x46, 0x3f, 0x30, 0x01, 0xce,
  0xe8, 0x1e, 0xd9, 0x1f, 0x4d, 0xb0, 0x3d, 0xb4, 0x42, 0x26, 0x05, 0x1c,
  0xb8, 0xe7, 0x3c, 0x26, 0x12, 0xff, 0x60, 0xfa, 0xed, 0xe4, 0xbe, 0xec,
  0xd4, 0xe2, 0x3e, 0x0d, 0xea, 0x18, 0x34, 0xf6, 0x23, 0xd5, 0xf3, 0x14,
  0x1d, 0x45, 0xe6, 0xe8, 0xfa, 0x13, 0x0c, 0xe7, 0x17, 0x25, 0x19, 0x64,
  0x08, 0xae, 0x4e, 0xc6, 0xf3, 0xe2, 0x07, 0xf9, 0xde, 0x27, 0x32, 0x35,
  0xdb, 0xe4, 0xf6, 0x28, 0xd6, 0x9a, 0xcd, 0x22, 0xf5, 0x61, 0xbe, 0x36,
  0x34, 0xf0, 0xe4, 0x39, 0x14, 0xf7, 0x17, 0x1a, 0xf1, 0x15, 0xbd, 0x27,
  0xdb, 0x81, 0x17, 0xbe, 0x2c, 0x17, 0x1a, 0xbf, 0x2e, 0x12, 0xb8, 0xf5,
  0xc6, 0xfd, 0x57, 0x1f, 0xe8, 0x4c, 0xe5, 0x06, 0x06, 0xfc, 0xf5, 0xf1,
  0x1c, 0xed, 0x7f, 0xdd, 0xa0, 0xfd, 0xf4, 0x07, 0x32, 0xc9, 0xf0, 0x3b,
  0xb6, 0xfd, 0xc2, 0xc7, 0xdd, 0xda, 0x3b, 0xc8, 0xa2, 0xca, 0x29, 0xfa,
  0x1a, 0x1d, 0xed, 0xdc, 0x24, 0xfa, 0xc2, 0x3c, 0xed, 0x21, 0x96, 0xd0,
  0xcf, 0x09, 0x49, 0x2c, 0x07, 0x00, 0x0c, 0xc7, 0x1f, 0x29, 0x28, 0xe4,
  0xf6, 0xee, 0x03, 0x02, 0x04, 0xed, 0x36, 0x1b, 0x08, 0xed, 0x1d, 0x67,
  0x78, 0xec, 0x09, 0xe8, 0x20, 0x37, 0x44, 0x37, 0x32, 0x54, 0xd8, 0x0f,
  0x05, 0x14, 0x21, 0xb0, 0xda, 0x07, 0x71, 0x05, 0x54, 0xfa, 0x4f, 0x17,
  0x5c, 0x22, 0xf6, 0xde, 0xf9, 0xb3, 0xe5, 0xea, 0x18, 0xec, 0xf7, 0xa0,
  0x11, 0x71, 0xd2, 0xfa, 0xfa, 0xf4, 0xa8, 0x00, 0x4b, 0xcf, 0xe2, 0x81,
  0x42, 0xee, 0x99, 0x52, 0xec, 0x0a, 0x04, 0xfe, 0xde, 0x45, 0x22, 0xd8,
  0x00, 0xbf, 0x02, 0x3c, 0x15, 0x29, 0x0d, 0xd6, 0x15, 0x11, 0xf7, 0x12,
  0x09, 0xf8, 0x2c, 0x0c, 0xbf, 0xc8, 0x10, 0x3e, 0xff, 0xda, 0x21, 0x09,
  0xfc, 0xe2, 0xd7, 0xfd, 0x12, 0xf3, 0xea, 0x2d, 0xea, 0x0e, 0x0c, 0xf0,
  0x1a, 0xd0, 0x00, 0x26, 0x1a, 0xfa, 0xd3, 0xdf, 0xd4, 0x81, 0xd9, 0x09,
  0x9d, 0xf0, 0x18, 0xd6, 0x68, 0x0f, 0xe5, 0x0e, 0xbd, 0x5c, 0x16, 0x2a,
  0xaf, 0x67, 0xe6, 0xea, 0x24, 0xed, 0x88, 0xd8, 0x48, 0x30, 0xbb, 0xcc,
  0x52, 0x20, 0xe1, 0xaf, 0xcd, 0xca, 0x10, 0xec, 0xb1, 0xec, 0xcc, 0xde,
  0xc3, 0xde, 0x2f, 0xdb, 0xe2, 0xd3, 0x2c, 0xd2, 0xe6, 0xeb, 0xf7, 0xc1,
  0xcb, 0xe3, 0x35, 0xf5, 0x1d, 0x7f, 0x09, 0x72, 0xdc, 0xdc, 0x14, 0xcf,
  0x4e, 0x07, 0x35, 0x9e, 0xfd, 0xf0, 0x0d, 0xba, 0x13, 0xdd, 0xbc, 0xd2,
  0xf4, 0xc6, 0xc2, 0x42, 0xd8, 0x05, 0x1e, 0x26, 0x38, 0xc3, 0xd7, 0x39,
  0x20, 0x12, 0xe2, 0x1b, 0x22, 0xdb, 0xfb, 0xae, 0xa4, 0x07, 0x39, 0x4d,
  0xdb, 0x28, 0xf3, 0x26, 0x10, 0x18, 0x11, 0x21, 0x41, 0x2a, 0x15, 0x14,
  0x19, 0xc3, 0xdf, 0xce, 0xe7, 0xf4, 0x0a, 0xf6, 0xc2, 0x67, 0xa3, 0x0e,
  0xe2, 0x1d, 0x7f, 0x27, 0x18, 0xf7, 0x0c, 0xcb, 0xc6, 0x0e, 0xe4, 0x22,
  0xd3, 0xea, 0x25, 0x1b, 0xd5, 0x0d, 0xd5, 0x0d, 0xe0, 0xdb, 0xc8, 0x35,
  0x31, 0x0b, 0x10, 0x14, 0x0b, 0xd3, 0x28, 0x32, 0xeb, 0x2c, 0x10, 0x2b,
  0x63, 0xe8, 0xe2, 0xc7, 0x19, 0xfb, 0x3a, 0xfd, 0xda, 0xfc, 0x27, 0x55,
  0x4c, 0xc9, 0x4e, 0xe8, 0xd4, 0x07, 0xf4, 0xf0, 0xc9, 0x27, 0x32, 0x27,
  0xed, 0xb7, 0x11, 0x4b, 0x46, 0x2f, 0xa2, 0x08, 0xec, 0x37, 0xde, 0xf1,
  0x1a, 0x33, 0xd1, 0xd7, 0x7f, 0xf9, 0xe7, 0x1a, 0x1c, 0xdc, 0xee, 0x7f,
  0x31, 0x58, 0x44, 0x3d, 0xfe, 0x40, 0x3a, 0xae, 0xbb, 0xeb, 0xf1, 0x2b,
  0xeb, 0xd3, 0x2b, 0x02, 0x5c, 0x8a, 0x0e, 0x26, 0xce, 0x4c, 0x9e, 0x7a,
  0xdb, 0xd8, 0x5b, 0xd8, 0x12, 0xff, 0x43, 0x1b, 0x2c, 0xba, 0x03, 0x24,
  0xea, 0xea, 0xa8, 0x5b, 0x13, 0x14, 0xbf, 0x69, 0x46, 0x67, 0x16, 0xf7,
  0xe3, 0x30, 0xd8, 0xfb, 0xb3, 0xa9, 0x28, 0x37, 0xe5, 0xc1, 0xc5, 0x92,
  0xbe, 0x29, 0xf8, 0x40, 0xd5, 0x3f, 0x28, 0x0d, 0x20, 0xf8, 0x16, 0xec,
  0x0c, 0x37, 0x3c, 0x19, 0x3f, 0xf0, 0xd4, 0xe2, 0xba, 0xff, 0xad, 0x25,
  0xb9, 0x17, 0x1a, 0xdf, 0x0c, 0xe9, 0x0a, 0x0a, 0xe3, 0xf3, 0xeb, 0xd8,
  0xdb, 0x0e, 0x15, 0x29, 0x3a, 0x7f, 0xec, 0xb4, 0x07, 0xe1, 0x24, 0xe7,
  0x54, 0x4d, 0xd2, 0xf0, 0x11, 0x51, 0xf4, 0xf4, 0x0d, 0x10, 0xe8, 0xb0,
  0x40, 0xf8, 0x3a, 0xfe, 0x13, 0xc5, 0x8d, 0x15, 0x0c, 0x08, 0x27, 0x0a,
  0x26, 0xf4, 0xd1, 0xec, 0x39, 0xcf, 0x10, 0x59, 0x57, 0x4d, 0x0a, 0xe1,
  0xfa, 0x63, 0x24, 0x35, 0x0a, 0x51, 0xc9, 0x03, 0x08, 0x2a, 0xd3, 0xe6,
  0x27, 0xd3, 0x0f, 0xfb, 0xe3, 0xd9, 0x19, 0xc7, 0x1e, 0xf1, 0x36, 0xdb,
  0x94, 0x42, 0x81, 0xb2, 0xef, 0xe2, 0xb0, 0xf8, 0xf3, 0xb9, 0x1f, 0x23,
  0x11, 0xf8, 0xfb, 0xf4, 0x0d, 0xf4, 0x49, 0x0d, 0x32, 0xe9, 0xc0, 0xb9,
  0xdc, 0xe5, 0xe0, 0x27, 0x13, 0x30, 0xea, 0x34, 0x48, 0xf5, 0x12, 0x0b,
  0x2c, 0x02, 0x01, 0x56, 0x26, 0xde, 0x0d, 0xd5, 0x4c, 0xfa, 0x10, 0x5f,
  0x1c, 0x09, 0xd4, 0xf1, 0x38, 0x12, 0x15, 0xe5, 0x20, 0xe0, 0xda, 0x24,
  0x81, 0xd2, 0x04, 0xc6, 0x16, 0xc9, 0xdf, 0xfb, 0x0a, 0xca, 0xaf, 0xef,
  0xed, 0xfc, 0xd4, 0x8b, 0x4b, 0xdf, 0x0a, 0xc1, 0xf5, 0x13, 0xf4, 0x1b,
  0xb6, 0xed, 0xd5, 0x3e, 0xa8, 0x5e, 0x38, 0x1c, 0x2d, 0xce, 0xbb, 0x36,
  0x04, 0x09, 0x16, 0xf6, 0x55, 0x35, 0x0e, 0x81, 0xac, 0x26, 0x33, 0x2f,
  0xbd, 0xff, 0xf7, 0xe1, 0x10, 0x35, 0x1b, 0x00, 0x0f, 0xc6, 0x4b, 0xfb,
  0xcb, 0xf6, 0xda, 0x3a, 0x0f, 0xfe, 0x39, 0xd0, 0xf0, 0x5d, 0xf2, 0x74,
  0xd8, 0xf2, 0x4a, 0xda, 0xf7, 0x14, 0xee, 0xc4, 0x02, 0x1d, 0xd6, 0x04,
  0x0e, 0xe8, 0xfc, 0x0e, 0xf5, 0xdd, 0x1e, 0xc0, 0x08, 0x66, 0x02, 0xe4,
  0xb7, 0xec, 0x27, 0xc0, 0xe7, 0x17, 0xa9, 0x21, 0xd5, 0x2a, 0x06, 0xc8,
  0xee, 0xf5, 0x21, 0x7f, 0x93, 0x22, 0xca, 0x0f, 0x1f, 0xd4, 0x1a, 0x0b,
  0x19, 0x11, 0xd1, 0x45, 0x2e, 0x23, 0x24, 0x7a, 0x36, 0x29, 0xe3, 0x32,
  0x2e, 0xf6, 0xa3, 0xe3, 0x02, 0x0b, 0x28, 0x2a, 0xfd, 0xc6, 0xbc, 0x21,
  0x45, 0x20, 0xf8, 0xe8, 0x04, 0xa8, 0x3d, 0xfb, 0xce, 0x03, 0xe2, 0x08,
  0x27, 0x03, 0xd7, 0xd0, 0xf2, 0x29, 0x0e, 0xad, 0xe9, 0x00, 0xf5, 0xf6,
  0x81, 0x02, 0x2c, 0x13, 0xcf, 0xe4, 0xcc, 0x1c, 0x37, 0x03, 0xdf, 0x3c,
  0x2d, 0x08, 0x13, 0x05, 0x11, 0xe3, 0x44, 0xff, 0xec, 0x2f, 0xf2, 0x31,
  0xfb, 0x3a, 0xdd, 0x20, 0xe8, 0xd3, 0x0a, 0x1c, 0xff, 0xfc, 0x1f, 0x53,
  0x3d, 0x03, 0xb6, 0xea, 0x1c, 0x18, 0xda, 0x15, 0xec, 0x09, 0xf7, 0xdd,
  0xc5, 0x0f, 0x81, 0x30, 0x9d, 0x0f, 0x17, 0xf8, 0x00, 0xc4, 0xac, 0xe7,
  0x6a, 0xf1, 0xf6, 0xfb, 0x70, 0x30, 0xfb, 0xdd, 0x9b, 0x1d, 0x1b, 0x4e,
  0x3a, 0x01, 0xf7, 0x49, 0xf5, 0x50, 0x04, 0xd4, 0xe6, 0xb3, 0x21, 0xc6,
  0x05, 0x06, 0x50, 0xc5, 0xbc, 0xea, 0xf1, 0xf0, 0xed, 0x31, 0xe2, 0xb1,
  0xe1, 0xdb, 0xd3, 0xdb, 0xff, 0xf6, 0xf9, 0x27, 0x05, 0x47, 0xf0, 0x55,
  0x35, 0x42, 0x32, 0x13, 0xd3, 0x9f, 0xd2, 0x27, 0x01, 0x5b, 0x23, 0x1f,
  0x37, 0xe7, 0xdf, 0xf5, 0x54, 0xfc, 0x73, 0x05, 0x7f, 0x00, 0x27, 0xb4,
  0xba, 0x63, 0x18, 0x41, 0xfe, 0x2a, 0xed, 0xe9, 0x0f, 0x27, 0xe0, 0x07,
  0x41, 0xc3, 0xd7, 0xc8, 0x3e, 0xbd, 0x00, 0xfb, 0xfd, 0x0c, 0x09, 0x39,
  0xd1, 0x40, 0xc2, 0xbb, 0x99, 0x08, 0x00, 0xe9, 0xec, 0x9c, 0x30, 0x28,
  0xd9, 0xe8, 0xc2, 0x36, 0x0f, 0xf8, 0x69, 0x05, 0x27, 0xa0, 0x81, 0x3e,
  0xd7, 0x06, 0x09, 0xfb, 0xe1, 0xe6, 0xdc, 0xa5, 0x39, 0xe9, 0x22, 0x18,
  0x20, 0xeb, 0xda, 0xfc, 0xf2, 0x0c, 0x30, 0x30, 0x21, 0xef, 0x0f, 0xe4,
  0x38, 0x69, 0x8a, 0xdc, 0xd9, 0xb3, 0x27, 0xfb, 0xdb, 0x09, 0xcb, 0x4a,
  0xdb, 0xe5, 0x37, 0xf7, 0xec, 0x1d, 0x8c, 0xe1, 0xba, 0x31, 0x18, 0x08,
  0xc2, 0xf4, 0x49, 0x16, 0x34, 0x08, 0x0a, 0x0b, 0x1d, 0x2e, 0x1f, 0xee,
  0xe8, 0x05, 0x81, 0x1d, 0xa4, 0x2f, 0x32, 0xe5, 0xd1, 0x19, 0xb7, 0xec,
  0x2e, 0xf5, 0xe5, 0xdf, 0x1d, 0x15, 0x02, 0xb8, 0xf5, 0xcd, 0xfd, 0x15,
  0x02, 0xed, 0xf5, 0x01, 0xd8, 0xfd, 0xdf, 0xd5, 0xf0, 0xc5, 0x37, 0xeb,
  0x0f, 0x2c, 0x05, 0xec, 0xe1, 0xe8, 0x25, 0x05, 0x16, 0x12, 0xd3, 0xf0,
  0xe0, 0x05, 0xaf, 0xcb, 0x03, 0xd5, 0xea, 0x0b, 0x39, 0x0e, 0xf9, 0xf4,
  0x26, 0x01, 0x25, 0xc8, 0x27, 0x0f, 0xd3, 0x01, 0xc3, 0x3e, 0x01, 0x06,
  0xda, 0xef, 0xf9, 0x05, 0x1f, 0x36, 0xe7, 0xc2, 0x61, 0xa8, 0x0c, 0xee,
  0x99, 0x32, 0x07, 0xf4, 0xe7, 0xdf, 0x14, 0x07, 0xe3, 0xea, 0xdb, 0xc4,
  0xdd, 0xd9, 0xf7, 0xb9, 0x0b, 0xcd, 0x27, 0xf7, 0xcb, 0xfa, 0xee, 0xef,
  0x2f, 0x15, 0xdc, 0x19, 0xfa, 0x11, 0xd7, 0xf0, 0xfd, 0xec, 0x7f, 0x02,
  0xf4, 0x22, 0xe0, 0xde, 0xe4, 0x14, 0x18, 0x11, 0xfb, 0xbe, 0x09, 0xe8,
  0xdb, 0x15, 0xeb, 0xba, 0xb3, 0xb8, 0xef, 0xd1, 0xe8, 0x05, 0xf6, 0x37,
  0xe1, 0xac, 0xc5, 0x8c, 0x0c, 0x14, 0x06, 0x1a, 0xd5, 0x37, 0xce, 0x81,
  0x66, 0x14, 0xd8, 0x11, 0x05, 0x10, 0xcd, 0x0d, 0xe3, 0xf0, 0xfc, 0x0d,
  0x2c, 0x07, 0xff, 0xab, 0xca, 0x3d, 0x50, 0xe6, 0xeb, 0xce, 0x3e, 0x16,
  0xe5, 0xe7, 0xd7, 0x67, 0x16, 0xe7, 0xe3, 0x3a, 0x43, 0xf0, 0x2c, 0x21,
  0x20, 0xf9, 0xbc, 0x2c, 0xf4, 0xe5, 0xe6, 0x0f, 0x34, 0x05, 0xf4, 0x1a,
  0x1b, 0x0c, 0xc1, 0x0c, 0x01, 0xe8, 0x0a, 0x7f, 0x36, 0x03, 0xe4, 0xed,
  0x09, 0x2a, 0x21, 0x54, 0x2a, 0x1a, 0xcb, 0x44, 0x2e, 0x0d, 0x44, 0x21,
  0x00, 0x22, 0x1d, 0x10, 0xba, 0xd1, 0xeb, 0xdb, 0xfb, 0xe1, 0xd1, 0x54,
  0xc7, 0xf5, 0xc5, 0x22, 0xe8, 0x1c, 0x86, 0x98, 0x32, 0xd8, 0x11, 0xdc,
  0xd0, 0x0d, 0xf6, 0x0f, 0xd3, 0xfd, 0xad, 0x0f, 0xfa, 0xf0, 0x2c, 0x00,
  0x25, 0x09, 0xa9, 0x02, 0x4e, 0x05, 0x08, 0x08, 0xf7, 0x1a, 0x1a, 0xb3,
  0xb9, 0xee, 0x2a, 0x1b, 0xf9, 0x2d, 0xf5, 0x10, 0xb5, 0x36, 0x14, 0xa3,
  0x2b, 0xf0, 0xe9, 0xfb, 0xf9, 0x00, 0x18, 0xd1, 0xf9, 0xf1, 0xf1, 0x27,
  0xed, 0x1c, 0x0b, 0x02, 0x4f, 0x1a, 0xe1, 0xb5, 0xc0, 0xf5, 0x98, 0xfe,
  0x2a, 0xd2, 0xfd, 0xea, 0x7f, 0x41, 0x00, 0xe9, 0xd8, 0xe6, 0x2e, 0xe7,
  0x89, 0xee, 0x5d, 0x92, 0xac, 0xf3, 0xcf, 0x81, 0x36, 0xf3, 0xd9, 0x1a,
  0x31, 0xfd, 0xb5, 0x21, 0xda, 0xf6, 0x4e, 0x3e, 0xef, 0xa4, 0x13, 0x01,
  0xb0, 0xa5, 0x0b, 0x02, 0x31, 0x27, 0xb2, 0x33, 0xfe, 0x0a, 0x0b, 0x24,
  0x2e, 0xc6, 0x2f, 0x3c, 0x19, 0xa7, 0x08, 0xab, 0x25, 0xec, 0xef, 0x1d,
  0x22, 0xf0, 0x17, 0x2d, 0x1d, 0xbb, 0xea, 0xeb, 0x15, 0x28, 0xca, 0xd0,
  0xce, 0x4d, 0xa2, 0x29, 0x84, 0x7b, 0x30, 0x3e, 0x3b, 0xd8, 0x36, 0x2f,
  0xfd, 0xf6, 0x39, 0x43, 0xaa, 0x82, 0x42, 0x38, 0xd9, 0x2e, 0x81, 0x71,
  0xd1, 0x17, 0xeb, 0x4a, 0xc6, 0x0d, 0xc1, 0x5f, 0x2b, 0xe1, 0xf3, 0xd2,
  0x88, 0x5e, 0xad, 0x56, 0x37, 0x8a, 0xba, 0xa2, 0xec, 0x48, 0xd8, 0x44,
  0x4d, 0x4c, 0xea, 0xff, 0xd8, 0x23, 0xa9, 0xe3, 0x50, 0x4a, 0x14, 0xbe,
  0x59, 0xd1, 0x34, 0x00, 0x02, 0xa3, 0xee, 0x27, 0xf6, 0x1a, 0xda, 0xb8,
  0x30, 0x9d, 0x3a, 0xda, 0x45, 0x1a, 0x05, 0x32, 0xe2, 0x92, 0x01, 0x01,
  0xdf, 0x47, 0x05, 0x5d, 0xf5, 0x75, 0x93, 0x21, 0xfb, 0x71, 0x09, 0xdc,
  0xe0, 0xf0, 0xe3, 0x05, 0x01, 0x2c, 0xe7, 0xd7, 0xd4, 0xef, 0x1c, 0x9b,
  0xeb, 0x7f, 0x87, 0xbe, 0x53, 0xf0, 0x34, 0x4b, 0x30, 0xff, 0xe9, 0xf8,
  0xc1, 0x03, 0xda, 0x56, 0xc8, 0x8d, 0x43, 0x54, 0x0a, 0x01, 0x1a, 0xfd,
  0xf4, 0x22, 0x0f, 0xd4, 0xf6, 0xf4, 0xfe, 0xc7, 0x75, 0xdc, 0x8d, 0x0a,
  0x25, 0xf7, 0x1d, 0xb0, 0xf7, 0x1a, 0x7f, 0x00, 0x04, 0xe7, 0xdc, 0x18,
  0xd4, 0xc7, 0x25, 0xcc, 0xb8, 0x11, 0x12, 0x20, 0x20, 0x0d, 0x18, 0x3a,
  0xfd, 0xf5, 0x18, 0xf1, 0xf9, 0x28, 0xd9, 0x6b, 0xf2, 0x2c, 0x49, 0x13,
  0xf5, 0x1c, 0x0d, 0x4a, 0xd7, 0x03, 0x00, 0xe1, 0xff, 0x05, 0xf6, 0xdf,
  0x28, 0xb9, 0xfe, 0xeb, 0x1d, 0x10, 0x04, 0x19, 0xd8, 0xe9, 0x13, 0x09,
  0x0c, 0xf6, 0x1c, 0x31, 0xf2, 0xbf, 0x12, 0xd8, 0x01, 0x13, 0x0e, 0x1d,
  0xd5, 0x3d, 0xea, 0xa5, 0x10, 0xff, 0x05, 0x19, 0x0e, 0x12, 0xc7, 0x2f,
  0x04, 0xf4, 0xdb, 0x0b, 0x49, 0xfd, 0xcd, 0xf3, 0xe6, 0x2a, 0xb4, 0xef,
  0x13, 0x02, 0x24, 0x25, 0x1c, 0xb4, 0xd9, 0x17, 0xf0, 0x0a, 0xf7, 0x21,
  0xfe, 0xd4, 0x7f, 0x09, 0x29, 0xf6, 0xbb, 0xfe, 0xd0, 0xef, 0xce, 0xfd,
  0xbf, 0xc4, 0x9c, 0x0a, 0x27, 0xe8, 0xea, 0xe8, 0x37, 0x13, 0x3e, 0x96,
  0x4a, 0x07, 0xad, 0x97, 0x48, 0xca, 0x0b, 0x7f, 0x3f, 0xfb, 0x07, 0xe1,
  0x12, 0x0b, 0xf9, 0x15, 0x45, 0xfd, 0x0d, 0xd7, 0xcb, 0xcf, 0xf6, 0x54,
  0xf6, 0x01, 0xd8, 0xb5, 0xce, 0xdf, 0x07, 0xf1, 0x1f, 0xec, 0xf2, 0xd2,
  0x6c, 0xe7, 0x33, 0xcd, 0xdc, 0x3a, 0x10, 0xe8, 0xcc, 0x1a, 0x68, 0x11,
  0xc9, 0xc8, 0x02, 0xa8, 0xe0, 0x10, 0xb3, 0xf1, 0x50, 0x56, 0xd6, 0xfe,
  0x1f, 0x0c, 0xab, 0x56, 0x97, 0x26, 0x29, 0x15, 0x4d, 0x9c, 0x2d, 0x17,
  0xec, 0x18, 0xf1, 0xe5, 0xd6, 0x11, 0xff, 0xc4, 0x09, 0x28, 0x19, 0xd9,
  0xdc, 0x3c, 0xdf, 0x17, 0x18, 0xb6, 0xf1, 0x17, 0xf9, 0xfd, 0xc0, 0xf5,
  0x19, 0x04, 0x23, 0x28, 0x89, 0x1f, 0xea, 0xec, 0xf0, 0x7f, 0x3f, 0xd8,
  0x11, 0xbc, 0xff, 0x26, 0x02, 0x0e, 0x0a, 0x26, 0xe4, 0xab, 0x46, 0x1f,
  0x15, 0xef, 0x16, 0x22, 0xe8, 0xc6, 0xfa, 0xb3, 0x04, 0xf4, 0x1b, 0x42,
  0xd5, 0x26, 0xf6, 0xd9, 0x14, 0x20, 0xf9, 0x08, 0x13, 0xe1, 0xab, 0x43,
  0x21, 0x3b, 0xb8, 0x41, 0x30, 0x4f, 0x20, 0xe0, 0x4b, 0x4b, 0x81, 0x0d,
  0xc4, 0xe5, 0x36, 0x1a, 0x01, 0xdf, 0xe0, 0xd3, 0x94, 0x54, 0x15, 0x0f,
  0x0b, 0xdb, 0x74, 0x40, 0xa4, 0x45, 0xd7, 0x09, 0xed, 0x7f, 0x1b, 0x1a,
  0x2a, 0x9b, 0x0b, 0xc2, 0xaf, 0x02, 0x32, 0x1a, 0xee, 0xe7, 0xd0, 0xf5,
  0xf7, 0xde, 0xd5, 0x2a, 0x61, 0xf8, 0x01, 0x9d, 0x1f, 0xfa, 0x05, 0x21,
  0xf8, 0xff, 0x01, 0x32, 0xc1, 0x26, 0x52, 0x32, 0x22, 0x1c, 0x60, 0xaa,
  0xff, 0xf3, 0x02, 0xd1, 0xcb, 0xf7, 0x2d, 0xfe, 0x65, 0xf2, 0x1d, 0x10,
  0x94, 0x3b, 0xea, 0xcc, 0x61, 0xd6, 0x55, 0x58, 0xbf, 0x3f, 0xa1, 0x1f,
  0x81, 0x48, 0x6d, 0xc5, 0x7d, 0xcc, 0x65, 0x23, 0xea, 0x29, 0x4d, 0xfd,
  0x6e, 0xde, 0xe1, 0xeb, 0xd2, 0x08, 0xd3, 0xd4, 0xa3, 0xc7, 0x25, 0xfd,
  0xdb, 0x98, 0xf7, 0x71, 0x1d, 0x08, 0x04, 0xe3, 0xe3, 0xdf, 0xf6, 0x40,
  0x0c, 0x42, 0xfc, 0xb1, 0x0d, 0x17, 0x19, 0x1a, 0x52, 0x61, 0xd8, 0xed,
  0xf1, 0x06, 0x12, 0xfe, 0xcf, 0x18, 0xf0, 0xac, 0x25, 0xe9, 0x32, 0x2d,
  0x51, 0xe9, 0x06, 0x06, 0x1e, 0x0a, 0x00, 0x11, 0x32, 0x14, 0x24, 0x21,
  0xdc, 0xe5, 0xf9, 0x1d, 0xd2, 0x10, 0x55, 0xdd, 0x02, 0xf6, 0x09, 0xfa,
  0xfd, 0xee, 0x10, 0x0e, 0xed, 0x28, 0x44, 0x0d, 0x1b, 0x17, 0xf0, 0xfe,
  0x02, 0x03, 0xee, 0xf0, 0x04, 0xc4, 0xfb, 0x02, 0xf6, 0xfb, 0xf2, 0x12,
  0xf3, 0x32, 0x27, 0x26, 0xc3, 0x09, 0x2b, 0xeb, 0x81, 0x07, 0x08, 0x1a,
  0xe0, 0x1e, 0xcd, 0xfa, 0x2f, 0x03, 0x86, 0xe4, 0x26, 0x78, 0x55, 0x12,
  0x18, 0xe1, 0x9c, 0xd7, 0x1f, 0xfc, 0xf6, 0x29, 0x42, 0x05, 0xf1, 0x81,
  0xb1, 0x66, 0x63, 0x3e, 0x05, 0x57, 0xf4, 0xba, 0xc7, 0x50, 0xdf, 0xe0,
  0x47, 0xd8, 0x2b, 0xde, 0x1f, 0xf2, 0xa1, 0x3e, 0x34, 0x08, 0x05, 0xaf,
  0xe3, 0x3a, 0xf9, 0x88, 0xa2, 0x13, 0xe3, 0xf0, 0xa9, 0xcd, 0x10, 0x07,
  0x19, 0xf2, 0x07, 0xda, 0x40, 0x45, 0x28, 0x0c, 0x63, 0xf7, 0xf4, 0xe6,
  0x03, 0xef, 0x21, 0x3e, 0x19, 0x2a, 0xd7, 0x0f, 0x1c, 0xf9, 0x05, 0x2b,
  0x5a, 0xdc, 0xc9, 0x7b, 0x26, 0x09, 0xb3, 0xbf, 0xf0, 0xc0, 0x37, 0x03,
  0x7f, 0x02, 0xc6, 0x28, 0x20, 0xec, 0xe4, 0xf3, 0x3a, 0x60, 0xc9, 0x23,
  0x05, 0xd1, 0xbb, 0xdc, 0x04, 0x17, 0xf5, 0x42, 0x11, 0xea, 0xc9, 0x3f,
  0xec, 0xdd, 0xde, 0x0c, 0x1d, 0x54, 0x0d, 0x06, 0x0f, 0xd8, 0x1a, 0x3d,
  0x1c, 0xe3, 0x2b, 0x1c, 0x07, 0x0a, 0xff, 0xf7, 0xe8, 0x93, 0xe9, 0xf4,
  0x0b, 0x13, 0x0a, 0x4c, 0xd6, 0xa2, 0xeb, 0xbb, 0x2d, 0x4f, 0x29, 0x23,
  0xd6, 0x44, 0xca, 0x81, 0x13, 0x10, 0xe8, 0xfa, 0x20, 0xfa, 0xd7, 0x05,
  0xaa, 0x02, 0xe5, 0x1b, 0x53, 0xbe, 0x0d, 0xd6, 0xfd, 0x54, 0xba, 0xca,
  0xd1, 0x1d, 0x41, 0x14, 0xc5, 0x8a, 0x07, 0x23, 0xf2, 0x32, 0xe1, 0x30,
  0x0b, 0xdc, 0x6d, 0x25, 0x34, 0xf8, 0xd6, 0xb3, 0xf8, 0xf0, 0x17, 0x3b,
  0xe6, 0x03, 0xf8, 0xf8, 0x58, 0x31, 0x0c, 0xf8, 0xfe, 0xf4, 0xf2, 0x7f,
  0x00, 0x09, 0xc4, 0xcd, 0x11, 0xf2, 0x20, 0x2f, 0x3e, 0xf6, 0xe7, 0x2c,
  0xfd, 0xff, 0xe3, 0x09, 0x3d, 0x10, 0x01, 0x16, 0xd0, 0xd6, 0x20, 0xca,
  0xf5, 0x2f, 0xfc, 0xdc, 0x34, 0xe7, 0x00, 0xce, 0xfe, 0xf0, 0xb8, 0xb7,
  0x38, 0xf6, 0x00, 0xa7, 0xed, 0x28, 0x2e, 0x1f, 0xfe, 0x15, 0x45, 0xf3,
  0x22, 0x16, 0xe4, 0x2a, 0xf9, 0xe9, 0x5e, 0x01, 0xba, 0x96, 0x5e, 0x1f,
  0xdf, 0x2f, 0xff, 0x03, 0x01, 0x39, 0xff, 0x14, 0xe4, 0xf4, 0x43, 0x74,
  0x1f, 0x22, 0x1e, 0xc1, 0x44, 0x01, 0x81, 0x3d, 0x03, 0x3b, 0x46, 0xe6,
  0x0a, 0x9d, 0x1c, 0x3d, 0x13, 0x0c, 0x3f, 0xff, 0xef, 0x43, 0x18, 0xdd,
  0x04, 0x02, 0xed, 0xf8, 0x60, 0x16, 0xc8, 0xfc, 0x39, 0x3b, 0xf5, 0x09,
  0x25, 0x04, 0xed, 0x30, 0xa3, 0x20, 0x04, 0x02, 0xba, 0xd9, 0xf3, 0xc4,
  0xf2, 0x11, 0xd2, 0xf1, 0x36, 0xe9, 0x13, 0xf1, 0xc5, 0x5d, 0xe4, 0x41,
  0x5b, 0xde, 0x2d, 0x4e, 0xff, 0x1c, 0xa8, 0xf0, 0x0a, 0xbd, 0xf2, 0xed,
  0xb0, 0xee, 0xe6, 0x0c, 0x20, 0x1b, 0x54, 0x14, 0x09, 0xfe, 0xf0, 0xee,
  0xbc, 0x23, 0x81, 0xb4, 0xfa, 0x21, 0x17, 0x08, 0x26, 0x19, 0xbb, 0xff,
  0x14, 0x1c, 0xfc, 0xe3, 0xd2, 0x10, 0xe9, 0x81, 0xe9, 0xdb, 0xe6, 0x45,
  0x45, 0xeb, 0xdc, 0x30, 0x09, 0xf7, 0x25, 0xea, 0x0d, 0x17, 0xfd, 0x6a,
  0x01, 0x0a, 0xf9, 0xc7, 0x22, 0x22, 0x12, 0x24, 0x38, 0x08, 0xe7, 0x2e,
  0x44, 0xd1, 0x03, 0x25, 0x2d, 0xe8, 0xe5, 0xde, 0xaa, 0x22, 0x15, 0xbb,
  0x27, 0xe1, 0x06, 0x33, 0x56, 0x18, 0xeb, 0xb8, 0x2f, 0xe5, 0xbe, 0x92,
  0x7f, 0xf0, 0x01, 0xf8, 0xf9, 0x1a, 0xf3, 0x39, 0x76, 0xf3, 0xff, 0xff,
  0x04, 0x00, 0x00, 0x00, 0x00, 0x01, 0x00, 0x00, 0x46, 0x02, 0x00, 0x00,
  0x8b, 0x04, 0x00, 0x00, 0xcb, 0xfc, 0xff, 0xff, 0xc1, 0x04, 0x00, 0x00,
  0xf2, 0xfb, 0xff, 0xff, 0x01, 0xfc, 0xff, 0xff, 0xf5, 0x06, 0x00, 0x00,
  0xf2, 0xfd, 0xff, 0xff, 0xda, 0xfc, 0xff, 0xff, 0xc2, 0xfe, 0xff, 0xff,
  0xa3, 0xfe, 0xff, 0xff, 0x3f, 0xfe, 0xff, 0xff, 0x1e, 0x05, 0x00, 0x00,
  0x55, 0x04, 0x00, 0x00, 0x8f, 0x08, 0x00, 0x00, 0x21, 0x05, 0x00, 0x00,
  0x5d, 0x01, 0x00, 0x00, 0x1e, 0x01, 0x00, 0x00, 0x29, 0x03, 0x00, 0x00,
  0x2a, 0xfd, 0xff, 0xff, 0x5d, 0xfc, 0xff, 0xff, 0x92, 0xfa, 0xff, 0xff,
  0x29, 0x08, 0x00, 0x00, 0xb9, 0xfc, 0xff, 0xff, 0x31, 0xff, 0xff, 0xff,
  0xe8, 0x00, 0x00, 0x00, 0xe7, 0x02, 0x00, 0x00, 0x37, 0xff, 0xff, 0xff,
  0x2c, 0xff, 0xff, 0xff, 0xac, 0xfa, 0xff, 0xff, 0x9f, 0x06, 0x00, 0x00,
  0x97, 0xfa, 0xff, 0xff, 0xc0, 0x00, 0x00, 0x00, 0x80, 0x05, 0x00, 0x00,
  0xaa, 0x07, 0x00, 0x00, 0xd1, 0xf6, 0xff, 0xff, 0x66, 0x03, 0x00, 0x00,
  0xd4, 0x01, 0x00, 0x00, 0x03, 0xff, 0xff, 0xff, 0xcf, 0xf9, 0xff, 0xff,
  0xc4, 0xfe, 0xff, 0xff, 0x08, 0xfe, 0xff, 0xff, 0x7d, 0x02, 0x00, 0x00,
  0xc0, 0x03, 0x00, 0x00, 0x15, 0x05, 0x00, 0x00, 0x44, 0x04, 0x00, 0x00,
  0xf4, 0xf4, 0xff, 0xff, 0xb2, 0xfd, 0xff, 0xff, 0x94, 0x05, 0x00, 0x00,
  0xae, 0xfc, 0xff, 0xff, 0xac, 0x00, 0x00, 0x00, 0x76, 0xfd, 0xff, 0xff,
  0x4c, 0xfe, 0xff, 0xff, 0xfa, 0x03, 0x00, 0x00, 0xbd, 0xfe, 0xff, 0xff,
  0x9a, 0xf7, 0xff, 0xff, 0x8c, 0x00, 0x00, 0x00, 0xdb, 0x0d, 0x00, 0x00,
  0x8d, 0x02, 0x00, 0x00, 0x3e, 0x02, 0x00, 0x00, 0x88, 0xff, 0xff, 0xff,
  0x24, 0x03, 0x00, 0x00, 0xf3, 0xff, 0xff, 0xff, 0x6d, 0x0b, 0x00, 0x00,
  0x82, 0xf4, 0xff, 0xff, 0x04, 0x00, 0x00, 0x00, 0x00, 0x08, 0x00, 0x00,
  0x0b, 0x02, 0xfe, 0x0a, 0xf8, 0xfb, 0xff, 0x06, 0xf8, 0x0d, 0xfa, 0x05,
  0x06, 0x09, 0xf0, 0x01, 0x05, 0x0a, 0x06, 0x09, 0xf5, 0x0c, 0xf8, 0xfc,
  0xfd, 0xf0, 0x0c, 0xf0, 0x03, 0xf7, 0x04, 0x03, 0xfa, 0xf3, 0x04, 0x05,
  0xef, 0xfa, 0xf8, 0xfe, 0xf9, 0xf0, 0x03, 0x05, 0x07, 0x0b, 0x07, 0xf5,
  0x0d, 0xf4, 0x0c, 0xf1, 0xf6, 0xf3, 0xff, 0xf8, 0x0c, 0xfb, 0xf7, 0xf3,
  0xfb, 0xf6, 0xfb, 0xf8, 0x48, 0x13, 0x0f, 0x2a, 0xca, 0xb2, 0xe9, 0xa1,
  0xee, 0xcd, 0xfe, 0x16, 0xaa, 0xf5, 0xfd, 0x00, 0xe3, 0x0f, 0xff, 0x1b,
  0xc1, 0xea, 0x24, 0x2d, 0xe5, 0xe5, 0xf1, 0x98, 0xf8, 0x25, 0x16, 0x17,
  0xbd, 0x1b, 0xe7, 0x1e, 0x44, 0x14, 0x1d, 0x24, 0x29, 0xf6, 0x24, 0x44,
  0xf1, 0x27, 0xed, 0xda, 0x1f, 0xc7, 0x3b, 0xe3, 0xe3, 0x1f, 0x42, 0x90,
  0xfd, 0x0f, 0xc7, 0x36, 0xd6, 0x09, 0xe8, 0xe6, 0xef, 0xfd, 0xfa, 0x01,
  0xf4, 0x09, 0xfe, 0x0a, 0x06, 0xf6, 0xfc, 0xfc, 0xf6, 0x04, 0x00, 0x0e,
  0x01, 0x0b, 0x09, 0x04, 0xf1, 0x05, 0xfe, 0xff, 0xf3, 0xf3, 0x07, 0x02,
  0x04, 0xf1, 0xf8, 0xf5, 0xf4, 0x06, 0xff, 0xfa, 0x00, 0xfb, 0xff, 0xf1,
  0x01, 0x09, 0x0b, 0x09, 0xf9, 0xf1, 0x0c, 0x02, 0x07, 0x0e, 0x04, 0xf1,
  0x09, 0xf7, 0xfa, 0x08, 0xfd, 0x00, 0x01, 0x06, 0xfc, 0x0b, 0xf9, 0xfc,
  0x06, 0xff, 0x00, 0x02, 0xdb, 0x19, 0xf7, 0x0b, 0x14, 0x06, 0x10, 0x0b,
  0xec, 0x35, 0xf9, 0x10, 0xf3, 0xec, 0xea, 0x31, 0xf0, 0xf9, 0xe3, 0x00,
  0x34, 0xfd, 0x12, 0xfb, 0x11, 0x24, 0xf4, 0x1a, 0x11, 0x11, 0x05, 0x2c,
  0x2a, 0xf1, 0x2e, 0x13, 0x09, 0x06, 0x1c, 0x0d, 0x0b, 0xe4, 0x02, 0xff,
  0x1d, 0x1c, 0x0a, 0xfc, 0xfe, 0xfa, 0x02, 0xf7, 0x07, 0x16, 0xf2, 0x08,
  0xf9, 0xdc, 0x12, 0xe8, 0xf5, 0xf6, 0xd3, 0xd8, 0x35, 0x2b, 0x07, 0x34,
  0x12, 0x00, 0xe9, 0x10, 0x24, 0xf9, 0x1e, 0xf7, 0x36, 0x00, 0x12, 0x00,
  0x1b, 0x19, 0xd3, 0xed, 0x09, 0x30, 0x0d, 0x21, 0x08, 0xbe, 0x0b, 0xf7,
  0x1d, 0xdb, 0x23, 0xf8, 0xca, 0xef, 0xe3, 0xcc, 0xf3, 0x19, 0x04, 0xbc,
  0x26, 0xfd, 0x2c, 0x17, 0xb7, 0x01, 0xb7, 0x18, 0x21, 0xfb, 0x10, 0x1e,
  0x09, 0xe0, 0x0b, 0xd1, 0x11, 0x18, 0x0d, 0x1c, 0x0f, 0x0c, 0xf4, 0xe3,
  0x14, 0x1e, 0x23, 0x34, 0x10, 0xfb, 0x0d, 0xdd, 0x13, 0xd5, 0x13, 0xf4,
  0x0e, 0xfe, 0x23, 0xff, 0x24, 0x1d, 0x00, 0xdc, 0x1c, 0x10, 0x14, 0x47,
  0x0c, 0xb4, 0x16, 0x07, 0xfa, 0xde, 0x18, 0xe4, 0x10, 0x2d, 0xe9, 0xe3,
  0xdd, 0x08, 0xfc, 0xd7, 0x01, 0xef, 0x0c, 0xf2, 0xe0, 0xe9, 0xc9, 0x02,
  0x31, 0xdc, 0xc3, 0x15, 0xfb, 0xf5, 0x00, 0xce, 0x0f, 0x24, 0xf8, 0x13,
  0x0c, 0xd5, 0x28, 0x2e, 0x0d, 0x16, 0xee, 0x00, 0x1d, 0x1e, 0xf2, 0x32,
  0xd0, 0x4d, 0xf8, 0x05, 0x03, 0xe6, 0xfa, 0x31, 0xca, 0xfa, 0xdf, 0x17,
  0xfb, 0xfd, 0xec, 0xee, 0x28, 0x1e, 0xdd, 0x31, 0x40, 0x01, 0xe5, 0x2a,
  0x22, 0x18, 0x14, 0x18, 0xe4, 0xfc, 0x0f, 0x01, 0xe9, 0xf2, 0x1f, 0x20,
  0x18, 0x24, 0xf5, 0xf4, 0xfa, 0x1c, 0x48, 0x2b, 0x19, 0xef, 0xfa, 0x03,
  0xfc, 0xe1, 0x02, 0x03, 0xd9, 0x1c, 0x2a, 0xe0, 0x1c, 0xfe, 0x18, 0xf8,
  0x26, 0x31, 0x0f, 0xd3, 0x21, 0x8d, 0xba, 0xc5, 0x32, 0x00, 0xe3, 0x9e,
  0xea, 0xf8, 0x2d, 0x34, 0xdf, 0x5d, 0xf5, 0xfd, 0x2c, 0x03, 0x09, 0x2e,
  0xce, 0x17, 0xca, 0x24, 0xc4, 0xe4, 0x25, 0x23, 0x22, 0x1f, 0x42, 0x13,
  0x82, 0x36, 0x0d, 0xb5, 0xc2, 0xf0, 0xde, 0xd6, 0x14, 0xd3, 0x01, 0x82,
  0xd6, 0x09, 0x8a, 0x21, 0x97, 0xff, 0x34, 0xb1, 0xe1, 0x13, 0xd7, 0xc5,
  0xfc, 0xf2, 0x08, 0xf4, 0x11, 0xe8, 0x2b, 0xdc, 0x26, 0xc4, 0x10, 0x12,
  0x0d, 0x24, 0x0c, 0xd2, 0x16, 0x24, 0x15, 0xe8, 0x03, 0x0d, 0x03, 0xe5,
  0xe0, 0xf2, 0x14, 0xd4, 0xf1, 0x08, 0x01, 0xe8, 0xe2, 0xef, 0x28, 0x19,
  0x25, 0x15, 0x05, 0x24, 0x03, 0x1c, 0xfc, 0xf9, 0xe4, 0xd3, 0x16, 0x1c,
  0x1b, 0xf4, 0xb7, 0xcf, 0xbb, 0x27, 0x0b, 0x18, 0xfc, 0x06, 0x06, 0x02,
  0xc0, 0x08, 0x00, 0xd4, 0x26, 0x0c, 0x1c, 0x28, 0x16, 0x2d, 0x2b, 0xd4,
  0x3f, 0xd8, 0x0f, 0x07, 0xff, 0xeb, 0x0e, 0xe3, 0x34, 0x23, 0xfa, 0xe8,
  0x22, 0x44, 0xf1, 0x1d, 0x36, 0xea, 0x07, 0x1a, 0x07, 0x01, 0xf6, 0x0d,
  0xd1, 0x01, 0x0c, 0xf5, 0xf3, 0x3e, 0x12, 0xf7, 0xfe, 0x09, 0x19, 0xfc,
  0xc9, 0x1d, 0xc2, 0x0e, 0x40, 0xca, 0xaf, 0x10, 0xf6, 0xef, 0xf0, 0xd9,
  0xf1, 0xdc, 0x22, 0xfb, 0xe6, 0x0f, 0xdc, 0xde, 0x24, 0x26, 0x0e, 0x28,
  0x09, 0x0b, 0xfb, 0xe1, 0x24, 0xeb, 0x14, 0x03, 0x10, 0xee, 0x14, 0xfe,
  0x29, 0x1c, 0xf6, 0xdd, 0x13, 0x1b, 0x12, 0x32, 0x07, 0xd7, 0x12, 0x02,
  0x0d, 0xe3, 0x17, 0xf9, 0xfc, 0x18, 0xea, 0xf8, 0xee, 0xfe, 0x02, 0xdc,
  0x0a, 0xdf, 0x1c, 0x10, 0xcf, 0x17, 0xe1, 0x0a, 0x1f, 0xde, 0xd9, 0x24,
  0x10, 0xe5, 0x0d, 0xde, 0x0d, 0x1e, 0x0e, 0x12, 0xfc, 0xfb, 0xf1, 0xfc,
  0xf7, 0x04, 0xfe, 0xef, 0xf5, 0xf2, 0xff, 0x07, 0x05, 0xff, 0x07, 0xfc,
  0x0c, 0xf1, 0xfa, 0xfc, 0xf2, 0x03, 0x09, 0x01, 0xff, 0x0b, 0xf8, 0xfb,
  0x04, 0xf6, 0xf2, 0xfb, 0x08, 0xf6, 0x02, 0xff, 0x0c, 0x06, 0xf6, 0xef,
  0x07, 0xf0, 0xf5, 0x0e, 0x03, 0xfe, 0xf2, 0xfb, 0x01, 0x07, 0xf8, 0xfb,
  0x01, 0xef, 0xf9, 0xf0, 0xf8, 0xf5, 0x06, 0xf4, 0xef, 0xfc, 0xf7, 0xf6,
  0xd6, 0x19, 0xc6, 0xe4, 0x05, 0x21, 0x0c, 0x2c, 0x19, 0xe9, 0x26, 0x03,
  0x35, 0x00, 0x1c, 0x1d, 0x10, 0xfc, 0x19, 0xed, 0x0c, 0x0a, 0xed, 0xe9,
  0x28, 0x15, 0x15, 0x0a, 0xee, 0xfe, 0xf1, 0xf9, 0x1d, 0x0f, 0x09, 0x01,
  0x05, 0xeb, 0x16, 0x0c, 0x02, 0x13, 0xff, 0x05, 0x19, 0x13, 0xf6, 0x27,
  0xf5, 0x05, 0x13, 0x2f, 0x0f, 0x0c, 0xe6, 0x0f, 0xd6, 0x18, 0x27, 0x04,
  0x15, 0xfa, 0xff, 0x1a, 0xe2, 0x1c, 0xd4, 0xde, 0x16, 0xff, 0x29, 0x1f,
  0x0a, 0xff, 0x0c, 0xe8, 0x2f, 0xd6, 0x10, 0x00, 0x14, 0x03, 0x1b, 0xd4,
  0x2a, 0x09, 0xe6, 0xe1, 0x21, 0x05, 0x21, 0x2d, 0xf5, 0xd3, 0x04, 0xfd,
  0xe3, 0x06, 0x26, 0xf3, 0xfa, 0x1a, 0x04, 0xf0, 0xf2, 0x1a, 0xfa, 0xf6,
  0x0a, 0xf1, 0x12, 0xfd, 0xd8, 0x1e, 0xe3, 0x17, 0x25, 0xce, 0xb3, 0x00,
  0xe6, 0xf8, 0xff, 0xf4, 0x19, 0xfc, 0x27, 0x17, 0x35, 0x06, 0xf0, 0x28,
  0x10, 0xcc, 0x1d, 0xf8, 0xbb, 0xb7, 0xd8, 0xdf, 0x07, 0xc7, 0x22, 0xe6,
  0x0e, 0x53, 0x27, 0xef, 0x42, 0xdf, 0x2f, 0xf5, 0xac, 0xea, 0x13, 0xed,
  0x8d, 0xcc, 0x18, 0xb5, 0xbe, 0x0c, 0x27, 0x9f, 0x22, 0x09, 0xbf, 0xf3,
  0x19, 0x91, 0xd4, 0x27, 0x26, 0x07, 0xfe, 0xe8, 0x20, 0x94, 0x2f, 0x07,
  0xdc, 0x37, 0xec, 0xbe, 0xe7, 0x00, 0x31, 0x19, 0x14, 0x54, 0xe9, 0x18,
  0xdc, 0xcd, 0xe5, 0x1e, 0x2e, 0x1d, 0xfb, 0x08, 0x05, 0xc8, 0x07, 0x3a,
  0xf1, 0x03, 0x03, 0xe0, 0xf5, 0x13, 0xfc, 0xfe, 0xda, 0x3a, 0x28, 0x37,
  0xae, 0xd5, 0x00, 0x11, 0xbe, 0xf7, 0x1c, 0xc8, 0x3c, 0xef, 0x13, 0xf7,
  0xf2, 0xf5, 0xc8, 0xec, 0x15, 0xca, 0xc2, 0xeb, 0x15, 0x23, 0xed, 0x1c,
  0xec, 0xd6, 0x11, 0x02, 0x00, 0x4e, 0x7f, 0x17, 0xf3, 0x04, 0xf1, 0x07,
  0x23, 0x27, 0xe3, 0x22, 0xdb, 0x2e, 0xd1, 0xf1, 0x02, 0x0b, 0x1d, 0x1d,
  0x06, 0xfc, 0x29, 0xfc, 0x28, 0xe1, 0x19, 0x20, 0x0d, 0x04, 0x0d, 0xe7,
  0x1e, 0x0c, 0xf1, 0xdc, 0x1e, 0x03, 0x24, 0x0b, 0xec, 0xe1, 0x0f, 0xf1,
  0xe2, 0x08, 0x22, 0xec, 0x02, 0x07, 0xfd, 0xfc, 0x04, 0x07, 0xfd, 0x0a,
  0x15, 0xeb, 0x01, 0x0f, 0x0f, 0x16, 0x19, 0x2c, 0x0a, 0xeb, 0xc0, 0xf5,
  0xda, 0x01, 0x09, 0xfb, 0x0a, 0xf2, 0x0c, 0xfb, 0x14, 0xe9, 0x04, 0x1a,
  0x26, 0xfb, 0x01, 0x17, 0xfd, 0xf7, 0xe4, 0xfa, 0x11, 0x01, 0x14, 0xe1,
  0x1a, 0x01, 0x23, 0xfd, 0xf7, 0x1d, 0x02, 0x0f, 0xea, 0x01, 0xfc, 0xfd,
  0xeb, 0xeb, 0x13, 0xe7, 0x27, 0xf2, 0x17, 0xe8, 0xf3, 0x01, 0xd2, 0xf7,
  0xf4, 0xe6, 0xec, 0xd9, 0x16, 0x02, 0x1c, 0x09, 0xea, 0xf6, 0xf4, 0x02,
  0x0a, 0x00, 0x32, 0x22, 0x18, 0xe1, 0x1a, 0xf3, 0x14, 0x07, 0x00, 0x1a,
  0x1e, 0xe9, 0xfb, 0x14, 0x20, 0x0c, 0xfc, 0x17, 0xf7, 0xfa, 0xfb, 0xf9,
  0x06, 0xfc, 0x23, 0xe3, 0x2f, 0x0d, 0x22, 0xf9, 0x03, 0x0b, 0xff, 0xeb,
  0xf4, 0x08, 0xf0, 0x0b, 0xd7, 0xde, 0x24, 0xdc, 0x29, 0xfe, 0x12, 0xcd,
  0x07, 0x08, 0xcc, 0xf1, 0xfd, 0xd7, 0xef, 0xeb, 0x06, 0x0b, 0x15, 0x12,
  0xec, 0xf5, 0x05, 0x05, 0xfa, 0x0c, 0x1d, 0x17, 0x13, 0xdd, 0x1c, 0xe9,
  0x17, 0x1d, 0xf0, 0x2c, 0x1e, 0x08, 0xe4, 0x10, 0xfa, 0x0a, 0x0f, 0x1d,
  0x1c, 0x0c, 0xef, 0x24, 0xdb, 0x0a, 0x0c, 0xef, 0x2e, 0xed, 0x1c, 0x1f,
  0xf7, 0x10, 0xde, 0xe9, 0x05, 0x1f, 0x0c, 0x20, 0xff, 0xe9, 0x08, 0x0e,
  0x1a, 0xc7, 0x0b, 0xd2, 0x2f, 0x18, 0xce, 0xdb, 0xdf, 0xed, 0x2e, 0xe1,
  0xf8, 0xe7, 0x29, 0xee, 0xdf, 0x16, 0xf6, 0xf0, 0x26, 0x03, 0x27, 0x19,
  0x2e, 0xe0, 0x0e, 0xde, 0xf9, 0x14, 0xe2, 0x06, 0xdd, 0x08, 0xe4, 0x02,
  0xfa, 0x1c, 0xf4, 0x08, 0x0e, 0xf4, 0x23, 0x2b, 0x2a, 0x29, 0x06, 0x29,
  0x0e, 0x19, 0xf0, 0x14, 0xf3, 0x2a, 0x06, 0x04, 0x1c, 0x0c, 0x09, 0x01,
  0xff, 0x27, 0x05, 0xfb, 0x22, 0x0f, 0x18, 0x26, 0xec, 0xe4, 0x2a, 0x10,
  0x20, 0x03, 0x10, 0x01, 0x11, 0x14, 0xe0, 0x2a, 0x07, 0x05, 0x21, 0x2c,
  0xf8, 0x1e, 0x1c, 0x07, 0xdb, 0x08, 0x0e, 0xfd, 0x0c, 0x00, 0x0a, 0x0d,
  0xe0, 0x02, 0xdc, 0xf5, 0x28, 0x27, 0x0f, 0x30, 0x17, 0x1e, 0x09, 0xe2,
  0x2f, 0xeb, 0x12, 0x00, 0x1b, 0xfc, 0x1a, 0xfd, 0x2d, 0x0b, 0xf4, 0xf5,
  0x07, 0x0b, 0x09, 0x29, 0x05, 0xe5, 0x10, 0xed, 0x14, 0xda, 0x0f, 0xf9,
  0xf0, 0x17, 0xd9, 0xf9, 0xdb, 0xf9, 0xfb, 0xe6, 0xf2, 0xf6, 0x0d, 0x04,
  0xd4, 0x10, 0xdc, 0x1c, 0x2a, 0xd2, 0xe9, 0x16, 0xfb, 0xe5, 0x18, 0xd6,
  0x22, 0x12, 0x16, 0x1d, 0x03, 0x08, 0x08, 0xf2, 0x04, 0xff, 0xf1, 0x0c,
  0xfb, 0x02, 0xf8, 0x0a, 0x01, 0xfa, 0xf9, 0x04, 0xf2, 0x07, 0xf3, 0xf6,
  0x02, 0xf8, 0x05, 0xf6, 0xfb, 0x06, 0x08, 0xfc, 0x05, 0xf4, 0xfd, 0x0a,
  0xff, 0xf2, 0xfe, 0xfe, 0x05, 0xfd, 0xf5, 0x03, 0x0b, 0xfc, 0x05, 0x03,
  0x02, 0xfe, 0xff, 0xf1, 0x09, 0xf7, 0xf4, 0xf7, 0x04, 0xfd, 0xf7, 0x09,
  0xf8, 0xf5, 0x07, 0xf9, 0xf6, 0xfb, 0xf8, 0x00, 0xf7, 0xff, 0xfd, 0x09,
  0x08, 0xf6, 0x04, 0xf0, 0xf2, 0xf3, 0xf7, 0xef, 0x07, 0x0b, 0xf2, 0xf0,
  0xf9, 0x0a, 0x02, 0xff, 0x0d, 0x0a, 0x06, 0xf6, 0xfa, 0xfb, 0xfb, 0x02,
  0x08, 0xf5, 0xef, 0xf0, 0x02, 0xf4, 0x06, 0x03, 0x03, 0xf8, 0x06, 0x09,
  0x03, 0xff, 0x05, 0x00, 0x02, 0x04, 0x0c, 0xfb, 0x06, 0x0a, 0xf1, 0xfe,
  0xf1, 0xf2, 0x08, 0xf2, 0x0d, 0x0c, 0xf4, 0xf0, 0xfc, 0xf0, 0x06, 0xf9,
  0x3f, 0x12, 0xfd, 0x12, 0x09, 0x07, 0x14, 0x06, 0xf0, 0x04, 0xe8, 0x05,
  0xe8, 0xf6, 0x1c, 0x07, 0xf1, 0xf4, 0x10, 0x20, 0x13, 0xee, 0xdf, 0xe9,
  0x11, 0x04, 0x1c, 0x22, 0xfe, 0xef, 0x11, 0x0d, 0xeb, 0xe1, 0x0e, 0xeb,
  0x31, 0x30, 0xf0, 0xdc, 0xe3, 0xf0, 0x0e, 0xea, 0x15, 0xe3, 0x2b, 0xef,
  0x09, 0x12, 0x02, 0xfc, 0x12, 0xed, 0x09, 0x05, 0x28, 0xd7, 0x11, 0xe5,
  0x03, 0x06, 0xe2, 0x1b, 0x3a, 0x08, 0x06, 0x20, 0x14, 0xff, 0x08, 0x0d,
  0x0d, 0x16, 0xcf, 0xff, 0xec, 0x04, 0x14, 0x00, 0x06, 0xe2, 0x03, 0x2f,
  0x01, 0xfc, 0xdf, 0xfa, 0x02, 0xf7, 0x12, 0x0a, 0x18, 0xe9, 0x0d, 0xff,
  0x14, 0xe9, 0x05, 0xe0, 0x20, 0x25, 0xd9, 0xec, 0xde, 0xe9, 0x09, 0xe3,
  0x0f, 0xda, 0x36, 0xf5, 0xef, 0x05, 0xf6, 0xf6, 0x0d, 0xf6, 0x2b, 0x01,
  0x32, 0xef, 0xff, 0xe8, 0x03, 0x0c, 0xe3, 0x06, 0x3c, 0x0a, 0x05, 0x15,
  0x03, 0x07, 0x11, 0x0e, 0xf8, 0x13, 0xd3, 0x09, 0xde, 0x0c, 0x0e, 0xf6,
  0xf3, 0xfd, 0x11, 0x2a, 0x08, 0xe2, 0xe5, 0xea, 0xfe, 0xf3, 0x05, 0x1a,
  0x0f, 0xf8, 0x12, 0x19, 0x05, 0xea, 0x15, 0xe6, 0x2c, 0x28, 0xdb, 0xd9,
  0xe5, 0xfb, 0x14, 0xe4, 0x19, 0xe0, 0x19, 0xf1, 0x10, 0x10, 0xf0, 0xeb,
  0x04, 0xe7, 0xfc, 0x0c, 0x22, 0xd4, 0xf3, 0x03, 0x11, 0xff, 0xe2, 0x12,
  0xfc, 0xfe, 0xfa, 0x06, 0xf0, 0xf1, 0x05, 0x07, 0x08, 0xfa, 0xf8, 0xf7,
  0xf6, 0xf1, 0x05, 0xf8, 0xf0, 0x01, 0x0b, 0xfe, 0xf2, 0x07, 0xf6, 0x09,
  0xf4, 0x0d, 0xfb, 0x0d, 0x06, 0x0b, 0x02, 0xf6, 0x00, 0x0c, 0xf1, 0x03,
  0x01, 0x09, 0xf4, 0xf3, 0x03, 0xfb, 0xf9, 0x02, 0x0b, 0xf3, 0xfe, 0xf8,
  0xfd, 0xf8, 0x0e, 0x07, 0x02, 0xfa, 0x08, 0xf6, 0xf1, 0xf4, 0xfa, 0xf4,
  0x09, 0xfe, 0xf9, 0xf4, 0x51, 0x2d, 0x24, 0x25, 0xf7, 0xe2, 0x15, 0xe2,
  0xd5, 0x12, 0xfc, 0xf4, 0xee, 0x01, 0x09, 0x00, 0xd2, 0x17, 0x18, 0x0d,
  0x12, 0xde, 0xff, 0x03, 0x17, 0xe9, 0x18, 0x0f, 0x17, 0xf1, 0x15, 0x23,
  0xb9, 0xf9, 0xff, 0x0d, 0x38, 0x38, 0xf4, 0xf6, 0xff, 0xfc, 0xf8, 0x2c,
  0xfb, 0xca, 0x1a, 0xdd, 0x14, 0x0e, 0xfb, 0xe3, 0x21, 0xd7, 0xd9, 0xdf,
  0x2e, 0xf5, 0xe7, 0x07, 0xf3, 0x0e, 0x07, 0x06, 0x06, 0xf3, 0x17, 0x31,
  0xfc, 0x19, 0x11, 0x0d, 0xff, 0x28, 0xe3, 0x02, 0xf4, 0x04, 0xf8, 0xf1,
  0xf7, 0xed, 0x0c, 0x00, 0xfb, 0xed, 0xfd, 0x28, 0x13, 0xec, 0xfc, 0x05,
  0x0f, 0xf5, 0xfc, 0x1d, 0x11, 0x0b, 0x04, 0xf3, 0x11, 0x21, 0xe2, 0x03,
  0xd7, 0xfe, 0x04, 0xea, 0x07, 0xe9, 0x12, 0x15, 0x09, 0x1c, 0xf0, 0xfa,
  0x16, 0xf3, 0xfe, 0x0f, 0x24, 0x09, 0xfe, 0x0b, 0x08, 0x06, 0x0c, 0x0c,
  0xc1, 0x05, 0xd9, 0xba, 0x07, 0x13, 0x0b, 0x1f, 0x11, 0x0b, 0x11, 0xd9,
  0x4c, 0xdf, 0x11, 0xfa, 0x1b, 0x0a, 0xfa, 0xba, 0x23, 0x19, 0x24, 0xfb,
  0xfe, 0x2f, 0x00, 0x05, 0x00, 0xea, 0x07, 0xd4, 0x09, 0x08, 0xf8, 0x02,
  0xb7, 0xec, 0x24, 0x08, 0x1d, 0x21, 0x05, 0xfc, 0xf3, 0x1f, 0xf2, 0x00,
  0xd5, 0xf8, 0xfa, 0x23, 0x16, 0xe0, 0xa5, 0xf1, 0xbc, 0x0c, 0xf0, 0x01,
  0x01, 0xfb, 0x2b, 0x1e, 0xc5, 0xff, 0xca, 0xc1, 0x1b, 0x37, 0x01, 0x28,
  0x22, 0xed, 0x16, 0xed, 0x40, 0xff, 0x10, 0x1c, 0x2f, 0xf9, 0x12, 0xda,
  0x0d, 0x1a, 0xe3, 0xdc, 0x16, 0x11, 0x05, 0x1b, 0xf4, 0x03, 0xf6, 0xdf,
  0x31, 0x00, 0x16, 0x02, 0xc6, 0xdd, 0x16, 0xf1, 0x0a, 0x06, 0x0d, 0xeb,
  0x03, 0x0c, 0x19, 0x29, 0xc6, 0x04, 0xeb, 0x23, 0x02, 0xe0, 0xe0, 0x20,
  0xd4, 0x0f, 0x1e, 0xe8, 0x22, 0x07, 0x1b, 0x0d, 0x8e, 0xfc, 0xff, 0xff,
  0x04, 0x00, 0x00, 0x00, 0x80, 0x00, 0x00, 0x00, 0xbf, 0x07, 0x00, 0x00,
  0xf0, 0x0e, 0x00, 0x00, 0x07, 0xf6, 0xff, 0xff, 0x0c, 0x01, 0x00, 0x00,
  0x3d, 0xf6, 0xff, 0xff, 0x09, 0xff, 0xff, 0xff, 0x31, 0xf8, 0xff, 0xff,
  0x08, 0x09, 0x00, 0x00, 0x09, 0x07, 0x00, 0x00, 0x46, 0x08, 0x00, 0x00,
  0xe3, 0x0b, 0x00, 0x00, 0x00, 0x00, 0x00, 0x00, 0x13, 0xfc, 0xff, 0xff,
  0x6d, 0x01, 0x00, 0x00, 0xfb, 0xfe, 0xff, 0xff, 0xb5, 0xf8, 0xff, 0xff,
  0xdf, 0x09, 0x00, 0x00, 0x53, 0x05, 0x00, 0x00, 0x7a, 0xff, 0xff, 0xff,
  0x17, 0x0d, 0x00, 0x00, 0x50, 0x04, 0x00, 0x00, 0x1a, 0x0e, 0x00, 0x00,
  0xbd, 0xfb, 0xff, 0xff, 0xdf, 0xf4, 0xff, 0xff, 0xba, 0xff, 0xff, 0xff,
  0x52, 0x01, 0x00, 0x00, 0xde, 0x09, 0x00, 0x00, 0x3d, 0x01, 0x00, 0x00,
  0x78, 0x07, 0x00, 0x00, 0x82, 0x06, 0x00, 0x00, 0x96, 0x0c, 0x00, 0x00,
  0x9e, 0xfc, 0xff, 0xff, 0x1a, 0xfd, 0xff, 0xff, 0x04, 0x00, 0x00, 0x00,
  0xa0, 0x00, 0x00, 0x00, 0xff, 0xc7, 0x07, 0xfb, 0xe4, 0x11, 0x01, 0x00,
  0xdd, 0x04, 0x0f, 0x03, 0xef, 0x0e, 0xfb, 0xb4, 0xfe, 0x02, 0x02, 0x0b,
  0xec, 0x0f, 0x01, 0x04, 0x1c, 0x14, 0x1d, 0x00, 0x38, 0x0c, 0xe7, 0xf1,
  0x04, 0xe8, 0xfd, 0xfa, 0x18, 0xe3, 0x1d, 0x08, 0xec, 0xec, 0xfc, 0xfa,
  0xf7, 0xe6, 0xfb, 0x5f, 0xef, 0x15, 0x12, 0x13, 0x05, 0x03, 0xf9, 0xfc,
  0xfb, 0x0a, 0x01, 0xfc, 0xd2, 0x01, 0xf8, 0x05, 0xfe, 0x1a, 0xfa, 0xf2,
  0xf8, 0xfb, 0xdf, 0x60, 0x0e, 0x39, 0xe5, 0xfa, 0xf9, 0xe9, 0x6e, 0x01,
  0x04, 0x0f, 0x1d, 0x2c, 0x01, 0xef, 0x08, 0xfa, 0x23, 0x0b, 0x18, 0xff,
  0x08, 0xe6, 0x0c, 0xd8, 0x05, 0x1f, 0x04, 0x15, 0x4d, 0x60, 0x0f, 0xad,
  0xfb, 0xc8, 0xe1, 0x01, 0x01, 0xee, 0x81, 0xd2, 0x03, 0xe0, 0xe1, 0xe1,
  0x0e, 0xe1, 0xfa, 0xfe, 0x00, 0xf3, 0x01, 0xff, 0x03, 0xf5, 0xe4, 0xf5,
  0xfe, 0xdb, 0x00, 0xf9, 0xea, 0xd9, 0xed, 0xd3, 0x19, 0x0e, 0x12, 0x01,
  0x11, 0x21, 0xfa, 0xe4, 0x0e, 0xfb, 0xff, 0xe4, 0x09, 0x15, 0xfa, 0xf9,
  0xe5, 0xe4, 0xdc, 0xff, 0xe7, 0xfe, 0x36, 0x26, 0xc6, 0xfd, 0xff, 0xff,
  0x04, 0x00, 0x00, 0x00, 0x14, 0x00, 0x00, 0x00, 0x4f, 0x01, 0x00, 0x00,
  0x9e, 0x00, 0x00, 0x00, 0xe2, 0xfe, 0xff, 0xff, 0x21, 0x02, 0x00, 0x00,
  0x2f, 0x01, 0x00, 0x00, 0xe6, 0xfd, 0xff, 0xff, 0x04, 0x00, 0x00, 0x00,
  0x04, 0x00, 0x00, 0x00, 0x01, 0x00, 0x00, 0x00, 0xf6, 0xfd, 0xff, 0xff,
  0x04, 0x00, 0x00, 0x00, 0x0c, 0x00, 0x00, 0x00, 0x01, 0x00, 0x00, 0x00,
  0x5a, 0x00, 0x00, 0x00, 0x40, 0x00, 0x00, 0x00, 0x0e, 0xfe, 0xff, 0xff,
  0x04, 0x00, 0x00, 0x00, 0x10, 0x00, 0x00, 0x00, 0x01, 0x00, 0x00, 0x00,
  0x01, 0x00, 0x00, 0x00, 0x5a, 0x00, 0x00, 0x00, 0x40, 0x00, 0x00, 0x00,
  0x2a, 0xfe, 0xff, 0xff, 0x04, 0x00, 0x00, 0x00, 0x10, 0x00, 0x00, 0x00,
  0x01, 0x00, 0x00, 0x00, 0x5a, 0x00, 0x00, 0x00, 0x01, 0x00, 0x00, 0x00,
  0x40, 0x00, 0x00, 0x00, 0x46, 0xfe, 0xff, 0xff, 0x04, 0x00, 0x00, 0x00,
  0x10, 0x00, 0x00, 0x00, 0x01, 0x00, 0x00, 0x00, 0x01, 0x00, 0x00, 0x00,
  0xb4, 0x00, 0x00, 0x00, 0x20, 0x00, 0x00, 0x00, 0x62, 0xfe, 0xff, 0xff,
  0x04, 0x00, 0x00, 0x00, 0x10, 0x00, 0x00, 0x00, 0x01, 0x00, 0x00, 0x00,
  0xb4, 0x00, 0x00, 0x00, 0x01, 0x00, 0x00, 0x00, 0x20, 0x00, 0x00, 0x00,
  0x7e, 0xfe, 0xff, 0xff, 0x04, 0x00, 0x00, 0x00, 0x10, 0x00, 0x00, 0x00,
  0x01, 0x00, 0x00, 0x00, 0x01, 0x00, 0x00, 0x00, 0x68, 0x01, 0x00, 0x00,
  0x01, 0x00, 0x00, 0x00, 0x9a, 0xfe, 0xff, 0xff, 0x04, 0x00, 0x00, 0x00,
  0x10, 0x00, 0x00, 0x00, 0x01, 0x00, 0x00, 0x00, 0x01, 0x00, 0x00, 0x00,
  0x01, 0x00, 0x00, 0x00, 0x01, 0x00, 0x00, 0x00, 0xb6, 0xfe, 0xff, 0xff,
  0x04, 0x00, 0x00, 0x00, 0x10, 0x00, 0x00, 0x00, 0x00, 0x00, 0x00, 0x00,
  0x00, 0x00, 0x00, 0x00, 0x01, 0x00, 0x00, 0x00, 0x00, 0x00, 0x00, 0x00,
  0xd2, 0xfe, 0xff, 0xff, 0x04, 0x00, 0x00, 0x00, 0x10, 0x00, 0x00, 0x00,
  0x00, 0x00, 0x00, 0x00, 0x00, 0x00, 0x00, 0x00, 0x00, 0x00, 0x00, 0x00,
  0x00, 0x00, 0x00, 0x00, 0xee, 0xfe, 0xff, 0xff, 0x04, 0x00, 0x00, 0x00,
  0x10, 0x00, 0x00, 0x00, 0x01, 0x00, 0x00, 0x00, 0x68, 0x01, 0x00, 0x00,
  0x01, 0x00, 0x00, 0x00, 0x01, 0x00, 0x00, 0x00, 0x90, 0xce, 0xff, 0xff,
  0x94, 0xce, 0xff, 0xff, 0x0f, 0x00, 0x00, 0x00, 0x4d, 0x4c, 0x49, 0x52,
  0x20, 0x43, 0x6f, 0x6e, 0x76, 0x65, 0x72, 0x74, 0x65, 0x64, 0x2e, 0x00,
  0x01, 0x00, 0x00, 0x00, 0x14, 0x00, 0x00, 0x00, 0x00, 0x00, 0x0e, 0x00,
  0x18, 0x00, 0x14, 0x00, 0x10, 0x00, 0x0c, 0x00, 0x08, 0x00, 0x04, 0x00,
  0x0e, 0x00, 0x00, 0x00, 0x14, 0x00, 0x00, 0x00, 0x1c, 0x00, 0x00, 0x00,
  0xcc, 0x05, 0x00, 0x00, 0xd0, 0x05, 0x00, 0x00, 0xd4, 0x05, 0x00, 0x00,
  0x04, 0x00, 0x00, 0x00, 0x6d, 0x61, 0x69, 0x6e, 0x00, 0x00, 0x00, 0x00,
  0x18, 0x00, 0x00, 0x00, 0x94, 0x05, 0x00, 0x00, 0x60, 0x05, 0x00, 0x00,
  0x04, 0x05, 0x00, 0x00, 0x9c, 0x04, 0x00, 0x00, 0x64, 0x04, 0x00, 0x00,
  0x14, 0x04, 0x00, 0x00, 0xc0, 0x03, 0x00, 0x00, 0x98, 0x03, 0x00, 0x00,
  0x54, 0x03, 0x00, 0x00, 0x0c, 0x03, 0x00, 0x00, 0xe4, 0x02, 0x00, 0x00,
  0xa0, 0x02, 0x00, 0x00, 0x5c, 0x02, 0x00, 0x00, 0x34, 0x02, 0x00, 0x00,
  0xf0, 0x01, 0x00, 0x00, 0xa8, 0x01, 0x00, 0x00, 0x80, 0x01, 0x00, 0x00,
  0x3c, 0x01, 0x00, 0x00, 0x14, 0x01, 0x00, 0x00, 0xe0, 0x00, 0x00, 0x00,
  0x9c, 0x00, 0x00, 0x00, 0x64, 0x00, 0x00, 0x00, 0x28, 0x00, 0x00, 0x00,
  0x04, 0x00, 0x00, 0x00, 0x06, 0xfb, 0xff, 0xff, 0x0c, 0x00, 0x00, 0x00,
  0x10, 0x00, 0x00, 0x00, 0x09, 0x00, 0x00, 0x00, 0x01, 0x00, 0x00, 0x00,
  0x33, 0x00, 0x00, 0x00, 0x01, 0x00, 0x00, 0x00, 0x32, 0x00, 0x00, 0x00,
  0xe6, 0xfb, 0xff, 0xff, 0x1c, 0x00, 0x00, 0x00, 0x00, 0x00, 0x00, 0x09,
  0x1c, 0x00, 0x00, 0x00, 0x20, 0x00, 0x00, 0x00, 0x08, 0x00, 0x00, 0x00,
  0x00, 0x00, 0x06, 0x00, 0x08, 0x00, 0x04, 0x00, 0x06, 0x00, 0x00, 0x00,
  0x00, 0x00, 0x80, 0x3f, 0x01, 0x00, 0x00, 0x00, 0x32, 0x00, 0x00, 0x00,
  0x01, 0x00, 0x00, 0x00, 0x31, 0x00, 0x00, 0x00, 0xba, 0xfb, 0xff, 0xff,
  0x14, 0x00, 0x00, 0x00, 0x00, 0x00, 0x00, 0x08, 0x10, 0x00, 0x00, 0x00,
  0x14, 0x00, 0x00, 0x00, 0x07, 0x00, 0x00, 0x00, 0xbc, 0xcf, 0xff, 0xff,
  0x01, 0x00, 0x00, 0x00, 0x31, 0x00, 0x00, 0x00, 0x03, 0x00, 0x00, 0x00,
  0x30, 0x00, 0x00, 0x00, 0x0d, 0x00, 0x00, 0x00, 0x0c, 0x00, 0x00, 0x00,
  0x52, 0xfc, 0xff, 0xff, 0x1c, 0x00, 0x00, 0x00, 0x00, 0x00, 0x00, 0x08,
  0x1c, 0x00, 0x00, 0x00, 0x20, 0x00, 0x00, 0x00, 0x07, 0x00, 0x00, 0x00,
  0x00, 0x00, 0x06, 0x00, 0x08, 0x00, 0x07, 0x00, 0x06, 0x00, 0x00, 0x00,
  0x00, 0x00, 0x00, 0x01, 0x01, 0x00, 0x00, 0x00, 0x30, 0x00, 0x00, 0x00,
  0x03, 0x00, 0x00, 0x00, 0x2f, 0x00, 0x00, 0x00, 0x0f, 0x00, 0x00, 0x00,
  0x0e, 0x00, 0x00, 0x00, 0x2e, 0xfc, 0xff, 0xff, 0x14, 0x00, 0x00, 0x00,
  0x00, 0x00, 0x00, 0x1b, 0x10, 0x00, 0x00, 0x00, 0x14, 0x00, 0x00, 0x00,
  0x06, 0x00, 0x00, 0x00, 0x30, 0xd0, 0xff, 0xff, 0x01, 0x00, 0x00, 0x00,
  0x2f, 0x00, 0x00, 0x00, 0x02, 0x00, 0x00, 0x00, 0x2e, 0x00, 0x00, 0x00,
  0x0b, 0x00, 0x00, 0x00, 0x02, 0xfc, 0xff, 0xff, 0x0c, 0x00, 0x00, 0x00,
  0x10, 0x00, 0x00, 0x00, 0x01, 0x00, 0x00, 0x00, 0x01, 0x00, 0x00, 0x00,
  0x2e, 0x00, 0x00, 0x00, 0x02, 0x00, 0x00, 0x00, 0x2d, 0x00, 0x00, 0x00,
  0x0a, 0x00, 0x00, 0x00, 0x82, 0xfc, 0xff, 0xff, 0x14, 0x00, 0x00, 0x00,
  0x00, 0x00, 0x00, 0x01, 0x1c, 0x00, 0x00, 0x00, 0x20, 0x00, 0x00, 0x00,
  0x04, 0x00, 0x00, 0x00, 0x58, 0xfd, 0xff, 0xff, 0x00, 0x00, 0x00, 0x01,
  0x01, 0x00, 0x00, 0x00, 0x01, 0x00, 0x00, 0x00, 0x01, 0x00, 0x00, 0x00,
  0x2d, 0x00, 0x00, 0x00, 0x03, 0x00, 0x00, 0x00, 0x2c, 0x00, 0x00, 0x00,
  0x11, 0x00, 0x00, 0x00, 0x10, 0x00, 0x00, 0x00, 0x66, 0xfc, 0xff, 0xff,
  0x0c, 0x00, 0x00, 0x00, 0x10, 0x00, 0x00, 0x00, 0x01, 0x00, 0x00, 0x00,
  0x01, 0x00, 0x00, 0x00, 0x2c, 0x00, 0x00, 0x00, 0x02, 0x00, 0x00, 0x00,
  0x2b, 0x00, 0x00, 0x00, 0x09, 0x00, 0x00, 0x00, 0xe6, 0xfc, 0xff, 0xff,
  0x14, 0x00, 0x00, 0x00, 0x00, 0x00, 0x00, 0x20, 0x1c, 0x00, 0x00, 0x00,
  0x20, 0x00, 0x00, 0x00, 0x03, 0x00, 0x00, 0x00, 0x3a, 0xfd, 0xff, 0xff,
  0x04, 0x00, 0x00, 0x00, 0x0b, 0x00, 0x00, 0x00, 0x0b, 0x00, 0x00, 0x00,
  0x01, 0x00, 0x00, 0x00, 0x2b, 0x00, 0x00, 0x00, 0x04, 0x00, 0x00, 0x00,
  0x2a, 0x00, 0x00, 0x00, 0x02, 0x00, 0x00, 0x00, 0x03, 0x00, 0x00, 0x00,
  0x04, 0x00, 0x00, 0x00, 0x2a, 0xfd, 0xff, 0xff, 0x14, 0x00, 0x00, 0x00,
  0x00, 0x00, 0x00, 0x02, 0x1c, 0x00, 0x00, 0x00, 0x20, 0x00, 0x00, 0x00,
  0x02, 0x00, 0x00, 0x00, 0x1c, 0xfd, 0xff, 0xff, 0x01, 0x00, 0x00, 0x00,
  0x01, 0x00, 0x00, 0x00, 0x01, 0x00, 0x00, 0x00, 0x01, 0x00, 0x00, 0x00,
  0x2a, 0x00, 0x00, 0x00, 0x03, 0x00, 0x00, 0x00, 0x29, 0x00, 0x00, 0x00,
  0x13, 0x00, 0x00, 0x00, 0x12, 0x00, 0x00, 0x00, 0x0e, 0xfd, 0xff, 0xff,
  0x0c, 0x00, 0x00, 0x00, 0x10, 0x00, 0x00, 0x00, 0x01, 0x00, 0x00, 0x00,
  0x01, 0x00, 0x00, 0x00, 0x29, 0x00, 0x00, 0x00, 0x02, 0x00, 0x00, 0x00,
  0x28, 0x00, 0x00, 0x00, 0x08, 0x00, 0x00, 0x00, 0x8e, 0xfd, 0xff, 0xff,
  0x14, 0x00, 0x00, 0x00, 0x00, 0x00, 0x00, 0x05, 0x24, 0x00, 0x00, 0x00,
  0x28, 0x00, 0x00, 0x00, 0x05, 0x00, 0x00, 0x00, 0xb2, 0xfe, 0xff, 0xff,
  0x01, 0x00, 0x00, 0x00, 0x02, 0x00, 0x00, 0x00, 0x01, 0x00, 0x00, 0x00,
  0x02, 0x00, 0x00, 0x00, 0x00, 0x00, 0x00, 0x01, 0x01, 0x00, 0x00, 0x00,
  0x28, 0x00, 0x00, 0x00, 0x01, 0x00, 0x00, 0x00, 0x27, 0x00, 0x00, 0x00,
  0xce, 0xfd, 0xff, 0xff, 0x14, 0x00, 0x00, 0x00, 0x00, 0x00, 0x00, 0x01,
  0x1c, 0x00, 0x00, 0x00, 0x20, 0x00, 0x00, 0x00, 0x04, 0x00, 0x00, 0x00,
  0xa4, 0xfe, 0xff, 0xff, 0x00, 0x00, 0x00, 0x01, 0x01, 0x00, 0x00, 0x00,
  0x01, 0x00, 0x00, 0x00, 0x01, 0x00, 0x00, 0x00, 0x27, 0x00, 0x00, 0x00,
  0x03, 0x00, 0x00, 0x00, 0x26, 0x00, 0x00, 0x00, 0x15, 0x00, 0x00, 0x00,
  0x14, 0x00, 0x00, 0x00, 0xb2, 0xfd, 0xff, 0xff, 0x0c, 0x00, 0x00, 0x00,
  0x10, 0x00, 0x00, 0x00, 0x01, 0x00, 0x00, 0x00, 0x01, 0x00, 0x00, 0x00,
  0x26, 0x00, 0x00, 0x00, 0x02, 0x00, 0x00, 0x00, 0x25, 0x00, 0x00, 0x00,
  0x07, 0x00, 0x00, 0x00, 0x32, 0xfe, 0xff, 0xff, 0x14, 0x00, 0x00, 0x00,
  0x00, 0x00, 0x00, 0x20, 0x1c, 0x00, 0x00, 0x00, 0x20, 0x00, 0x00, 0x00,
  0x03, 0x00, 0x00, 0x00, 0x86, 0xfe, 0xff, 0xff, 0x04, 0x00, 0x00, 0x00,
  0x0b, 0x00, 0x00, 0x00, 0x0b, 0x00, 0x00, 0x00, 0x01, 0x00, 0x00, 0x00,
  0x25, 0x00, 0x00, 0x00, 0x04, 0x00, 0x00, 0x00, 0x24, 0x00, 0x00, 0x00,
  0x02, 0x00, 0x00, 0x00, 0x03, 0x00, 0x00, 0x00, 0x04, 0x00, 0x00, 0x00,
  0x76, 0xfe, 0xff, 0xff, 0x14, 0x00, 0x00, 0x00, 0x00, 0x00, 0x00, 0x02,
  0x1c, 0x00, 0x00, 0x00, 0x20, 0x00, 0x00, 0x00, 0x02, 0x00, 0x00, 0x00,
  0x68, 0xfe, 0xff, 0xff, 0x01, 0x00, 0x00, 0x00, 0x01, 0x00, 0x00, 0x00,
  0x01, 0x00, 0x00, 0x00, 0x01, 0x00, 0x00, 0x00, 0x24, 0x00, 0x00, 0x00,
  0x03, 0x00, 0x00, 0x00, 0x23, 0x00, 0x00, 0x00, 0x17, 0x00, 0x00, 0x00,
  0x16, 0x00, 0x00, 0x00, 0x5a, 0xfe, 0xff, 0xff, 0x0c, 0x00, 0x00, 0x00,
  0x10, 0x00, 0x00, 0x00, 0x01, 0x00, 0x00, 0x00, 0x01, 0x00, 0x00, 0x00,
  0x23, 0x00, 0x00, 0x00, 0x02, 0x00, 0x00, 0x00, 0x22, 0x00, 0x00, 0x00,
  0x06, 0x00, 0x00, 0x00, 0x3e, 0xff, 0xff, 0xff, 0x24, 0x00, 0x00, 0x00,
  0x00, 0x00, 0x00, 0x05, 0x34, 0x00, 0x00, 0x00, 0x38, 0x00, 0x00, 0x00,
  0x05, 0x00, 0x00, 0x00, 0x00, 0x00, 0x0e, 0x00, 0x18, 0x00, 0x17, 0x00,
  0x10, 0x00, 0x0c, 0x00, 0x08, 0x00, 0x04, 0x00, 0x0e, 0x00, 0x00, 0x00,
  0x01, 0x00, 0x00, 0x00, 0x02, 0x00, 0x00, 0x00, 0x01, 0x00, 0x00, 0x00,
  0x02, 0x00, 0x00, 0x00, 0x00, 0x00, 0x00, 0x01, 0x01, 0x00, 0x00, 0x00,
  0x22, 0x00, 0x00, 0x00, 0x01, 0x00, 0x00, 0x00, 0x21, 0x00, 0x00, 0x00,
  0x2a, 0xff, 0xff, 0xff, 0x20, 0x00, 0x00, 0x00, 0x00, 0x00, 0x00, 0x01,
  0x28, 0x00, 0x00, 0x00, 0x2c, 0x00, 0x00, 0x00, 0x04, 0x00, 0x00, 0x00,
  0x0c, 0x00, 0x10, 0x00, 0x00, 0x00, 0x0c, 0x00, 0x08, 0x00, 0x07, 0x00,
  0x0c, 0x00, 0x00, 0x00, 0x00, 0x00, 0x00, 0x01, 0x01, 0x00, 0x00, 0x00,
  0x01, 0x00, 0x00, 0x00, 0x01, 0x00, 0x00, 0x00, 0x21, 0x00, 0x00, 0x00,
  0x03, 0x00, 0x00, 0x00, 0x20, 0x00, 0x00, 0x00, 0x19, 0x00, 0x00, 0x00,
  0x18, 0x00, 0x00, 0x00, 0x1a, 0xff, 0xff, 0xff, 0x0c, 0x00, 0x00, 0x00,
  0x10, 0x00, 0x00, 0x00, 0x01, 0x00, 0x00, 0x00, 0x01, 0x00, 0x00, 0x00,
  0x20, 0x00, 0x00, 0x00, 0x02, 0x00, 0x00, 0x00, 0x1f, 0x00, 0x00, 0x00,
  0x05, 0x00, 0x00, 0x00, 0x00, 0x00, 0x0e, 0x00, 0x1a, 0x00, 0x14, 0x00,
  0x10, 0x00, 0x0c, 0x00, 0x0b, 0x00, 0x04, 0x00, 0x0e, 0x00, 0x00, 0x00,
  0x24, 0x00, 0x00, 0x00, 0x00, 0x00, 0x00, 0x20, 0x2c, 0x00, 0x00, 0x00,
  0x30, 0x00, 0x00, 0x00, 0x03, 0x00, 0x00, 0x00, 0x00, 0x00, 0x0e, 0x00,
  0x10, 0x00, 0x0c, 0x00, 0x08, 0x00, 0x00, 0x00, 0x00, 0x00, 0x04, 0x00,
  0x0e, 0x00, 0x00, 0x00, 0x04, 0x00, 0x00, 0x00, 0x0b, 0x00, 0x00, 0x00,
  0x0b, 0x00, 0x00, 0x00, 0x01, 0x00, 0x00, 0x00, 0x1f, 0x00, 0x00, 0x00,
  0x04, 0x00, 0x00, 0x00, 0x1e, 0x00, 0x00, 0x00, 0x02, 0x00, 0x00, 0x00,
  0x03, 0x00, 0x00, 0x00, 0x04, 0x00, 0x00, 0x00, 0x00, 0x00, 0x0e, 0x00,
  0x18, 0x00, 0x14, 0x00, 0x10, 0x00, 0x0c, 0x00, 0x0b, 0x00, 0x04, 0x00,
  0x0e, 0x00, 0x00, 0x00, 0x20, 0x00, 0x00, 0x00, 0x00, 0x00, 0x00, 0x02,
  0x28, 0x00, 0x00, 0x00, 0x2c, 0x00, 0x00, 0x00, 0x02, 0x00, 0x00, 0x00,
  0x0c, 0x00, 0x10, 0x00, 0x00, 0x00, 0x0c, 0x00, 0x08, 0x00, 0x04, 0x00,
  0x0c, 0x00, 0x00, 0x00, 0x01, 0x00, 0x00, 0x00, 0x01, 0x00, 0x00, 0x00,
  0x01, 0x00, 0x00, 0x00, 0x01, 0x00, 0x00, 0x00, 0x1e, 0x00, 0x00, 0x00,
  0x03, 0x00, 0x00, 0x00, 0x1d, 0x00, 0x00, 0x00, 0x1b, 0x00, 0x00, 0x00,
  0x1a, 0x00, 0x00, 0x00, 0x00, 0x00, 0x0a, 0x00, 0x10, 0x00, 0x0c, 0x00,
  0x08, 0x00, 0x04, 0x00, 0x0a, 0x00, 0x00, 0x00, 0x0c, 0x00, 0x00, 0x00,
  0x10, 0x00, 0x00, 0x00, 0x01, 0x00, 0x00, 0x00, 0x01, 0x00, 0x00, 0x00,
  0x1d, 0x00, 0x00, 0x00, 0x02, 0x00, 0x00, 0x00, 0x1c, 0x00, 0x00, 0x00,
  0x01, 0x00, 0x00, 0x00, 0x00, 0x00, 0x0a, 0x00, 0x0c, 0x00, 0x00, 0x00,
  0x08, 0x00, 0x04, 0x00, 0x0a, 0x00, 0x00, 0x00, 0x08, 0x00, 0x00, 0x00,
  0x0c, 0x00, 0x00, 0x00, 0x01, 0x00, 0x00, 0x00, 0x1c, 0x00, 0x00, 0x00,
  0x01, 0x00, 0x00, 0x00, 0x00, 0x00, 0x00, 0x00, 0x01, 0x00, 0x00, 0x00,
  0x33, 0x00, 0x00, 0x00, 0x01, 0x00, 0x00, 0x00, 0x00, 0x00, 0x00, 0x00,
  0x34, 0x00, 0x00, 0x00, 0x38, 0x2b, 0x00, 0x00, 0xe0, 0x2a, 0x00, 0x00,
  0x88, 0x2a, 0x00, 0x00, 0x48, 0x2a, 0x00, 0x00, 0x08, 0x2a, 0x00, 0x00,
  0xc8, 0x29, 0x00, 0x00, 0x88, 0x29, 0x00, 0x00, 0x48, 0x29, 0x00, 0x00,
  0x08, 0x29, 0x00, 0x00, 0xc8, 0x28, 0x00, 0x00, 0x88, 0x28, 0x00, 0x00,
  0x48, 0x28, 0x00, 0x00, 0xdc, 0x27, 0x00, 0x00, 0x74, 0x27, 0x00, 0x00,
  0x10, 0x27, 0x00, 0x00, 0xac, 0x26, 0x00, 0x00, 0x58, 0x23, 0x00, 0x00,
  0xf4, 0x1f, 0x00, 0x00, 0xa0, 0x1c, 0x00, 0x00, 0x24, 0x19, 0x00, 0x00,
  0xb8, 0x15, 0x00, 0x00, 0x54, 0x12, 0x00, 0x00, 0x80, 0x10, 0x00, 0x00,
  0x98, 0x0e, 0x00, 0x00, 0xc0, 0x0c, 0x00, 0x00, 0xdc, 0x0a, 0x00, 0x00,
  0x78, 0x0a, 0x00, 0x00, 0x08, 0x0a, 0x00, 0x00, 0xa0, 0x09, 0x00, 0x00,
  0x3c, 0x09, 0x00, 0x00, 0xd8, 0x08, 0x00, 0x00, 0x74, 0x08, 0x00, 0x00,
  0x08, 0x08, 0x00, 0x00, 0x7c, 0x07, 0x00, 0x00, 0x18, 0x07, 0x00, 0x00,
  0xac, 0x06, 0x00, 0x00, 0x48, 0x06, 0x00, 0x00, 0xe4, 0x05, 0x00, 0x00,
  0x78, 0x05, 0x00, 0x00, 0xe4, 0x04, 0x00, 0x00, 0x80, 0x04, 0x00, 0x00,
  0x14, 0x04, 0x00, 0x00, 0xb0, 0x03, 0x00, 0x00, 0x4c, 0x03, 0x00, 0x00,
  0xe0, 0x02, 0x00, 0x00, 0x4c, 0x02, 0x00, 0x00, 0xc0, 0x01, 0x00, 0x00,
  0x64, 0x01, 0x00, 0x00, 0x00, 0x01, 0x00, 0x00, 0x9c, 0x00, 0x00, 0x00,
  0x40, 0x00, 0x00, 0x00, 0x04, 0x00, 0x00, 0x00, 0xae, 0xd5, 0xff, 0xff,
  0x00, 0x00, 0x00, 0x01, 0x10, 0x00, 0x00, 0x00, 0x10, 0x00, 0x00, 0x00,
  0x34, 0x00, 0x00, 0x00, 0x18, 0x00, 0x00, 0x00, 0x98, 0xd5, 0xff, 0xff,
  0x08, 0x00, 0x00, 0x00, 0x49, 0x64, 0x65, 0x6e, 0x74, 0x69, 0x74, 0x79,
  0x00, 0x00, 0x00, 0x00, 0x02, 0x00, 0x00, 0x00, 0x01, 0x00, 0x00, 0x00,
  0x05, 0x00, 0x00, 0x00, 0x3a, 0xd6, 0xff, 0xff, 0x00, 0x00, 0x00, 0x01,
  0x14, 0x00, 0x00, 0x00, 0x30, 0x00, 0x00, 0x00, 0x33, 0x00, 0x00, 0x00,
  0x00, 0x00, 0x00, 0x09, 0x34, 0x00, 0x00, 0x00, 0xfc, 0xd8, 0xff, 0xff,
  0x08, 0x00, 0x00, 0x00, 0x10, 0x00, 0x00, 0x00, 0x01, 0x00, 0x00, 0x00,
  0x80, 0xff, 0xff, 0xff, 0xff, 0xff, 0xff, 0xff, 0x01, 0x00, 0x00, 0x00,
  0x00, 0x00, 0x80, 0x3b, 0x09, 0x00, 0x00, 0x00, 0x49, 0x64, 0x65, 0x6e,
  0x74, 0x69, 0x74, 0x79, 0x31, 0x00, 0x00, 0x00, 0x02, 0x00, 0x00, 0x00,
  0x01, 0x00, 0x00, 0x00, 0x05, 0x00, 0x00, 0x00, 0x92, 0xd6, 0xff, 0xff,
  0x00, 0x00, 0x00, 0x01, 0x14, 0x00, 0x00, 0x00, 0x34, 0x00, 0x00, 0x00,
  0x32, 0x00, 0x00, 0x00, 0x00, 0x00, 0x00, 0x09, 0x3c, 0x00, 0x00, 0x00,
  0x54, 0xd9, 0xff, 0xff, 0x08, 0x00, 0x00, 0x00, 0x14, 0x00, 0x00, 0x00,
  0x01, 0x00, 0x00, 0x00, 0xe2, 0xff, 0xff, 0xff, 0xff, 0xff, 0xff, 0xff,
  0x00, 0x00, 0x00, 0x00, 0x01, 0x00, 0x00, 0x00, 0x5d, 0x6c, 0x9c, 0x3c,
  0x0e, 0x00, 0x00, 0x00, 0x4d, 0x61, 0x74, 0x4d, 0x75, 0x6c, 0x5f, 0x31,
  0x3b, 0x61, 0x64, 0x64, 0x5f, 0x31, 0x00, 0x00, 0x02, 0x00, 0x00, 0x00,
  0x01, 0x00, 0x00, 0x00, 0x05, 0x00, 0x00, 0x00, 0xf2, 0xd6, 0xff, 0xff,
  0x00, 0x00, 0x00, 0x01, 0x14, 0x00, 0x00, 0x00, 0x30, 0x00, 0x00, 0x00,
  0x31, 0x00, 0x00, 0x00, 0x00, 0x00, 0x00, 0x09, 0x3c, 0x00, 0x00, 0x00,
  0xb4, 0xd9, 0xff, 0xff, 0x08, 0x00, 0x00, 0x00, 0x10, 0x00, 0x00, 0x00,
  0x01, 0x00, 0x00, 0x00, 0x80, 0xff, 0xff, 0xff, 0xff, 0xff, 0xff, 0xff,
  0x01, 0x00, 0x00, 0x00, 0xa9, 0xef, 0x75, 0x3c, 0x11, 0x00, 0x00, 0x00,
  0x4d, 0x61, 0x74, 0x4d, 0x75, 0x6c, 0x3b, 0x52, 0x65, 0x6c, 0x75, 0x5f,
  0x33, 0x3b, 0x61, 0x64, 0x64, 0x00, 0x00, 0x00, 0x02, 0x00, 0x00, 0x00,
  0x01, 0x00, 0x00, 0x00, 0x20, 0x00, 0x00, 0x00, 0x52, 0xd7, 0xff, 0xff,
  0x00, 0x00, 0x00, 0x01, 0x14, 0x00, 0x00, 0x00, 0x34, 0x00, 0x00, 0x00,
  0x30, 0x00, 0x00, 0x00, 0x00, 0x00, 0x00, 0x09, 0x34, 0x00, 0x00, 0x00,
  0x14, 0xda, 0xff, 0xff, 0x08, 0x00, 0x00, 0x00, 0x14, 0x00, 0x00, 0x00,
  0x01, 0x00, 0x00, 0x00, 0x80, 0xff, 0xff, 0xff, 0xff, 0xff, 0xff, 0xff,
  0x00, 0x00, 0x00, 0x00, 0x01, 0x00, 0x00, 0x00, 0x90, 0xfb, 0xc0, 0x3b,
  0x04, 0x00, 0x00, 0x00, 0x4d, 0x65, 0x61, 0x6e, 0x00, 0x00, 0x00, 0x00,
  0x02, 0x00, 0x00, 0x00, 0x01, 0x00, 0x00, 0x00, 0x40, 0x00, 0x00, 0x00,
  0xaa, 0xd7, 0xff, 0xff, 0x00, 0x00, 0x00, 0x01, 0x14, 0x00, 0x00, 0x00,
  0x34, 0x00, 0x00, 0x00, 0x2f, 0x00, 0x00, 0x00, 0x00, 0x00, 0x00, 0x09,
  0x60, 0x00, 0x00, 0x00, 0x6c, 0xda, 0xff, 0xff, 0x08, 0x00, 0x00, 0x00,
  0x14, 0x00, 0x00, 0x00, 0x01, 0x00, 0x00, 0x00, 0x80, 0xff, 0xff, 0xff,
  0xff, 0xff, 0xff, 0xff, 0x00, 0x00, 0x00, 0x00, 0x01, 0x00, 0x00, 0x00,
  0x35, 0xb5, 0x0c, 0x3e, 0x30, 0x00, 0x00, 0x00, 0x52, 0x65, 0x6c, 0x75,
  0x5f, 0x32, 0x3b, 0x42, 0x69, 0x61, 0x73, 0x41, 0x64, 0x64, 0x5f, 0x32,
  0x3b, 0x63, 0x6f, 0x6e, 0x76, 0x31, 0x64, 0x5f, 0x32, 0x2f, 0x53, 0x71,
  0x75, 0x65, 0x65, 0x7a, 0x65, 0x3b, 0x42, 0x69, 0x61, 0x73, 0x41, 0x64,
  0x64, 0x5f, 0x32, 0x2f, 0x62, 0x69, 0x61, 0x73, 0x00, 0x00, 0x00, 0x00,
  0x03, 0x00, 0x00, 0x00, 0x01, 0x00, 0x00, 0x00, 0x5a, 0x00, 0x00, 0x00,
  0x40, 0x00, 0x00, 0x00, 0x32, 0xd8, 0xff, 0xff, 0x00, 0x00, 0x00, 0x01,
  0x14, 0x00, 0x00, 0x00, 0x30, 0x00, 0x00, 0x00, 0x2e, 0x00, 0x00, 0x00,
  0x00, 0x00, 0x00, 0x09, 0x64, 0x00, 0x00, 0x00, 0xf4, 0xda, 0xff, 0xff,
  0x08, 0x00, 0x00, 0x00, 0x10, 0x00, 0x00, 0x00, 0x01, 0x00, 0x00, 0x00,
  0x80, 0xff, 0xff, 0xff, 0xff, 0xff, 0xff, 0xff, 0x01, 0x00, 0x00, 0x00,
  0x35, 0xb5, 0x0c, 0x3e, 0x39, 0x00, 0x00, 0x00, 0x52, 0x65, 0x6c, 0x75,
  0x5f, 0x32, 0x3b, 0x42, 0x69, 0x61, 0x73, 0x41, 0x64, 0x64, 0x5f, 0x32,
  0x3b, 0x63, 0x6f, 0x6e, 0x76, 0x31, 0x64, 0x5f, 0x32, 0x2f, 0x53, 0x71,
  0x75, 0x65, 0x65, 0x7a, 0x65, 0x3b, 0x42, 0x69, 0x61, 0x73, 0x41, 0x64,
  0x64, 0x5f, 0x32, 0x2f, 0x62, 0x69, 0x61, 0x73, 0x3b, 0x63, 0x6f, 0x6e,
  0x76, 0x31, 0x64, 0x5f, 0x32, 0x00, 0x00, 0x00, 0x04, 0x00, 0x00, 0x00,
  0x01, 0x00, 0x00, 0x00, 0x01, 0x00, 0x00, 0x00, 0x5a, 0x00, 0x00, 0x00,
  0x40, 0x00, 0x00, 0x00, 0xc2, 0xd8, 0xff, 0xff, 0x00, 0x00, 0x00, 0x01,
  0x14, 0x00, 0x00, 0x00, 0x30, 0x00, 0x00, 0x00, 0x2d, 0x00, 0x00, 0x00,
  0x00, 0x00, 0x00, 0x09, 0x3c, 0x00, 0x00, 0x00, 0x84, 0xdb, 0xff, 0xff,
  0x08, 0x00, 0x00, 0x00, 0x10, 0x00, 0x00, 0x00, 0x01, 0x00, 0x00, 0x00,
  0x0a, 0x00, 0x00, 0x00, 0x00, 0x00, 0x00, 0x00, 0x01, 0x00, 0x00, 0x00,
  0xe7, 0x68, 0x39, 0x3d, 0x13, 0x00, 0x00, 0x00, 0x63, 0x6f, 0x6e, 0x76,
  0x31, 0x64, 0x5f, 0x32, 0x2f, 0x45, 0x78, 0x70, 0x61, 0x6e, 0x64, 0x44,
  0x69, 0x6d, 0x73, 0x00, 0x04, 0x00, 0x00, 0x00, 0x01, 0x00, 0x00, 0x00,
  0x01, 0x00, 0x00, 0x00, 0x5a, 0x00, 0x00, 0x00, 0x40, 0x00, 0x00, 0x00,
  0x2a, 0xd9, 0xff, 0xff, 0x00, 0x00, 0x00, 0x01, 0x14, 0x00, 0x00, 0x00,
  0x30, 0x00, 0x00, 0x00, 0x2c, 0x00, 0x00, 0x00, 0x00, 0x00, 0x00, 0x09,
  0x38, 0x00, 0x00, 0x00, 0xec, 0xdb, 0xff, 0xff, 0x08, 0x00, 0x00, 0x00,
  0x10, 0x00, 0x00, 0x00, 0x01, 0x00, 0x00, 0x00, 0x0a, 0x00, 0x00, 0x00,
  0x00, 0x00, 0x00, 0x00, 0x01, 0x00, 0x00, 0x00, 0xe7, 0x68, 0x39, 0x3d,
  0x0f, 0x00, 0x00, 0x00, 0x73, 0x74, 0x72, 0x69, 0x64, 0x65, 0x64, 0x5f,
  0x73, 0x6c, 0x69, 0x63, 0x65, 0x5f, 0x32, 0x00, 0x03, 0x00, 0x00, 0x00,
  0x01, 0x00, 0x00, 0x00, 0x5a, 0x00, 0x00, 0x00, 0x40, 0x00, 0x00, 0x00,
  0x8a, 0xd9, 0xff, 0xff, 0x00, 0x00, 0x00, 0x01, 0x14, 0x00, 0x00, 0x00,
  0x30, 0x00, 0x00, 0x00, 0x2b, 0x00, 0x00, 0x00, 0x00, 0x00, 0x00, 0x09,
  0x34, 0x00, 0x00, 0x00, 0x4c, 0xdc, 0xff, 0xff, 0x08, 0x00, 0x00, 0x00,
  0x10, 0x00, 0x00, 0x00, 0x01, 0x00, 0x00, 0x00, 0x0a, 0x00, 0x00, 0x00,
  0x00, 0x00, 0x00, 0x00, 0x01, 0x00, 0x00, 0x00, 0xe7, 0x68, 0x39, 0x3d,
  0x0b, 0x00, 0x00, 0x00, 0x64, 0x65, 0x70, 0x74, 0x68, 0x77, 0x69, 0x73,
  0x65, 0x5f, 0x32, 0x00, 0x04, 0x00, 0x00, 0x00, 0x01, 0x00, 0x00, 0x00,
  0x5a, 0x00, 0x00, 0x00, 0x01, 0x00, 0x00, 0x00, 0x40, 0x00, 0x00, 0x00,
  0xea, 0xd9, 0xff, 0xff, 0x00, 0x00, 0x00, 0x01, 0x14, 0x00, 0x00, 0x00,
  0x34, 0x00, 0x00, 0x00, 0x2a, 0x00, 0x00, 0x00, 0x00, 0x00, 0x00, 0x09,
  0x3c, 0x00, 0x00, 0x00, 0xac, 0xdc, 0xff, 0xff, 0x08, 0x00, 0x00, 0x00,
  0x14, 0x00, 0x00, 0x00, 0x01, 0x00, 0x00, 0x00, 0x80, 0xff, 0xff, 0xff,
  0xff, 0xff, 0xff, 0xff, 0x00, 0x00, 0x00, 0x00, 0x01, 0x00, 0x00, 0x00,
  0x11, 0x07, 0x41, 0x3d, 0x0c, 0x00, 0x00, 0x00, 0x45, 0x78, 0x70, 0x61,
  0x6e, 0x64, 0x44, 0x69, 0x6d, 0x73, 0x5f, 0x32, 0x00, 0x00, 0x00, 0x00,
  0x04, 0x00, 0x00, 0x00, 0x01, 0x00, 0x00, 0x00, 0x5a, 0x00, 0x00, 0x00,
  0x01, 0x00, 0x00, 0x00, 0x40, 0x00, 0x00, 0x00, 0x52, 0xda, 0xff, 0xff,
  0x00, 0x00, 0x00, 0x01, 0x14, 0x00, 0x00, 0x00, 0x30, 0x00, 0x00, 0x00,
  0x29, 0x00, 0x00, 0x00, 0x00, 0x00, 0x00, 0x09, 0x34, 0x00, 0x00, 0x00,
  0x14, 0xdd, 0xff, 0xff, 0x08, 0x00, 0x00, 0x00, 0x10, 0x00, 0x00, 0x00,
  0x01, 0x00, 0x00, 0x00, 0x80, 0xff, 0xff, 0xff, 0xff, 0xff, 0xff, 0xff,
  0x01, 0x00, 0x00, 0x00, 0x11, 0x07, 0x41, 0x3d, 0x0b, 0x00, 0x00, 0x00,
  0x4d, 0x61, 0x78, 0x50, 0x6f, 0x6f, 0x6c, 0x31, 0x64, 0x5f, 0x31, 0x00,
  0x04, 0x00, 0x00, 0x00, 0x01, 0x00, 0x00, 0x00, 0x01, 0x00, 0x00, 0x00,
  0x5a, 0x00, 0x00, 0x00, 0x40, 0x00, 0x00, 0x00, 0xb2, 0xda, 0xff, 0xff,
  0x00, 0x00, 0x00, 0x01, 0x14, 0x00, 0x00, 0x00, 0x30, 0x00, 0x00, 0x00,
  0x28, 0x00, 0x00, 0x00, 0x00, 0x00, 0x00, 0x09, 0x64, 0x00, 0x00, 0x00,
  0x74, 0xdd, 0xff, 0xff, 0x08, 0x00, 0x00, 0x00, 0x10, 0x00, 0x00, 0x00,
  0x01, 0x00, 0x00, 0x00, 0x80, 0xff, 0xff, 0xff, 0xff, 0xff, 0xff, 0xff,
  0x01, 0x00, 0x00, 0x00, 0x11, 0x07, 0x41, 0x3d, 0x39, 0x00, 0x00, 0x00,
  0x52, 0x65, 0x6c, 0x75, 0x5f, 0x31, 0x3b, 0x42, 0x69, 0x61, 0x73, 0x41,
  0x64, 0x64, 0x5f, 0x31, 0x3b, 0x63, 0x6f, 0x6e, 0x76, 0x31, 0x64, 0x5f,
  0x31, 0x2f, 0x53, 0x71, 0x75, 0x65, 0x65, 0x7a, 0x65, 0x3b, 0x42, 0x69,
  0x61, 0x73, 0x41, 0x64, 0x64, 0x5f, 0x31, 0x2f, 0x62, 0x69, 0x61, 0x73,
  0x3b, 0x63, 0x6f, 0x6e, 0x76, 0x31, 0x64, 0x5f, 0x31, 0x00, 0x00, 0x00,
  0x04, 0x00, 0x00, 0x00, 0x01, 0x00, 0x00, 0x00, 0x01, 0x00, 0x00, 0x00,
  0xb4, 0x00, 0x00, 0x00, 0x40, 0x00, 0x00, 0x00, 0x42, 0xdb, 0xff, 0xff,
  0x00, 0x00, 0x00, 0x01, 0x14, 0x00, 0x00, 0x00, 0x30, 0x00, 0x00, 0x00,
  0x27, 0x00, 0x00, 0x00, 0x00, 0x00, 0x00, 0x09, 0x3c, 0x00, 0x00, 0x00,
  0x04, 0xde, 0xff, 0xff, 0x08, 0x00, 0x00, 0x00, 0x10, 0x00, 0x00, 0x00,
  0x01, 0x00, 0x00, 0x00, 0x0e, 0x00, 0x00, 0x00, 0x00, 0x00, 0x00, 0x00,
  0x01, 0x00, 0x00, 0x00, 0x4c, 0xad, 0x18, 0x3d, 0x13, 0x00, 0x00, 0x00,
  0x63, 0x6f, 0x6e, 0x76, 0x31, 0x64, 0x5f, 0x31, 0x2f, 0x45, 0x78, 0x70,
  0x61, 0x6e, 0x64, 0x44, 0x69, 0x6d, 0x73, 0x00, 0x04, 0x00, 0x00, 0x00,
  0x01, 0x00, 0x00, 0x00, 0x01, 0x00, 0x00, 0x00, 0xb4, 0x00, 0x00, 0x00,
  0x20, 0x00, 0x00, 0x00, 0xaa, 0xdb, 0xff, 0xff, 0x00, 0x00, 0x00, 0x01,
  0x14, 0x00, 0x00, 0x00, 0x30, 0x00, 0x00, 0x00, 0x26, 0x00, 0x00, 0x00,
  0x00, 0x00, 0x00, 0x09, 0x38, 0x00, 0x00, 0x00, 0x6c, 0xde, 0xff, 0xff,
  0x08, 0x00, 0x00, 0x00, 0x10, 0x00, 0x00, 0x00, 0x01, 0x00, 0x00, 0x00,
  0x0e, 0x00, 0x00, 0x00, 0x00, 0x00, 0x00, 0x00, 0x01, 0x00, 0x00, 0x00,
  0x4c, 0xad, 0x18, 0x3d, 0x0f, 0x00, 0x00, 0x00, 0x73, 0x74, 0x72, 0x69,
  0x64, 0x65, 0x64, 0x5f, 0x73, 0x6c, 0x69, 0x63, 0x65, 0x5f, 0x31, 0x00,
  0x03, 0x00, 0x00, 0x00, 0x01, 0x00, 0x00, 0x00, 0xb4, 0x00, 0x00, 0x00,
  0x20, 0x00, 0x00, 0x00, 0x0a, 0xdc, 0xff, 0xff, 0x00, 0x00, 0x00, 0x01,
  0x14, 0x00, 0x00, 0x00, 0x30, 0x00, 0x00, 0x00, 0x25, 0x00, 0x00, 0x00,
  0x00, 0x00, 0x00, 0x09, 0x34, 0x00, 0x00, 0x00, 0xcc, 0xde, 0xff, 0xff,
  0x08, 0x00, 0x00, 0x00, 0x10, 0x00, 0x00, 0x00, 0x01, 0x00, 0x00, 0x00,
  0x0e, 0x00, 0x00, 0x00, 0x00, 0x00, 0x00, 0x00, 0x01, 0x00, 0x00, 0x00,
  0x4c, 0xad, 0x18, 0x3d, 0x0b, 0x00, 0x00, 0x00, 0x64, 0x65, 0x70, 0x74,
  0x68, 0x77, 0x69, 0x73, 0x65, 0x5f, 0x31, 0x00, 0x04, 0x00, 0x00, 0x00,
  0x01, 0x00, 0x00, 0x00, 0xb4, 0x00, 0x00, 0x00, 0x01, 0x00, 0x00, 0x00,
  0x20, 0x00, 0x00, 0x00, 0x6a, 0xdc, 0xff, 0xff, 0x00, 0x00, 0x00, 0x01,
  0x14, 0x00, 0x00, 0x00, 0x34, 0x00, 0x00, 0x00, 0x24, 0x00, 0x00, 0x00,
  0x00, 0x00, 0x00, 0x09, 0x3c, 0x00, 0x00, 0x00, 0x2c, 0xdf, 0xff, 0xff,
  0x08, 0x00, 0x00, 0x00, 0x14, 0x00, 0x00, 0x00, 0x01, 0x00, 0x00, 0x00,
  0x80, 0xff, 0xff, 0xff, 0xff, 0xff, 0xff, 0xff, 0x00, 0x00, 0x00, 0x00,
  0x01, 0x00, 0x00, 0x00, 0xc9, 0xf1, 0x14, 0x3d, 0x0c, 0x00, 0x00, 0x00,
  0x45, 0x78, 0x70, 0x61, 0x6e, 0x64, 0x44, 0x69, 0x6d, 0x73, 0x5f, 0x31,
  0x00, 0x00, 0x00, 0x00, 0x04, 0x00, 0x00, 0x00, 0x01, 0x00, 0x00, 0x00,
  0xb4, 0x00, 0x00, 0x00, 0x01, 0x00, 0x00, 0x00, 0x20, 0x00, 0x00, 0x00,
  0xd2, 0xdc, 0xff, 0xff, 0x00, 0x00, 0x00, 0x01, 0x14, 0x00, 0x00, 0x00,
  0x30, 0x00, 0x00, 0x00, 0x23, 0x00, 0x00, 0x00, 0x00, 0x00, 0x00, 0x09,
  0x34, 0x00, 0x00, 0x00, 0x94, 0xdf, 0xff, 0xff, 0x08, 0x00, 0x00, 0x00,
  0x10, 0x00, 0x00, 0x00, 0x01, 0x00, 0x00, 0x00, 0x80, 0xff, 0xff, 0xff,
  0xff, 0xff, 0xff, 0xff, 0x01, 0x00, 0x00, 0x00, 0xc9, 0xf1, 0x14, 0x3d,
  0x09, 0x00, 0x00, 0x00, 0x4d, 0x61, 0x78, 0x50, 0x6f, 0x6f, 0x6c, 0x31,
  0x64, 0x00, 0x00, 0x00, 0x04, 0x00, 0x00, 0x00, 0x01, 0x00, 0x00, 0x00,
  0x01, 0x00, 0x00, 0x00, 0xb4, 0x00, 0x00, 0x00, 0x20, 0x00, 0x00, 0x00,
  0x32, 0xdd, 0xff, 0xff, 0x00, 0x00, 0x00, 0x01, 0x14, 0x00, 0x00, 0x00,
  0x34, 0x00, 0x00, 0x00, 0x22, 0x00, 0x00, 0x00, 0x00, 0x00, 0x00, 0x09,
  0x5c, 0x00, 0x00, 0x00, 0xf4, 0xdf, 0xff, 0xff, 0x08, 0x00, 0x00, 0x00,
  0x14, 0x00, 0x00, 0x00, 0x01, 0x00, 0x00, 0x00, 0x80, 0xff, 0xff, 0xff,
  0xff, 0xff, 0xff, 0xff, 0x00, 0x00, 0x00, 0x00, 0x01, 0x00, 0x00, 0x00,
  0xc9, 0xf1, 0x14, 0x3d, 0x2f, 0x00, 0x00, 0x00, 0x52, 0x65, 0x6c, 0x75,
  0x3b, 0x42, 0x69, 0x61, 0x73, 0x41, 0x64, 0x64, 0x3b, 0x63, 0x6f, 0x6e,
  0x76, 0x31, 0x64, 0x2f, 0x53, 0x71, 0x75, 0x65, 0x65, 0x7a, 0x65, 0x3b,
  0x42, 0x69, 0x61, 0x73, 0x41, 0x64, 0x64, 0x2f, 0x62, 0x69, 0x61, 0x73,
  0x3b, 0x63, 0x6f, 0x6e, 0x76, 0x31, 0x64, 0x00, 0x04, 0x00, 0x00, 0x00,
  0x01, 0x00, 0x00, 0x00, 0x01, 0x00, 0x00, 0x00, 0x68, 0x01, 0x00, 0x00,
  0x20, 0x00, 0x00, 0x00, 0xba, 0xdd, 0xff, 0xff, 0x00, 0x00, 0x00, 0x01,
  0x14, 0x00, 0x00, 0x00, 0x30, 0x00, 0x00, 0x00, 0x21, 0x00, 0x00, 0x00,
  0x00, 0x00, 0x00, 0x09, 0x3c, 0x00, 0x00, 0x00, 0x7c, 0xe0, 0xff, 0xff,
  0x08, 0x00, 0x00, 0x00, 0x10, 0x00, 0x00, 0x00, 0x01, 0x00, 0x00, 0x00,
  0xed, 0xff, 0xff, 0xff, 0xff, 0xff, 0xff, 0xff, 0x01, 0x00, 0x00, 0x00,
  0xc8, 0xa3, 0x23, 0x3d, 0x11, 0x00, 0x00, 0x00, 0x63, 0x6f, 0x6e, 0x76,
  0x31, 0x64, 0x2f, 0x45, 0x78, 0x70, 0x61, 0x6e, 0x64, 0x44, 0x69, 0x6d,
  0x73, 0x00, 0x00, 0x00, 0x04, 0x00, 0x00, 0x00, 0x01, 0x00, 0x00, 0x00,
  0x01, 0x00, 0x00, 0x00, 0x68, 0x01, 0x00, 0x00, 0x01, 0x00, 0x00, 0x00,
  0x22, 0xde, 0xff, 0xff, 0x00, 0x00, 0x00, 0x01, 0x14, 0x00, 0x00, 0x00,
  0x30, 0x00, 0x00, 0x00, 0x20, 0x00, 0x00, 0x00, 0x00, 0x00, 0x00, 0x09,
  0x38, 0x00, 0x00, 0x00, 0xe4, 0xe0, 0xff, 0xff, 0x08, 0x00, 0x00, 0x00,
  0x10, 0x00, 0x00, 0x00, 0x01, 0x00, 0x00, 0x00, 0xed, 0xff, 0xff, 0xff,
  0xff, 0xff, 0xff, 0xff, 0x01, 0x00, 0x00, 0x00, 0xc8, 0xa3, 0x23, 0x3d,
  0x0d, 0x00, 0x00, 0x00, 0x73, 0x74, 0x72, 0x69, 0x64, 0x65, 0x64, 0x5f,
  0x73, 0x6c, 0x69, 0x63, 0x65, 0x00, 0x00, 0x00, 0x03, 0x00, 0x00, 0x00,
  0x01, 0x00, 0x00, 0x00, 0x68, 0x01, 0x00, 0x00, 0x01, 0x00, 0x00, 0x00,
  0x82, 0xde, 0xff, 0xff, 0x00, 0x00, 0x00, 0x01, 0x14, 0x00, 0x00, 0x00,
  0x30, 0x00, 0x00, 0x00, 0x1f, 0x00, 0x00, 0x00, 0x00, 0x00, 0x00, 0x09,
  0x34, 0x00, 0x00, 0x00, 0x44, 0xe1, 0xff, 0xff, 0x08, 0x00, 0x00, 0x00,
  0x10, 0x00, 0x00, 0x00, 0x01, 0x00, 0x00, 0x00, 0xed, 0xff, 0xff, 0xff,
  0xff, 0xff, 0xff, 0xff, 0x01, 0x00, 0x00, 0x00, 0xc8, 0xa3, 0x23, 0x3d,
  0x09, 0x00, 0x00, 0x00, 0x64, 0x65, 0x70, 0x74, 0x68, 0x77, 0x69, 0x73,
  0x65, 0x00, 0x00, 0x00, 0x04, 0x00, 0x00, 0x00, 0x01, 0x00, 0x00, 0x00,
  0x68, 0x01, 0x00, 0x00, 0x01, 0x00, 0x00, 0x00, 0x01, 0x00, 0x00, 0x00,
  0xe2, 0xde, 0xff, 0xff, 0x00, 0x00, 0x00, 0x01, 0x14, 0x00, 0x00, 0x00,
  0x30, 0x00, 0x00, 0x00, 0x1e, 0x00, 0x00, 0x00, 0x00, 0x00, 0x00, 0x09,
  0x34, 0x00, 0x00, 0x00, 0xa4, 0xe1, 0xff, 0xff, 0x08, 0x00, 0x00, 0x00,
  0x10, 0x00, 0x00, 0x00, 0x01, 0x00, 0x00, 0x00, 0xef, 0xff, 0xff, 0xff,
  0xff, 0xff, 0xff, 0xff, 0x01, 0x00, 0x00, 0x00, 0x5e, 0x11, 0x66, 0x3d,
  0x0b, 0x00, 0x00, 0x00, 0x45, 0x78, 0x70, 0x61, 0x6e, 0x64, 0x44, 0x69,
  0x6d, 0x73, 0x31, 0x00, 0x04, 0x00, 0x00, 0x00, 0x01, 0x00, 0x00, 0x00,
  0x68, 0x01, 0x00, 0x00, 0x01, 0x00, 0x00, 0x00, 0x01, 0x00, 0x00, 0x00,
  0x42, 0xdf, 0xff, 0xff, 0x00, 0x00, 0x00, 0x01, 0x14, 0x00, 0x00, 0x00,
  0x34, 0x00, 0x00, 0x00, 0x1d, 0x00, 0x00, 0x00, 0x00, 0x00, 0x00, 0x09,
  0x3c, 0x00, 0x00, 0x00, 0x04, 0xe2, 0xff, 0xff, 0x08, 0x00, 0x00, 0x00,
  0x14, 0x00, 0x00, 0x00, 0x01, 0x00, 0x00, 0x00, 0xef, 0xff, 0xff, 0xff,
  0xff, 0xff, 0xff, 0xff, 0x00, 0x00, 0x00, 0x00, 0x01, 0x00, 0x00, 0x00,
  0x5e, 0x11, 0x66, 0x3d, 0x0c, 0x00, 0x00, 0x00, 0x74, 0x66, 0x6c, 0x2e,
  0x71, 0x75, 0x61, 0x6e, 0x74, 0x69, 0x7a, 0x65, 0x00, 0x00, 0x00, 0x00,
  0x03, 0x00, 0x00, 0x00, 0x01, 0x00, 0x00, 0x00, 0x68, 0x01, 0x00, 0x00,
  0x01, 0x00, 0x00, 0x00, 0xa6, 0xdf, 0xff, 0xff, 0x00, 0x00, 0x00, 0x01,
  0x14, 0x00, 0x00, 0x00, 0x34, 0x00, 0x00, 0x00, 0x1c, 0x00, 0x00, 0x00,
  0x00, 0x00, 0x00, 0x09, 0x40, 0x00, 0x00, 0x00, 0x02, 0xf1, 0xff, 0xff,
  0x03, 0x00, 0x00, 0x00, 0x08, 0x00, 0x00, 0x00, 0x10, 0x00, 0x00, 0x00,
  0x01, 0x00, 0x00, 0x00, 0x00, 0x00, 0x00, 0x00, 0x00, 0x00, 0x00, 0x00,
  0x01, 0x00, 0x00, 0x00, 0x63, 0x80, 0x8a, 0x3b, 0x13, 0x00, 0x00, 0x00,
  0x74, 0x66, 0x6c, 0x2e, 0x70, 0x73, 0x65, 0x75, 0x64, 0x6f, 0x5f, 0x71,
  0x63, 0x6f, 0x6e, 0x73, 0x74, 0x31, 0x35, 0x00, 0x04, 0x00, 0x00, 0x00,
  0x01, 0x00, 0x00, 0x00, 0x07, 0x00, 0x00, 0x00, 0x01, 0x00, 0x00, 0x00,
  0x01, 0x00, 0x00, 0x00, 0x12, 0xe0, 0xff, 0xff, 0x00, 0x00, 0x00, 0x01,
  0x14, 0x00, 0x00, 0x00, 0x34, 0x00, 0x00, 0x00, 0x1b, 0x00, 0x00, 0x00,
  0x00, 0x00, 0x00, 0x02, 0x40, 0x00, 0x00, 0x00, 0xd4, 0xe2, 0xff, 0xff,
  0x08, 0x00, 0x00, 0x00, 0x14, 0x00, 0x00, 0x00, 0x01, 0x00, 0x00, 0x00,
  0x00, 0x00, 0x00, 0x00, 0x00, 0x00, 0x00, 0x00, 0x00, 0x00, 0x00, 0x00,
  0x01, 0x00, 0x00, 0x00, 0x7d, 0xf1, 0x78, 0x39, 0x13, 0x00, 0x00, 0x00,
  0x74, 0x66, 0x6c, 0x2e, 0x70, 0x73, 0x65, 0x75, 0x64, 0x6f, 0x5f, 0x71,
  0x63, 0x6f, 0x6e, 0x73, 0x74, 0x31, 0x34, 0x00, 0x01, 0x00, 0x00, 0x00,
  0x01, 0x00, 0x00, 0x00, 0x72, 0xe0, 0xff, 0xff, 0x00, 0x00, 0x00, 0x01,
  0x14, 0x00, 0x00, 0x00, 0xa8, 0x01, 0x00, 0x00, 0x1a, 0x00, 0x00, 0x00,
  0x00, 0x00, 0x00, 0x09, 0xb4, 0x01, 0x00, 0x00, 0x34, 0xe3, 0xff, 0xff,
  0x08, 0x00, 0x00, 0x00, 0x0c, 0x01, 0x00, 0x00, 0x20, 0x00, 0x00, 0x00,
  0x00, 0x00, 0x00, 0x00, 0x00, 0x00, 0x00, 0x00, 0x00, 0x00, 0x00, 0x00,
  0x00, 0x00, 0x00, 0x00, 0x00, 0x00, 0x00, 0x00, 0x00, 0x00, 0x00, 0x00,
  0x00, 0x00, 0x00, 0x00, 0x00, 0x00, 0x00, 0x00, 0x00, 0x00, 0x00, 0x00,
  0x00, 0x00, 0x00, 0x00, 0x00, 0x00, 0x00, 0x00, 0x00, 0x00, 0x00, 0x00,
  0x00, 0x00, 0x00, 0x00, 0x00, 0x00, 0x00, 0x00, 0x00, 0x00, 0x00, 0x00,
  0x00, 0x00, 0x00, 0x00, 0x00, 0x00, 0x00, 0x00, 0x00, 0x00, 0x00, 0x00,
  0x00, 0x00, 0x00, 0x00, 0x00, 0x00, 0x00, 0x00, 0x00, 0x00, 0x00, 0x00,
  0x00, 0x00, 0x00, 0x00, 0x00, 0x00, 0x00, 0x00, 0x00, 0x00, 0x00, 0x00,
  0x00, 0x00, 0x00, 0x00, 0x00, 0x00, 0x00, 0x00, 0x00, 0x00, 0x00, 0x00,
  0x00, 0x00, 0x00, 0x00, 0x00, 0x00, 0x00, 0x00, 0x00, 0x00, 0x00, 0x00,
  0x00, 0x00, 0x00, 0x00, 0x00, 0x00, 0x00, 0x00, 0x00, 0x00, 0x00, 0x00,
  0x00, 0x00, 0x00, 0x00, 0x00, 0x00, 0x00, 0x00, 0x00, 0x00, 0x00, 0x00,
  0x00, 0x00, 0x00, 0x00, 0x00, 0x00, 0x00, 0x00, 0x00, 0x00, 0x00, 0x00,
  0x00, 0x00, 0x00, 0x00, 0x00, 0x00, 0x00, 0x00, 0x00, 0x00, 0x00, 0x00,
  0x00, 0x00, 0x00, 0x00, 0x00, 0x00, 0x00, 0x00, 0x00, 0x00, 0x00, 0x00,
  0x00, 0x00, 0x00, 0x00, 0x00, 0x00, 0x00, 0x00, 0x00, 0x00, 0x00, 0x00,
  0x00, 0x00, 0x00, 0x00, 0x00, 0x00, 0x00, 0x00, 0x00, 0x00, 0x00, 0x00,
  0x00, 0x00, 0x00, 0x00, 0x00, 0x00, 0x00, 0x00, 0x00, 0x00, 0x00, 0x00,
  0x00, 0x00, 0x00, 0x00, 0x00, 0x00, 0x00, 0x00, 0x00, 0x00, 0x00, 0x00,
  0x00, 0x00, 0x00, 0x00, 0x00, 0x00, 0x00, 0x00, 0x00, 0x00, 0x00, 0x00,
  0x00, 0x00, 0x00, 0x00, 0x00, 0x00, 0x00, 0x00, 0x00, 0x00, 0x00, 0x00,
  0x00, 0x00, 0x00, 0x00, 0x00, 0x00, 0x00, 0x00, 0x20, 0x00, 0x00, 0x00,
  0xc2, 0x8b, 0x0b, 0x3c, 0x98, 0x50, 0xfa, 0x3b, 0x68, 0x9f, 0x04, 0x3c,
  0x63, 0x37, 0x06, 0x3c, 0x8d, 0xe8, 0x05, 0x3c, 0x93, 0xc6, 0x04, 0x3c,
  0x01, 0xa7, 0x5a, 0x3c, 0x45, 0x63, 0x00, 0x3c, 0xc5, 0x7e, 0x1e, 0x3c,
  0xaa, 0x9d, 0x41, 0x3c, 0xf0, 0x60, 0x18, 0x3c, 0x71, 0x60, 0x2c, 0x3c,
  0x4e, 0x9f, 0x12, 0x3c, 0xb6, 0x7c, 0x3d, 0x3c, 0xe3, 0x2e, 0x0f, 0x3c,
  0x32, 0x86, 0xfe, 0x3b, 0x0d, 0xba, 0x03, 0x3c, 0xc3, 0x30, 0x27, 0x3c,
  0x27, 0xc0, 0x08, 0x3c, 0x28, 0x8b, 0xec, 0x3b, 0x8c, 0xf2, 0x21, 0x3c,
  0xc9, 0xc0, 0x4c, 0x3c, 0x44, 0x7b, 0x07, 0x3c, 0x59, 0x1d, 0x03, 0x3c,
  0x4f, 0xe4, 0x09, 0x3c, 0x39, 0xa7, 0x0e, 0x3c, 0x2c, 0x3b, 0x14, 0x3c,
  0x78, 0xe9, 0x47, 0x3c, 0xd7, 0x9f, 0x25, 0x3c, 0xfe, 0xfb, 0x0f, 0x3c,
  0xb6, 0x00, 0x16, 0x3c, 0x90, 0xfd, 0x0a, 0x3c, 0x13, 0x00, 0x00, 0x00,
  0x74, 0x66, 0x6c, 0x2e, 0x70, 0x73, 0x65, 0x75, 0x64, 0x6f, 0x5f, 0x71,
  0x63, 0x6f, 0x6e, 0x73, 0x74, 0x31, 0x33, 0x00, 0x04, 0x00, 0x00, 0x00,
  0x20, 0x00, 0x00, 0x00, 0x01, 0x00, 0x00, 0x00, 0x01, 0x00, 0x00, 0x00,
  0x01, 0x00, 0x00, 0x00, 0x52, 0xe2, 0xff, 0xff, 0x00, 0x00, 0x00, 0x01,
  0x14, 0x00, 0x00, 0x00, 0xa8, 0x01, 0x00, 0x00, 0x19, 0x00, 0x00, 0x00,
  0x00, 0x00, 0x00, 0x02, 0xb4, 0x01, 0x00, 0x00, 0x14, 0xe5, 0xff, 0xff,
  0x08, 0x00, 0x00, 0x00, 0x0c, 0x01, 0x00, 0x00, 0x20, 0x00, 0x00, 0x00,
  0x00, 0x00, 0x00, 0x00, 0x00, 0x00, 0x00, 0x00, 0x00, 0x00, 0x00, 0x00,
  0x00, 0x00, 0x00, 0x00, 0x00, 0x00, 0x00, 0x00, 0x00, 0x00, 0x00, 0x00,
  0x00, 0x00, 0x00, 0x00, 0x00, 0x00, 0x00, 0x00, 0x00, 0x00, 0x00, 0x00,
  0x00, 0x00, 0x00, 0x00, 0x00, 0x00, 0x00, 0x00, 0x00, 0x00, 0x00, 0x00,
  0x00, 0x00, 0x00, 0x00, 0x00, 0x00, 0x00, 0x00, 0x00, 0x00, 0x00, 0x00,
  0x00, 0x00, 0x00, 0x00, 0x00, 0x00, 0x00, 0x00, 0x00, 0x00, 0x00, 0x00,
  0x00, 0x00, 0x00, 0x00, 0x00, 0x00, 0x00, 0x00, 0x00, 0x00, 0x00, 0x00,
  0x00, 0x00, 0x00, 0x00, 0x00, 0x00, 0x00, 0x00, 0x00, 0x00, 0x00, 0x00,
  0x00, 0x00, 0x00, 0x00, 0x00, 0x00, 0x00, 0x00, 0x00, 0x00, 0x00, 0x00,
  0x00, 0x00, 0x00, 0x00, 0x00, 0x00, 0x00, 0x00, 0x00, 0x00, 0x00, 0x00,
  0x00, 0x00, 0x00, 0x00, 0x00, 0x00, 0x00, 0x00, 0x00, 0x00, 0x00, 0x00,
  0x00, 0x00, 0x00, 0x00, 0x00, 0x00, 0x00, 0x00, 0x00, 0x00, 0x00, 0x00,
  0x00, 0x00, 0x00, 0x00, 0x00, 0x00, 0x00, 0x00, 0x00, 0x00, 0x00, 0x00,
  0x00, 0x00, 0x00, 0x00, 0x00, 0x00, 0x00, 0x00, 0x00, 0x00, 0x00, 0x00,
  0x00, 0x00, 0x00, 0x00, 0x00, 0x00, 0x00, 0x00, 0x00, 0x00, 0x00, 0x00,
  0x00, 0x00, 0x00, 0x00, 0x00, 0x00, 0x00, 0x00, 0x00, 0x00, 0x00, 0x00,
  0x00, 0x00, 0x00, 0x00, 0x00, 0x00, 0x00, 0x00, 0x00, 0x00, 0x00, 0x00,
  0x00, 0x00, 0x00, 0x00, 0x00, 0x00, 0x00, 0x00, 0x00, 0x00, 0x00, 0x00,
  0x00, 0x00, 0x00, 0x00, 0x00, 0x00, 0x00, 0x00, 0x00, 0x00, 0x00, 0x00,
  0x00, 0x00, 0x00, 0x00, 0x00, 0x00, 0x00, 0x00, 0x00, 0x00, 0x00, 0x00,
  0x00, 0x00, 0x00, 0x00, 0x00, 0x00, 0x00, 0x00, 0x00, 0x00, 0x00, 0x00,
  0x00, 0x00, 0x00, 0x00, 0x00, 0x00, 0x00, 0x00, 0x20, 0x00, 0x00, 0x00,
  0x87, 0x66, 0xb2, 0x39, 0x76, 0x01, 0xa0, 0x39, 0xb1, 0x8c, 0xa9, 0x39,
  0x44, 0x96, 0xab, 0x39, 0x7b, 0x31, 0xab, 0x39, 0xc4, 0xbe, 0xa9, 0x39,
  0x39, 0xc4, 0x0b, 0x3a, 0xb1, 0x22, 0xa4, 0x39, 0x3c, 0xa0, 0xca, 0x39,
  0x84, 0x86, 0xf7, 0x39, 0x6b, 0xce, 0xc2, 0x39, 0x60, 0x5f, 0xdc, 0x39,
  0x79, 0x72, 0xbb, 0x39, 0x45, 0x3f, 0xf2, 0x39, 0xeb, 0x0c, 0xb7, 0x39,
  0x48, 0xb2, 0xa2, 0x39, 0x79, 0x67, 0xa8, 0x39, 0x06, 0xbe, 0xd5, 0x39,
  0xac, 0xd3, 0xae, 0x39, 0xf0, 0x33, 0x97, 0x39, 0x16, 0x0a, 0xcf, 0x39,
  0xbf, 0xe1, 0x02, 0x3a, 0x53, 0x34, 0xad, 0x39, 0x24, 0x9f, 0xa7, 0x39,
  0x2d, 0x49, 0xb0, 0x39, 0x7a, 0x5f, 0xb6, 0x39, 0x05, 0x81, 0xbd, 0x39,
  0x1a, 0x93, 0xff, 0x39, 0x78, 0xbd, 0xd3, 0x39, 0x21, 0x13, 0xb8, 0x39,
  0xd7, 0xc4, 0xbf, 0x39, 0xbd, 0xb0, 0xb1, 0x39, 0x13, 0x00, 0x00, 0x00,
  0x74, 0x66, 0x6c, 0x2e, 0x70, 0x73, 0x65, 0x75, 0x64, 0x6f, 0x5f, 0x71,
  0x63, 0x6f, 0x6e, 0x73, 0x74, 0x31, 0x32, 0x00, 0x01, 0x00, 0x00, 0x00,
  0x20, 0x00, 0x00, 0x00, 0x26, 0xe4, 0xff, 0xff, 0x00, 0x00, 0x00, 0x01,
  0x14, 0x00, 0x00, 0x00, 0xac, 0x01, 0x00, 0x00, 0x18, 0x00, 0x00, 0x00,
  0x00, 0x00, 0x00, 0x09, 0xb8, 0x01, 0x00, 0x00, 0x82, 0xf5, 0xff, 0xff,
  0x03, 0x00, 0x00, 0x00, 0x08, 0x00, 0x00, 0x00, 0x0c, 0x01, 0x00, 0x00,
  0x20, 0x00, 0x00, 0x00, 0x00, 0x00, 0x00, 0x00, 0x00, 0x00, 0x00, 0x00,
  0x00, 0x00, 0x00, 0x00, 0x00, 0x00, 0x00, 0x00, 0x00, 0x00, 0x00, 0x00,
  0x00, 0x00, 0x00, 0x00, 0x00, 0x00, 0x00, 0x00, 0x00, 0x00, 0x00, 0x00,
  0x00, 0x00, 0x00, 0x00, 0x00, 0x00, 0x00, 0x00, 0x00, 0x00, 0x00, 0x00,
  0x00, 0x00, 0x00, 0x00, 0x00, 0x00, 0x00, 0x00, 0x00, 0x00, 0x00, 0x00,
  0x00, 0x00, 0x00, 0x00, 0x00, 0x00, 0x00, 0x00, 0x00, 0x00, 0x00, 0x00,
  0x00, 0x00, 0x00, 0x00, 0x00, 0x00, 0x00, 0x00, 0x00, 0x00, 0x00, 0x00,
  0x00, 0x00, 0x00, 0x00, 0x00, 0x00, 0x00, 0x00, 0x00, 0x00, 0x00, 0x00,
  0x00, 0x00, 0x00, 0x00, 0x00, 0x00, 0x00, 0x00, 0x00, 0x00, 0x00, 0x00,
  0x00, 0x00, 0x00, 0x00, 0x00, 0x00, 0x00, 0x00, 0x00, 0x00, 0x00, 0x00,
  0x00, 0x00, 0x00, 0x00, 0x00, 0x00, 0x00, 0x00, 0x00, 0x00, 0x00, 0x00,
  0x00, 0x00, 0x00, 0x00, 0x00, 0x00, 0x00, 0x00, 0x00, 0x00, 0x00, 0x00,
  0x00, 0x00, 0x00, 0x00, 0x00, 0x00, 0x00, 0x00, 0x00, 0x00, 0x00, 0x00,
  0x00, 0x00, 0x00, 0x00, 0x00, 0x00, 0x00, 0x00, 0x00, 0x00, 0x00, 0x00,
  0x00, 0x00, 0x00, 0x00, 0x00, 0x00, 0x00, 0x00, 0x00, 0x00, 0x00, 0x00,
  0x00, 0x00, 0x00, 0x00, 0x00, 0x00, 0x00, 0x00, 0x00, 0x00, 0x00, 0x00,
  0x00, 0x00, 0x00, 0x00, 0x00, 0x00, 0x00, 0x00, 0x00, 0x00, 0x00, 0x00,
  0x00, 0x00, 0x00, 0x00, 0x00, 0x00, 0x00, 0x00, 0x00, 0x00, 0x00, 0x00,
  0x00, 0x00, 0x00, 0x00, 0x00, 0x00, 0x00, 0x00, 0x00, 0x00, 0x00, 0x00,
  0x00, 0x00, 0x00, 0x00, 0x00, 0x00, 0x00, 0x00, 0x00, 0x00, 0x00, 0x00,
  0x00, 0x00, 0x00, 0x00, 0x00, 0x00, 0x00, 0x00, 0x00, 0x00, 0x00, 0x00,
  0x00, 0x00, 0x00, 0x00, 0x00, 0x00, 0x00, 0x00, 0x00, 0x00, 0x00, 0x00,
  0x20, 0x00, 0x00, 0x00, 0x66, 0xd9, 0x54, 0x3b, 0x62, 0x6c, 0xa1, 0x3a,
  0xde, 0x6a, 0x01, 0x3b, 0xdb, 0x5e, 0x1a, 0x3b, 0xcb, 0x7e, 0x7a, 0x3b,
  0xc5, 0x35, 0x2f, 0x3b, 0x27, 0x2b, 0x0a, 0x3b, 0x38, 0x84, 0x34, 0x3b,
  0x35, 0x92, 0x83, 0x3b, 0xf5, 0xdc, 0x42, 0x3b, 0x3d, 0x4d, 0x6f, 0x3b,
  0xf7, 0xec, 0x4e, 0x3b, 0x6b, 0x7a, 0x2a, 0x3b, 0xdc, 0x30, 0x73, 0x3b,
  0x63, 0x60, 0x53, 0x3b, 0x03, 0xc8, 0x31, 0x3b, 0xea, 0x2b, 0x2a, 0x3b,
  0x8e, 0xa8, 0x76, 0x3b, 0xff, 0x63, 0x4a, 0x3b, 0x6a, 0x87, 0x43, 0x3b,
  0x4a, 0xcf, 0x82, 0x3b, 0x91, 0x6e, 0x56, 0x3b, 0x19, 0xb1, 0x60, 0x3b,
  0x01, 0x90, 0x55, 0x3b, 0x89, 0x14, 0x56, 0x3b, 0x47, 0xf0, 0x0f, 0x3b,
  0x17, 0x35, 0x83, 0x3b, 0xf9, 0xcd, 0x7e, 0x3b, 0x38, 0xd6, 0x90, 0x3b,
  0xdd, 0xc7, 0x15, 0x3b, 0xda, 0x27, 0x4c, 0x3b, 0xdb, 0x63, 0x79, 0x3b,
  0x13, 0x00, 0x00, 0x00, 0x74, 0x66, 0x6c, 0x2e, 0x70, 0x73, 0x65, 0x75,
  0x64, 0x6f, 0x5f, 0x71, 0x63, 0x6f, 0x6e, 0x73, 0x74, 0x31, 0x31, 0x00,
  0x04, 0x00, 0x00, 0x00, 0x01, 0x00, 0x00, 0x00, 0x05, 0x00, 0x00, 0x00,
  0x01, 0x00, 0x00, 0x00, 0x20, 0x00, 0x00, 0x00, 0x0a, 0xe6, 0xff, 0xff,
  0x00, 0x00, 0x00, 0x01, 0x14, 0x00, 0x00, 0x00, 0xa4, 0x01, 0x00, 0x00,
  0x17, 0x00, 0x00, 0x00, 0x00, 0x00, 0x00, 0x02, 0xb0, 0x01, 0x00, 0x00,
  0xcc, 0xe8, 0xff, 0xff, 0x08, 0x00, 0x00, 0x00, 0x08, 0x01, 0x00, 0x00,
  0x20, 0x00, 0x00, 0x00, 0x00, 0x00, 0x00, 0x00, 0x00, 0x00, 0x00, 0x00,
  0x00, 0x00, 0x00, 0x00, 0x00, 0x00, 0x00, 0x00, 0x00, 0x00, 0x00, 0x00,
  0x00, 0x00, 0x00, 0x00, 0x00, 0x00, 0x00, 0x00, 0x00, 0x00, 0x00, 0x00,
  0x00, 0x00, 0x00, 0x00, 0x00, 0x00, 0x00, 0x00, 0x00, 0x00, 0x00, 0x00,
  0x00, 0x00, 0x00, 0x00, 0x00, 0x00, 0x00, 0x00, 0x00, 0x00, 0x00, 0x00,
  0x00, 0x00, 0x00, 0x00, 0x00, 0x00, 0x00, 0x00, 0x00, 0x00, 0x00, 0x00,
  0x00, 0x00, 0x00, 0x00, 0x00, 0x00, 0x00, 0x00, 0x00, 0x00, 0x00, 0x00,
  0x00, 0x00, 0x00, 0x00, 0x00, 0x00, 0x00, 0x00, 0x00, 0x00, 0x00, 0x00,
  0x00, 0x00, 0x00, 0x00, 0x00, 0x00, 0x00, 0x00, 0x00, 0x00, 0x00, 0x00,
  0x00, 0x00, 0x00, 0x00, 0x00, 0x00, 0x00, 0x00, 0x00, 0x00, 0x00, 0x00,
  0x00, 0x00, 0x00, 0x00, 0x00, 0x00, 0x00, 0x00, 0x00, 0x00, 0x00, 0x00,
  0x00, 0x00, 0x00, 0x00, 0x00, 0x00, 0x00, 0x00, 0x00, 0x00, 0x00, 0x00,
  0x00, 0x00, 0x00, 0x00, 0x00, 0x00, 0x00, 0x00, 0x00, 0x00, 0x00, 0x00,
  0x00, 0x00, 0x00, 0x00, 0x00, 0x00, 0x00, 0x00, 0x00, 0x00, 0x00, 0x00,
  0x00, 0x00, 0x00, 0x00, 0x00, 0x00, 0x00, 0x00, 0x00, 0x00, 0x00, 0x00,
  0x00, 0x00, 0x00, 0x00, 0x00, 0x00, 0x00, 0x00, 0x00, 0x00, 0x00, 0x00,
  0x00, 0x00, 0x00, 0x00, 0x00, 0x00, 0x00, 0x00, 0x00, 0x00, 0x00, 0x00,
  0x00, 0x00, 0x00, 0x00, 0x00, 0x00, 0x00, 0x00, 0x00, 0x00, 0x00, 0x00,
  0x00, 0x00, 0x00, 0x00, 0x00, 0x00, 0x00, 0x00, 0x00, 0x00, 0x00, 0x00,
  0x00, 0x00, 0x00, 0x00, 0x00, 0x00, 0x00, 0x00, 0x00, 0x00, 0x00, 0x00,
  0x00, 0x00, 0x00, 0x00, 0x00, 0x00, 0x00, 0x00, 0x00, 0x00, 0x00, 0x00,
  0x00, 0x00, 0x00, 0x00, 0x00, 0x00, 0x00, 0x00, 0x20, 0x00, 0x00, 0x00,
  0x6d, 0xad, 0xf7, 0x38, 0x3d, 0xd6, 0x3b, 0x38, 0x07, 0x98, 0x96, 0x38,
  0x46, 0xa1, 0xb3, 0x38, 0xe3, 0xbd, 0x11, 0x39, 0x22, 0xe1, 0xcb, 0x38,
  0xe3, 0xc6, 0xa0, 0x38, 0xdd, 0x0d, 0xd2, 0x38, 0x95, 0x19, 0x19, 0x39,
  0x91, 0xbf, 0xe2, 0x38, 0xab, 0x3a, 0x0b, 0x39, 0xdd, 0xc8, 0xf0, 0x38,
  0x92, 0x5f, 0xc6, 0x38, 0xef, 0x7d, 0x0d, 0x39, 0xba, 0xf6, 0xf5, 0x38,
  0x15, 0xdf, 0xce, 0x38, 0x38, 0x04, 0xc6, 0x38, 0x68, 0x82, 0x0f, 0x39,
  0xed, 0x81, 0xeb, 0x38, 0xeb, 0x85, 0xe3, 0x38, 0xc5, 0x36, 0x18, 0x39,
  0xe5, 0x84, 0xf9, 0x38, 0x9a, 0xba, 0x02, 0x39, 0xea, 0x81, 0xf8, 0x38,
  0x21, 0x1c, 0xf9, 0x38, 0xb7, 0x7d, 0xa7, 0x38, 0x3b, 0xad, 0x18, 0x39,
  0xbc, 0x3f, 0x14, 0x39, 0x48, 0x89, 0x28, 0x39, 0x05, 0x4a, 0xae, 0x38,
  0xb8, 0x8f, 0xed, 0x38, 0x45, 0x19, 0x11, 0x39, 0x13, 0x00, 0x00, 0x00,
  0x74, 0x66, 0x6c, 0x2e, 0x70, 0x73, 0x65, 0x75, 0x64, 0x6f, 0x5f, 0x71,
  0x63, 0x6f, 0x6e, 0x73, 0x74, 0x31, 0x30, 0x00, 0x01, 0x00, 0x00, 0x00,
  0x20, 0x00, 0x00, 0x00, 0xda, 0xe7, 0xff, 0xff, 0x00, 0x00, 0x00, 0x01,
  0x14, 0x00, 0x00, 0x00, 0x28, 0x03, 0x00, 0x00, 0x16, 0x00, 0x00, 0x00,
  0x00, 0x00, 0x00, 0x09, 0x34, 0x03, 0x00, 0x00, 0x9c, 0xea, 0xff, 0xff,
  0x08, 0x00, 0x00, 0x00, 0x0c, 0x02, 0x00, 0x00, 0x40, 0x00, 0x00, 0x00,
  0x00, 0x00, 0x00, 0x00, 0x00, 0x00, 0x00, 0x00, 0x00, 0x00, 0x00, 0x00,
  0x00, 0x00, 0x00, 0x00, 0x00, 0x00, 0x00, 0x00, 0x00, 0x00, 0x00, 0x00,
  0x00, 0x00, 0x00, 0x00, 0x00, 0x00, 0x00, 0x00, 0x00, 0x00, 0x00, 0x00,
  0x00, 0x00, 0x00, 0x00, 0x00, 0x00, 0x00, 0x00, 0x00, 0x00, 0x00, 0x00,
  0x00, 0x00, 0x00, 0x00, 0x00, 0x00, 0x00, 0x00, 0x00, 0x00, 0x00, 0x00,
  0x00, 0x00, 0x00, 0x00, 0x00, 0x00, 0x00, 0x00, 0x00, 0x00, 0x00, 0x00,
  0x00, 0x00, 0x00, 0x00, 0x00, 0x00, 0x00, 0x00, 0x00, 0x00, 0x00, 0x00,
  0x00, 0x00, 0x00, 0x00, 0x00, 0x00, 0x00, 0x00, 0x00, 0x00, 0x00, 0x00,
  0x00, 0x00, 0x00, 0x00, 0x00, 0x00, 0x00, 0x00, 0x00, 0x00, 0x00, 0x00,
  0x00, 0x00, 0x00, 0x00, 0x00, 0x00, 0x00, 0x00, 0x00, 0x00, 0x00, 0x00,
  0x00, 0x00, 0x00, 0x00, 0x00, 0x00, 0x00, 0x00, 0x00, 0x00, 0x00, 0x00,
  0x00, 0x00, 0x00, 0x00, 0x00, 0x00, 0x00, 0x00, 0x00, 0x00, 0x00, 0x00,
  0x00, 0x00, 0x00, 0x00, 0x00, 0x00, 0x00, 0x00, 0x00, 0x00, 0x00, 0x00,
  0x00, 0x00, 0x00, 0x00, 0x00, 0x00, 0x00, 0x00, 0x00, 0x00, 0x00, 0x00,
  0x00, 0x00, 0x00, 0x00, 0x00, 0x00, 0x00, 0x00, 0x00, 0x00, 0x00, 0x00,
  0x00, 0x00, 0x00, 0x00, 0x00, 0x00, 0x00, 0x00, 0x00, 0x00, 0x00, 0x00,
  0x00, 0x00, 0x00, 0x00, 0x00, 0x00, 0x00, 0x00, 0x00, 0x00, 0x00, 0x00,
  0x00, 0x00, 0x00, 0x00, 0x00, 0x00, 0x00, 0x00, 0x00, 0x00, 0x00, 0x00,
  0x00, 0x00, 0x00, 0x00, 0x00, 0x00, 0x00, 0x00, 0x00, 0x00, 0x00, 0x00,
  0x00, 0x00, 0x00, 0x00, 0x00, 0x00, 0x00, 0x00, 0x00, 0x00, 0x00, 0x00,
  0x00, 0x00, 0x00, 0x00, 0x00, 0x00, 0x00, 0x00, 0x00, 0x00, 0x00, 0x00,
  0x00, 0x00, 0x00, 0x00, 0x00, 0x00, 0x00, 0x00, 0x00, 0x00, 0x00, 0x00,
  0x00, 0x00, 0x00, 0x00, 0x00, 0x00, 0x00, 0x00, 0x00, 0x00, 0x00, 0x00,
  0x00, 0x00, 0x00, 0x00, 0x00, 0x00, 0x00, 0x00, 0x00, 0x00, 0x00, 0x00,
  0x00, 0x00, 0x00, 0x00, 0x00, 0x00, 0x00, 0x00, 0x00, 0x00, 0x00, 0x00,
  0x00, 0x00, 0x00, 0x00, 0x00, 0x00, 0x00, 0x00, 0x00, 0x00, 0x00, 0x00,
  0x00, 0x00, 0x00, 0x00, 0x00, 0x00, 0x00, 0x00, 0x00, 0x00, 0x00, 0x00,
  0x00, 0x00, 0x00, 0x00, 0x00, 0x00, 0x00, 0x00, 0x00, 0x00, 0x00, 0x00,
  0x00, 0x00, 0x00, 0x00, 0x00, 0x00, 0x00, 0x00, 0x00, 0x00, 0x00, 0x00,
  0x00, 0x00, 0x00, 0x00, 0x00, 0x00, 0x00, 0x00, 0x00, 0x00, 0x00, 0x00,
  0x00, 0x00, 0x00, 0x00, 0x00, 0x00, 0x00, 0x00, 0x00, 0x00, 0x00, 0x00,
  0x00, 0x00, 0x00, 0x00, 0x00, 0x00, 0x00, 0x00, 0x00, 0x00, 0x00, 0x00,
  0x00, 0x00, 0x00, 0x00, 0x00, 0x00, 0x00, 0x00, 0x00, 0x00, 0x00, 0x00,
  0x00, 0x00, 0x00, 0x00, 0x00, 0x00, 0x00, 0x00, 0x00, 0x00, 0x00, 0x00,
  0x00, 0x00, 0x00, 0x00, 0x00, 0x00, 0x00, 0x00, 0x00, 0x00, 0x00, 0x00,
  0x00, 0x00, 0x00, 0x00, 0x00, 0x00, 0x00, 0x00, 0x00, 0x00, 0x00, 0x00,
  0x00, 0x00, 0x00, 0x00, 0x00, 0x00, 0x00, 0x00, 0x00, 0x00, 0x00, 0x00,
  0x00, 0x00, 0x00, 0x00, 0x00, 0x00, 0x00, 0x00, 0x00, 0x00, 0x00, 0x00,
  0x00, 0x00, 0x00, 0x00, 0x00, 0x00, 0x00, 0x00, 0x00, 0x00, 0x00, 0x00,
  0x00, 0x00, 0x00, 0x00, 0x00, 0x00, 0x00, 0x00, 0x00, 0x00, 0x00, 0x00,
  0x00, 0x00, 0x00, 0x00, 0x00, 0x00, 0x00, 0x00, 0x00, 0x00, 0x00, 0x00,
  0x00, 0x00, 0x00, 0x00, 0x00, 0x00, 0x00, 0x00, 0x00, 0x00, 0x00, 0x00,
  0x00, 0x00, 0x00, 0x00, 0x00, 0x00, 0x00, 0x00, 0x00, 0x00, 0x00, 0x00,
  0x40, 0x00, 0x00, 0x00, 0x48, 0xd5, 0xa1, 0x3c, 0x72, 0xf3, 0x08, 0x3c,
  0xe6, 0x09, 0x12, 0x3c, 0xfa, 0xd9, 0x3c, 0x3c, 0x57, 0x34, 0xf6, 0x3b,
  0x73, 0xb5, 0x16, 0x3c, 0x65, 0x71, 0x1b, 0x3c, 0x8a, 0x7e, 0x36, 0x3c,
  0xa3, 0x2e, 0x5f, 0x3c, 0xab, 0x74, 0xbe, 0x3b, 0xb8, 0xd7, 0x01, 0x3c,
  0x8e, 0xf5, 0x21, 0x3c, 0xf6, 0x0b, 0x62, 0x3c, 0xad, 0xab, 0x39, 0x3c,
  0x10, 0x04, 0xc1, 0x3b, 0x87, 0x88, 0xd8, 0x3b, 0xf7, 0xa8, 0x58, 0x3c,
  0x83, 0x3e, 0x32, 0x3c, 0xc4, 0x01, 0xe6, 0x3b, 0xb2, 0x2d, 0x8d, 0x3c,
  0x99, 0x3b, 0x18, 0x3c, 0x7b, 0x32, 0x72, 0x3c, 0x6b, 0xfb, 0x77, 0x3c,
  0x22, 0xff, 0xa0, 0x3c, 0xd3, 0x88, 0x84, 0x3c, 0x0f, 0x5f, 0x55, 0x3c,
  0xaa, 0xac, 0xe3, 0x3b, 0x16, 0xc6, 0xe7, 0x3b, 0xfb, 0x9e, 0x1b, 0x3c,
  0xc4, 0x11, 0xab, 0x3c, 0x98, 0x03, 0x87, 0x3c, 0xf8, 0x8a, 0xa3, 0x3c,
  0xf9, 0x2c, 0x16, 0x3c, 0xbe, 0x3e, 0x84, 0x3c, 0x52, 0x4f, 0x88, 0x3c,
  0x29, 0x8d, 0xc8, 0x3b, 0x77, 0xd9, 0x47, 0x3c, 0x77, 0x9c, 0x1a, 0x3c,
  0x7d, 0xb4, 0xbd, 0x3b, 0xbb, 0xe8, 0xa1, 0x3c, 0x25, 0x9d, 0x0c, 0x3c,
  0xac, 0xd9, 0x87, 0x3c, 0x49, 0xd8, 0x61, 0x3c, 0xcb, 0xdd, 0x13, 0x3c,
  0x6d, 0xba, 0xd7, 0x3b, 0x88, 0xf6, 0x9f, 0x3c, 0x90, 0xef, 0x67, 0x3c,
  0xab, 0x82, 0x93, 0x3c, 0xcc, 0x24, 0x85, 0x3c, 0x12, 0x97, 0x44, 0x3c,
  0x11, 0x74, 0xcf, 0x3b, 0x54, 0xb0, 0x8c, 0x3c, 0xd1, 0x23, 0x01, 0x3c,
  0xf0, 0xe8, 0x40, 0x3c, 0xc6, 0xf8, 0x64, 0x3c, 0xb2, 0xe1, 0x28, 0x3c,
  0xd4, 0x7c, 0x97, 0x3c, 0xa3, 0x04, 0x25, 0x3c, 0xef, 0x27, 0xaa, 0x3b,
  0x5b, 0x1a, 0xbc, 0x3c, 0xa7, 0x3d, 0xeb, 0x3b, 0xdd, 0x16, 0x28, 0x3c,
  0x31, 0xb2, 0x06, 0x3d, 0xb6, 0x6a, 0x0a, 0x3c, 0x12, 0x00, 0x00, 0x00,
  0x74, 0x66, 0x6c, 0x2e, 0x70, 0x73, 0x65, 0x75, 0x64, 0x6f, 0x5f, 0x71,
  0x63, 0x6f, 0x6e, 0x73, 0x74, 0x39, 0x00, 0x00, 0x04, 0x00, 0x00, 0x00,
  0x40, 0x00, 0x00, 0x00, 0x01, 0x00, 0x00, 0x00, 0x01, 0x00, 0x00, 0x00,
  0x20, 0x00, 0x00, 0x00, 0x3a, 0xeb, 0xff, 0xff, 0x00, 0x00, 0x00, 0x01,
  0x14, 0x00, 0x00, 0x00, 0x24, 0x03, 0x00, 0x00, 0x15, 0x00, 0x00, 0x00,
  0x00, 0x00, 0x00, 0x02, 0x30, 0x03, 0x00, 0x00, 0xfc, 0xed, 0xff, 0xff,
  0x08, 0x00, 0x00, 0x00, 0x08, 0x02, 0x00, 0x00, 0x40, 0x00, 0x00, 0x00,
  0x00, 0x00, 0x00, 0x00, 0x00, 0x00, 0x00, 0x00, 0x00, 0x00, 0x00, 0x00,
  0x00, 0x00, 0x00, 0x00, 0x00, 0x00, 0x00, 0x00, 0x00, 0x00, 0x00, 0x00,
  0x00, 0x00, 0x00, 0x00, 0x00, 0x00, 0x00, 0x00, 0x00, 0x00, 0x00, 0x00,
  0x00, 0x00, 0x00, 0x00, 0x00, 0x00, 0x00, 0x00, 0x00, 0x00, 0x00, 0x00,
  0x00, 0x00, 0x00, 0x00, 0x00, 0x00, 0x00, 0x00, 0x00, 0x00, 0x00, 0x00,
  0x00, 0x00, 0x00, 0x00, 0x00, 0x00, 0x00, 0x00, 0x00, 0x00, 0x00, 0x00,
  0x00, 0x00, 0x00, 0x00, 0x00, 0x00, 0x00, 0x00, 0x00, 0x00, 0x00, 0x00,
  0x00, 0x00, 0x00, 0x00, 0x00, 0x00, 0x00, 0x00, 0x00, 0x00, 0x00, 0x00,
  0x00, 0x00, 0x00, 0x00, 0x00, 0x00, 0x00, 0x00, 0x00, 0x00, 0x00, 0x00,
  0x00, 0x00, 0x00, 0x00, 0x00, 0x00, 0x00, 0x00, 0x00, 0x00, 0x00, 0x00,
  0x00, 0x00, 0x00, 0x00, 0x00, 0x00, 0x00, 0x00, 0x00, 0x00, 0x00, 0x00,
  0x00, 0x00, 0x00, 0x00, 0x00, 0x00, 0x00, 0x00, 0x00, 0x00, 0x00, 0x00,
  0x00, 0x00, 0x00, 0x00, 0x00, 0x00, 0x00, 0x00, 0x00, 0x00, 0x00, 0x00,
  0x00, 0x00, 0x00, 0x00, 0x00, 0x00, 0x00, 0x00, 0x00, 0x00, 0x00, 0x00,
  0x00, 0x00, 0x00, 0x00, 0x00, 0x00, 0x00, 0x00, 0x00, 0x00, 0x00, 0x00,
  0x00, 0x00, 0x00, 0x00, 0x00, 0x00, 0x00, 0x00, 0x00, 0x00, 0x00, 0x00,
  0x00, 0x00, 0x00, 0x00, 0x00, 0x00, 0x00, 0x00, 0x00, 0x00, 0x00, 0x00,
  0x00, 0x00, 0x00, 0x00, 0x00, 0x00, 0x00, 0x00, 0x00, 0x00, 0x00, 0x00,
  0x00, 0x00, 0x00, 0x00, 0x00, 0x00, 0x00, 0x00, 0x00, 0x00, 0x00, 0x00,
  0x00, 0x00, 0x00, 0x00, 0x00, 0x00, 0x00, 0x00, 0x00, 0x00, 0x00, 0x00,
  0x00, 0x00, 0x00, 0x00, 0x00, 0x00, 0x00, 0x00, 0x00, 0x00, 0x00, 0x00,
  0x00, 0x00, 0x00, 0x00, 0x00, 0x00, 0x00, 0x00, 0x00, 0x00, 0x00, 0x00,
  0x00, 0x00, 0x00, 0x00, 0x00, 0x00, 0x00, 0x00, 0x00, 0x00, 0x00, 0x00,
  0x00, 0x00, 0x00, 0x00, 0x00, 0x00, 0x00, 0x00, 0x00, 0x00, 0x00, 0x00,
  0x00, 0x00, 0x00, 0x00, 0x00, 0x00, 0x00, 0x00, 0x00, 0x00, 0x00, 0x00,
  0x00, 0x00, 0x00, 0x00, 0x00, 0x00, 0x00, 0x00, 0x00, 0x00, 0x00, 0x00,
  0x00, 0x00, 0x00, 0x00, 0x00, 0x00, 0x00, 0x00, 0x00, 0x00, 0x00, 0x00,
  0x00, 0x00, 0x00, 0x00, 0x00, 0x00, 0x00, 0x00, 0x00, 0x00, 0x00, 0x00,
  0x00, 0x00, 0x00, 0x00, 0x00, 0x00, 0x00, 0x00, 0x00, 0x00, 0x00, 0x00,
  0x00, 0x00, 0x00, 0x00, 0x00, 0x00, 0x00, 0x00, 0x00, 0x00, 0x00, 0x00,
  0x00, 0x00, 0x00, 0x00, 0x00, 0x00, 0x00, 0x00, 0x00, 0x00, 0x00, 0x00,
  0x00, 0x00, 0x00, 0x00, 0x00, 0x00, 0x00, 0x00, 0x00, 0x00, 0x00, 0x00,
  0x00, 0x00, 0x00, 0x00, 0x00, 0x00, 0x00, 0x00, 0x00, 0x00, 0x00, 0x00,
  0x00, 0x00, 0x00, 0x00, 0x00, 0x00, 0x00, 0x00, 0x00, 0x00, 0x00, 0x00,
  0x00, 0x00, 0x00, 0x00, 0x00, 0x00, 0x00, 0x00, 0x00, 0x00, 0x00, 0x00,
  0x00, 0x00, 0x00, 0x00, 0x00, 0x00, 0x00, 0x00, 0x00, 0x00, 0x00, 0x00,
  0x00, 0x00, 0x00, 0x00, 0x00, 0x00, 0x00, 0x00, 0x00, 0x00, 0x00, 0x00,
  0x00, 0x00, 0x00, 0x00, 0x00, 0x00, 0x00, 0x00, 0x00, 0x00, 0x00, 0x00,
  0x00, 0x00, 0x00, 0x00, 0x00, 0x00, 0x00, 0x00, 0x00, 0x00, 0x00, 0x00,
  0x00, 0x00, 0x00, 0x00, 0x00, 0x00, 0x00, 0x00, 0x00, 0x00, 0x00, 0x00,
  0x00, 0x00, 0x00, 0x00, 0x00, 0x00, 0x00, 0x00, 0x00, 0x00, 0x00, 0x00,
  0x00, 0x00, 0x00, 0x00, 0x00, 0x00, 0x00, 0x00, 0x00, 0x00, 0x00, 0x00,
  0x00, 0x00, 0x00, 0x00, 0x00, 0x00, 0x00, 0x00, 0x40, 0x00, 0x00, 0x00,
  0x60, 0x08, 0x41, 0x3a, 0x82, 0x5a, 0xa3, 0x39, 0x79, 0x31, 0xae, 0x39,
  0x88, 0x42, 0xe1, 0x39, 0xbe, 0xd5, 0x92, 0x39, 0x83, 0xc3, 0xb3, 0x39,
  0x1b, 0x69, 0xb9, 0x39, 0x57, 0xad, 0xd9, 0x39, 0xc6, 0x1a, 0x05, 0x3a,
  0x66, 0x2c, 0x63, 0x39, 0xf5, 0xdf, 0x9a, 0x39, 0xdf, 0x2e, 0xc1, 0x39,
  0x1f, 0xd0, 0x06, 0x3a, 0x3e, 0x77, 0xdd, 0x39, 0x25, 0x3a, 0x66, 0x39,
  0xa5, 0x23, 0x81, 0x39, 0xfd, 0x36, 0x01, 0x3a, 0x8e, 0x9b, 0xd4, 0x39,
  0xc0, 0x2c, 0x89, 0x39, 0x67, 0x65, 0x28, 0x3a, 0xe1, 0x94, 0xb5, 0x39,
  0xed, 0x71, 0x10, 0x3a, 0x26, 0xe5, 0x13, 0x3a, 0xf1, 0x08, 0x40, 0x3a,
  0xea, 0x15, 0x1e, 0x3a, 0xc3, 0x81, 0xfe, 0x39, 0xa4, 0xc8, 0x87, 0x39,
  0x83, 0x3a, 0x8a, 0x39, 0x7b, 0x9f, 0xb9, 0x39, 0xb4, 0x0c, 0x4c, 0x3a,
  0x10, 0x0b, 0x21, 0x3a, 0x71, 0x12, 0x43, 0x3a, 0xba, 0x20, 0xb3, 0x39,
  0x8d, 0xbd, 0x1d, 0x3a, 0xbe, 0x96, 0x22, 0x3a, 0x27, 0x37, 0x6f, 0x39,
  0xd0, 0x60, 0xee, 0x39, 0x21, 0x6b, 0xb8, 0x39, 0x2b, 0x47, 0x62, 0x39,
  0x93, 0x1f, 0x41, 0x3a, 0xfc, 0xb8, 0xa7, 0x39, 0x69, 0x0a, 0x22, 0x3a,
  0x4e, 0xb1, 0x06, 0x3a, 0x93, 0x5f, 0xb0, 0x39, 0xba, 0xa8, 0x80, 0x39,
  0x54, 0xcd, 0x3e, 0x3a, 0x3f, 0x53, 0x0a, 0x3a, 0xe1, 0xf2, 0x2f, 0x3a,
  0xf5, 0xcf, 0x1e, 0x3a, 0x8e, 0x7d, 0xea, 0x39, 0xb2, 0x72, 0x77, 0x39,
  0xde, 0xcf, 0x27, 0x3a, 0x5f, 0x09, 0x9a, 0x39, 0xca, 0x19, 0xe6, 0x39,
  0xb6, 0x8e, 0x08, 0x3a, 0xa9, 0x70, 0xc9, 0x39, 0x54, 0xb1, 0x34, 0x3a,
  0xec, 0xd4, 0xc4, 0x39, 0xcb, 0xf5, 0x4a, 0x39, 0xf7, 0x5d, 0x60, 0x3a,
  0xda, 0x4b, 0x8c, 0x39, 0xb9, 0x7e, 0xc8, 0x39, 0xf7, 0xa9, 0xa0, 0x3a,
  0x1f, 0x1a, 0xa5, 0x39, 0x12, 0x00, 0x00, 0x00, 0x74, 0x66, 0x6c, 0x2e,
  0x70, 0x73, 0x65, 0x75, 0x64, 0x6f, 0x5f, 0x71, 0x63, 0x6f, 0x6e, 0x73,
  0x74, 0x38, 0x00, 0x00, 0x01, 0x00, 0x00, 0x00, 0x40, 0x00, 0x00, 0x00,
  0x00, 0x00, 0x16, 0x00, 0x1e, 0x00, 0x18, 0x00, 0x17, 0x00, 0x10, 0x00,
  0x0c, 0x00, 0x08, 0x00, 0x00, 0x00, 0x00, 0x00, 0x00, 0x00, 0x07, 0x00,
  0x16, 0x00, 0x00, 0x00, 0x00, 0x00, 0x00, 0x01, 0x28, 0x00, 0x00, 0x00,
  0x40, 0x03, 0x00, 0x00, 0x14, 0x00, 0x00, 0x00, 0x00, 0x00, 0x00, 0x09,
  0x4c, 0x03, 0x00, 0x00, 0x00, 0x00, 0x12, 0x00, 0x10, 0x00, 0x00, 0x00,
  0x00, 0x00, 0x0c, 0x00, 0x08, 0x00, 0x00, 0x00, 0x00, 0x00, 0x04, 0x00,
  0x12, 0x00, 0x00, 0x00, 0x03, 0x00, 0x00, 0x00, 0x08, 0x00, 0x00, 0x00,
  0x0c, 0x02, 0x00, 0x00, 0x40, 0x00, 0x00, 0x00, 0x00, 0x00, 0x00, 0x00,
  0x00, 0x00, 0x00, 0x00, 0x00, 0x00, 0x00, 0x00, 0x00, 0x00, 0x00, 0x00,
  0x00, 0x00, 0x00, 0x00, 0x00, 0x00, 0x00, 0x00, 0x00, 0x00, 0x00, 0x00,
  0x00, 0x00, 0x00, 0x00, 0x00, 0x00, 0x00, 0x00, 0x00, 0x00, 0x00, 0x00,
  0x00, 0x00, 0x00, 0x00, 0x00, 0x00, 0x00, 0x00, 0x00, 0x00, 0x00, 0x00,
  0x00, 0x00, 0x00, 0x00, 0x00, 0x00, 0x00, 0x00, 0x00, 0x00, 0x00, 0x00,
  0x00, 0x00, 0x00, 0x00, 0x00, 0x00, 0x00, 0x00, 0x00, 0x00, 0x00, 0x00,
  0x00, 0x00, 0x00, 0x00, 0x00, 0x00, 0x00, 0x00, 0x00, 0x00, 0x00, 0x00,
  0x00, 0x00, 0x00, 0x00, 0x00, 0x00, 0x00, 0x00, 0x00, 0x00, 0x00, 0x00,
  0x00, 0x00, 0x00, 0x00, 0x00, 0x00, 0x00, 0x00, 0x00, 0x00, 0x00, 0x00,
  0x00, 0x00, 0x00, 0x00, 0x00, 0x00, 0x00, 0x00, 0x00, 0x00, 0x00, 0x00,
  0x00, 0x00, 0x00, 0x00, 0x00, 0x00, 0x00, 0x00, 0x00, 0x00, 0x00, 0x00,
  0x00, 0x00, 0x00, 0x00, 0x00, 0x00, 0x00, 0x00, 0x00, 0x00, 0x00, 0x00,
  0x00, 0x00, 0x00, 0x00, 0x00, 0x00, 0x00, 0x00, 0x00, 0x00, 0x00, 0x00,
  0x00, 0x00, 0x00, 0x00, 0x00, 0x00, 0x00, 0x00, 0x00, 0x00, 0x00, 0x00,
  0x00, 0x00, 0x00, 0x00, 0x00, 0x00, 0x00, 0x00, 0x00, 0x00, 0x00, 0x00,
  0x00, 0x00, 0x00, 0x00, 0x00, 0x00, 0x00, 0x00, 0x00, 0x00, 0x00, 0x00,
  0x00, 0x00, 0x00, 0x00, 0x00, 0x00, 0x00, 0x00, 0x00, 0x00, 0x00, 0x00,
  0x00, 0x00, 0x00, 0x00, 0x00, 0x00, 0x00, 0x00, 0x00, 0x00, 0x00, 0x00,
  0x00, 0x00, 0x00, 0x00, 0x00, 0x00, 0x00, 0x00, 0x00, 0x00, 0x00, 0x00,
  0x00, 0x00, 0x00, 0x00, 0x00, 0x00, 0x00, 0x00, 0x00, 0x00, 0x00, 0x00,
  0x00, 0x00, 0x00, 0x00, 0x00, 0x00, 0x00, 0x00, 0x00, 0x00, 0x00, 0x00,
  0x00, 0x00, 0x00, 0x00, 0x00, 0x00, 0x00, 0x00, 0x00, 0x00, 0x00, 0x00,
  0x00, 0x00, 0x00, 0x00, 0x00, 0x00, 0x00, 0x00, 0x00, 0x00, 0x00, 0x00,
  0x00, 0x00, 0x00, 0x00, 0x00, 0x00, 0x00, 0x00, 0x00, 0x00, 0x00, 0x00,
  0x00, 0x00, 0x00, 0x00, 0x00, 0x00, 0x00, 0x00, 0x00, 0x00, 0x00, 0x00,
  0x00, 0x00, 0x00, 0x00, 0x00, 0x00, 0x00, 0x00, 0x00, 0x00, 0x00, 0x00,
  0x00, 0x00, 0x00, 0x00, 0x00, 0x00, 0x00, 0x00, 0x00, 0x00, 0x00, 0x00,
  0x00, 0x00, 0x00, 0x00, 0x00, 0x00, 0x00, 0x00, 0x00, 0x00, 0x00, 0x00,
  0x00, 0x00, 0x00, 0x00, 0x00, 0x00, 0x00, 0x00, 0x00, 0x00, 0x00, 0x00,
  0x00, 0x00, 0x00, 0x00, 0x00, 0x00, 0x00, 0x00, 0x00, 0x00, 0x00, 0x00,
  0x00, 0x00, 0x00, 0x00, 0x00, 0x00, 0x00, 0x00, 0x00, 0x00, 0x00, 0x00,
  0x00, 0x00, 0x00, 0x00, 0x00, 0x00, 0x00, 0x00, 0x00, 0x00, 0x00, 0x00,
  0x00, 0x00, 0x00, 0x00, 0x00, 0x00, 0x00, 0x00, 0x00, 0x00, 0x00, 0x00,
  0x00, 0x00, 0x00, 0x00, 0x00, 0x00, 0x00, 0x00, 0x00, 0x00, 0x00, 0x00,
  0x00, 0x00, 0x00, 0x00, 0x00, 0x00, 0x00, 0x00, 0x00, 0x00, 0x00, 0x00,
  0x00, 0x00, 0x00, 0x00, 0x00, 0x00, 0x00, 0x00, 0x00, 0x00, 0x00, 0x00,
  0x00, 0x00, 0x00, 0x00, 0x00, 0x00, 0x00, 0x00, 0x00, 0x00, 0x00, 0x00,
  0x00, 0x00, 0x00, 0x00, 0x00, 0x00, 0x00, 0x00, 0x00, 0x00, 0x00, 0x00,
  0x00, 0x00, 0x00, 0x00, 0x00, 0x00, 0x00, 0x00, 0x00, 0x00, 0x00, 0x00,
  0x00, 0x00, 0x00, 0x00, 0x00, 0x00, 0x00, 0x00, 0x00, 0x00, 0x00, 0x00,
  0x00, 0x00, 0x00, 0x00, 0x00, 0x00, 0x00, 0x00, 0x00, 0x00, 0x00, 0x00,
  0x00, 0x00, 0x00, 0x00, 0x00, 0x00, 0x00, 0x00, 0x00, 0x00, 0x00, 0x00,
  0x00, 0x00, 0x00, 0x00, 0x00, 0x00, 0x00, 0x00, 0x40, 0x00, 0x00, 0x00,
  0xbd, 0x6f, 0x8d, 0x3b, 0x31, 0xf8, 0x8f, 0x3b, 0x93, 0x3a, 0x59, 0x3b,
  0x10, 0x27, 0x46, 0x3b, 0xf6, 0x7d, 0x77, 0x3b, 0x1d, 0x6d, 0x75, 0x3b,
  0x46, 0xc5, 0xa6, 0x3b, 0xcc, 0x37, 0x38, 0x3b, 0x6b, 0xf4, 0x65, 0x3b,
  0xe9, 0x83, 0x54, 0x3b, 0xf3, 0x18, 0x94, 0x3b, 0xc2, 0x63, 0x27, 0x3b,
  0xd4, 0xb7, 0xd2, 0x3a, 0xd0, 0x3a, 0x4a, 0x3b, 0x1c, 0xf2, 0x56, 0x3b,
  0x86, 0x0a, 0x6a, 0x3b, 0xee, 0x87, 0xda, 0x3a, 0x96, 0x8a, 0x1a, 0x3b,
  0x9b, 0xf0, 0x86, 0x3b, 0x23, 0x91, 0x61, 0x3b, 0x5b, 0xa3, 0x88, 0x3b,
  0x3e, 0x9c, 0x90, 0x3b, 0xa4, 0x73, 0x8e, 0x3b, 0x7a, 0x96, 0x90, 0x3b,
  0x56, 0x02, 0x4e, 0x3b, 0x5c, 0xff, 0x92, 0x3b, 0xce, 0x2b, 0x1e, 0x3b,
  0xbc, 0xb4, 0x5d, 0x3b, 0xe6, 0x52, 0x64, 0x3b, 0xe1, 0x20, 0x0b, 0x3b,
  0x7b, 0xd6, 0x98, 0x3b, 0xb2, 0x8c, 0x84, 0x3b, 0xa3, 0xe8, 0x8f, 0x3b,
  0x57, 0x3d, 0x61, 0x3b, 0x8c, 0xa6, 0x2f, 0x3b, 0x9b, 0x7d, 0x8a, 0x3b,
  0x68, 0x49, 0x98, 0x3b, 0xc7, 0x58, 0x4e, 0x3b, 0x73, 0x82, 0x81, 0x3b,
  0x58, 0xb8, 0x8f, 0x3b, 0x86, 0x73, 0xad, 0x3b, 0x61, 0xb3, 0x60, 0x3b,
  0x0c, 0x75, 0x1b, 0x3b, 0xa4, 0x12, 0x9e, 0x3b, 0xc3, 0xbf, 0x5a, 0x3b,
  0x5d, 0x92, 0x7b, 0x3b, 0x28, 0xb8, 0x5a, 0x3b, 0xa3, 0x7b, 0x8a, 0x3b,
  0xb4, 0xa6, 0x96, 0x3b, 0x4e, 0x47, 0x6d, 0x3b, 0x53, 0x5e, 0x88, 0x3b,
  0x2b, 0x62, 0x1b, 0x3b, 0xfd, 0x57, 0x84, 0x3b, 0xb8, 0xa5, 0x9f, 0x3b,
  0x4b, 0x82, 0x3d, 0x3b, 0x20, 0x72, 0x12, 0x3b, 0xc4, 0x3b, 0x0b, 0x3b,
  0x36, 0x42, 0x0b, 0x3b, 0x94, 0xc8, 0x40, 0x3b, 0xc6, 0x5f, 0x1f, 0x3b,
  0xf2, 0x08, 0xa0, 0x3b, 0xda, 0x5e, 0x88, 0x3b, 0xd2, 0x1a, 0xe1, 0x3a,
  0x2d, 0x81, 0x37, 0x3b, 0x12, 0x00, 0x00, 0x00, 0x74, 0x66, 0x6c, 0x2e,
  0x70, 0x73, 0x65, 0x75, 0x64, 0x6f, 0x5f, 0x71, 0x63, 0x6f, 0x6e, 0x73,
  0x74, 0x37, 0x00, 0x00, 0x04, 0x00, 0x00, 0x00, 0x01, 0x00, 0x00, 0x00,
  0x03, 0x00, 0x00, 0x00, 0x01, 0x00, 0x00, 0x00, 0x40, 0x00, 0x00, 0x00,
  0x1a, 0xf2, 0xff, 0xff, 0x00, 0x00, 0x00, 0x01, 0x14, 0x00, 0x00, 0x00,
  0x24, 0x03, 0x00, 0x00, 0x13, 0x00, 0x00, 0x00, 0x00, 0x00, 0x00, 0x02,
  0x30, 0x03, 0x00, 0x00, 0xdc, 0xf4, 0xff, 0xff, 0x08, 0x00, 0x00, 0x00,
  0x08, 0x02, 0x00, 0x00, 0x40, 0x00, 0x00, 0x00, 0x00, 0x00, 0x00, 0x00,
  0x00, 0x00, 0x00, 0x00, 0x00, 0x00, 0x00, 0x00, 0x00, 0x00, 0x00, 0x00,
  0x00, 0x00, 0x00, 0x00, 0x00, 0x00, 0x00, 0x00, 0x00, 0x00, 0x00, 0x00,
  0x00, 0x00, 0x00, 0x00, 0x00, 0x00, 0x00, 0x00, 0x00, 0x00, 0x00, 0x00,
  0x00, 0x00, 0x00, 0x00, 0x00, 0x00, 0x00, 0x00, 0x00, 0x00, 0x00, 0x00,
  0x00, 0x00, 0x00, 0x00, 0x00, 0x00, 0x00, 0x00, 0x00, 0x00, 0x00, 0x00,
  0x00, 0x00, 0x00, 0x00, 0x00, 0x00, 0x00, 0x00, 0x00, 0x00, 0x00, 0x00,
  0x00, 0x00, 0x00, 0x00, 0x00, 0x00, 0x00, 0x00, 0x00, 0x00, 0x00, 0x00,
  0x00, 0x00, 0x00, 0x00, 0x00, 0x00, 0x00, 0x00, 0x00, 0x00, 0x00, 0x00,
  0x00, 0x00, 0x00, 0x00, 0x00, 0x00, 0x00, 0x00, 0x00, 0x00, 0x00, 0x00,
  0x00, 0x00, 0x00, 0x00, 0x00, 0x00, 0x00, 0x00, 0x00, 0x00, 0x00, 0x00,
  0x00, 0x00, 0x00, 0x00, 0x00, 0x00, 0x00, 0x00, 0x00, 0x00, 0x00, 0x00,
  0x00, 0x00, 0x00, 0x00, 0x00, 0x00, 0x00, 0x00, 0x00, 0x00, 0x00, 0x00,
  0x00, 0x00, 0x00, 0x00, 0x00, 0x00, 0x00, 0x00, 0x00, 0x00, 0x00, 0x00,
  0x00, 0x00, 0x00, 0x00, 0x00, 0x00, 0x00, 0x00, 0x00, 0x00, 0x00, 0x00,
  0x00, 0x00, 0x00, 0x00, 0x00, 0x00, 0x00, 0x00, 0x00, 0x00, 0x00, 0x00,
  0x00, 0x00, 0x00, 0x00, 0x00, 0x00, 0x00, 0x00, 0x00, 0x00, 0x00, 0x00,
  0x00, 0x00, 0x00, 0x00, 0x00, 0x00, 0x00, 0x00, 0x00, 0x00, 0x00, 0x00,
  0x00, 0x00, 0x00, 0x00, 0x00, 0x00, 0x00, 0x00, 0x00, 0x00, 0x00, 0x00,
  0x00, 0x00, 0x00, 0x00, 0x00, 0x00, 0x00, 0x00, 0x00, 0x00, 0x00, 0x00,
  0x00, 0x00, 0x00, 0x00, 0x00, 0x00, 0x00, 0x00, 0x00, 0x00, 0x00, 0x00,
  0x00, 0x00, 0x00, 0x00, 0x00, 0x00, 0x00, 0x00, 0x00, 0x00, 0x00, 0x00,
  0x00, 0x00, 0x00, 0x00, 0x00, 0x00, 0x00, 0x00, 0x00, 0x00, 0x00, 0x00,
  0x00, 0x00, 0x00, 0x00, 0x00, 0x00, 0x00, 0x00, 0x00, 0x00, 0x00, 0x00,
  0x00, 0x00, 0x00, 0x00, 0x00, 0x00, 0x00, 0x00, 0x00, 0x00, 0x00, 0x00,
  0x00, 0x00, 0x00, 0x00, 0x00, 0x00, 0x00, 0x00, 0x00, 0x00, 0x00, 0x00,
  0x00, 0x00, 0x00, 0x00, 0x00, 0x00, 0x00, 0x00, 0x00, 0x00, 0x00, 0x00,
  0x00, 0x00, 0x00, 0x00, 0x00, 0x00, 0x00, 0x00, 0x00, 0x00, 0x00, 0x00,
  0x00, 0x00, 0x00, 0x00, 0x00, 0x00, 0x00, 0x00, 0x00, 0x00, 0x00, 0x00,
  0x00, 0x00, 0x00, 0x00, 0x00, 0x00, 0x00, 0x00, 0x00, 0x00, 0x00, 0x00,
  0x00, 0x00, 0x00, 0x00, 0x00, 0x00, 0x00, 0x00, 0x00, 0x00, 0x00, 0x00,
  0x00, 0x00, 0x00, 0x00, 0x00, 0x00, 0x00, 0x00, 0x00, 0x00, 0x00, 0x00,
  0x00, 0x00, 0x00, 0x00, 0x00, 0x00, 0x00, 0x00, 0x00, 0x00, 0x00, 0x00,
  0x00, 0x00, 0x00, 0x00, 0x00, 0x00, 0x00, 0x00, 0x00, 0x00, 0x00, 0x00,
  0x00, 0x00, 0x00, 0x00, 0x00, 0x00, 0x00, 0x00, 0x00, 0x00, 0x00, 0x00,
  0x00, 0x00, 0x00, 0x00, 0x00, 0x00, 0x00, 0x00, 0x00, 0x00, 0x00, 0x00,
  0x00, 0x00, 0x00, 0x00, 0x00, 0x00, 0x00, 0x00, 0x00, 0x00, 0x00, 0x00,
  0x00, 0x00, 0x00, 0x00, 0x00, 0x00, 0x00, 0x00, 0x00, 0x00, 0x00, 0x00,
  0x00, 0x00, 0x00, 0x00, 0x00, 0x00, 0x00, 0x00, 0x00, 0x00, 0x00, 0x00,
  0x00, 0x00, 0x00, 0x00, 0x00, 0x00, 0x00, 0x00, 0x00, 0x00, 0x00, 0x00,
  0x00, 0x00, 0x00, 0x00, 0x00, 0x00, 0x00, 0x00, 0x00, 0x00, 0x00, 0x00,
  0x00, 0x00, 0x00, 0x00, 0x00, 0x00, 0x00, 0x00, 0x00, 0x00, 0x00, 0x00,
  0x00, 0x00, 0x00, 0x00, 0x00, 0x00, 0x00, 0x00, 0x00, 0x00, 0x00, 0x00,
  0x00, 0x00, 0x00, 0x00, 0x40, 0x00, 0x00, 0x00, 0x4a, 0x4a, 0x55, 0x39,
  0x2d, 0x1c, 0x59, 0x39, 0x28, 0xcb, 0x23, 0x39, 0xeb, 0x68, 0x15, 0x39,
  0xcb, 0x9c, 0x3a, 0x39, 0x09, 0x0e, 0x39, 0x39, 0xa8, 0x7e, 0x7b, 0x39,
  0x27, 0xe7, 0x0a, 0x39, 0x9e, 0x63, 0x2d, 0x39, 0x50, 0x3d, 0x20, 0x39,
  0xcb, 0x55, 0x5f, 0x39, 0xa8, 0x6d, 0xfc, 0x38, 0x68, 0xe2, 0x9e, 0x38,
  0xec, 0x7b, 0x18, 0x39, 0x76, 0x12, 0x22, 0x39, 0x65, 0x78, 0x30, 0x39,
  0x83, 0xc6, 0xa4, 0x38, 0x7e, 0x0d, 0xe9, 0x38, 0x3d, 0x7e, 0x4b, 0x39,
  0xa5, 0x14, 0x2a, 0x39, 0xda, 0x0d, 0x4e, 0x39, 0x91, 0x13, 0x5a, 0x39,
  0x3b, 0xd2, 0x56, 0x39, 0xdf, 0x0a, 0x5a, 0x39, 0x73, 0x55, 0x1b, 0x39,
  0x26, 0xad, 0x5d, 0x39, 0xc8, 0x86, 0xee, 0x38, 0x60, 0x2b, 0x27, 0x39,
  0xcd, 0x28, 0x2c, 0x39, 0x42, 0xcf, 0xd1, 0x38, 0xd5, 0x7b, 0x66, 0x39,
  0x76, 0xe3, 0x47, 0x39, 0xb8, 0x04, 0x59, 0x39, 0x76, 0xd5, 0x29, 0x39,
  0x69, 0x71, 0x04, 0x39, 0x09, 0xd9, 0x50, 0x39, 0x17, 0xa7, 0x65, 0x39,
  0xa0, 0x96, 0x1b, 0x39, 0xd8, 0x4d, 0x43, 0x39, 0xe4, 0xbb, 0x58, 0x39,
  0xe2, 0xc8, 0x82, 0x39, 0x70, 0x6d, 0x29, 0x39, 0x11, 0x6f, 0xea, 0x38,
  0xd5, 0x60, 0x6e, 0x39, 0x9c, 0xf0, 0x24, 0x39, 0x4a, 0xb0, 0x3d, 0x39,
  0xe0, 0xea, 0x24, 0x39, 0x11, 0xd6, 0x50, 0x39, 0xad, 0x2f, 0x63, 0x39,
  0x4f, 0xe9, 0x32, 0x39, 0xc0, 0xa5, 0x4d, 0x39, 0x99, 0x52, 0xea, 0x38,
  0xfa, 0x93, 0x47, 0x39, 0xb0, 0xc0, 0x70, 0x39, 0x76, 0xe4, 0x0e, 0x39,
  0x2a, 0xd8, 0xdc, 0x38, 0xcd, 0xf7, 0xd1, 0x38, 0x86, 0x01, 0xd2, 0x38,
  0x8a, 0x5c, 0x11, 0x39, 0x35, 0x57, 0xf0, 0x38, 0x53, 0x56, 0x71, 0x39,
  0x8c, 0xa6, 0x4d, 0x39, 0x6f, 0xbb, 0xa9, 0x38, 0x74, 0x5d, 0x0a, 0x39,
  0x12, 0x00, 0x00, 0x00, 0x74, 0x66, 0x6c, 0x2e, 0x70, 0x73, 0x65, 0x75,
  0x64, 0x6f, 0x5f, 0x71, 0x63, 0x6f, 0x6e, 0x73, 0x74, 0x36, 0x00, 0x00,
  0x01, 0x00, 0x00, 0x00, 0x40, 0x00, 0x00, 0x00, 0x6a, 0xf5, 0xff, 0xff,
  0x00, 0x00, 0x00, 0x01, 0x14, 0x00, 0x00, 0x00, 0x28, 0x03, 0x00, 0x00,
  0x12, 0x00, 0x00, 0x00, 0x00, 0x00, 0x00, 0x09, 0x34, 0x03, 0x00, 0x00,
  0x2c, 0xf8, 0xff, 0xff, 0x08, 0x00, 0x00, 0x00, 0x0c, 0x02, 0x00, 0x00,
  0x40, 0x00, 0x00, 0x00, 0x00, 0x00, 0x00, 0x00, 0x00, 0x00, 0x00, 0x00,
  0x00, 0x00, 0x00, 0x00, 0x00, 0x00, 0x00, 0x00, 0x00, 0x00, 0x00, 0x00,
  0x00, 0x00, 0x00, 0x00, 0x00, 0x00, 0x00, 0x00, 0x00, 0x00, 0x00, 0x00,
  0x00, 0x00, 0x00, 0x00, 0x00, 0x00, 0x00, 0x00, 0x00, 0x00, 0x00, 0x00,
  0x00, 0x00, 0x00, 0x00, 0x00, 0x00, 0x00, 0x00, 0x00, 0x00, 0x00, 0x00,
  0x00, 0x00, 0x00, 0x00, 0x00, 0x00, 0x00, 0x00, 0x00, 0x00, 0x00, 0x00,
  0x00, 0x00, 0x00, 0x00, 0x00, 0x00, 0x00, 0x00, 0x00, 0x00, 0x00, 0x00,
  0x00, 0x00, 0x00, 0x00, 0x00, 0x00, 0x00, 0x00, 0x00, 0x00, 0x00, 0x00,
  0x00, 0x00, 0x00, 0x00, 0x00, 0x00, 0x00, 0x00, 0x00, 0x00, 0x00, 0x00,
  0x00, 0x00, 0x00, 0x00, 0x00, 0x00, 0x00, 0x00, 0x00, 0x00, 0x00, 0x00,
  0x00, 0x00, 0x00, 0x00, 0x00, 0x00, 0x00, 0x00, 0x00, 0x00, 0x00, 0x00,
  0x00, 0x00, 0x00, 0x00, 0x00, 0x00, 0x00, 0x00, 0x00, 0x00, 0x00, 0x00,
  0x00, 0x00, 0x00, 0x00, 0x00, 0x00, 0x00, 0x00, 0x00, 0x00, 0x00, 0x00,
  0x00, 0x00, 0x00, 0x00, 0x00, 0x00, 0x00, 0x00, 0x00, 0x00, 0x00, 0x00,
  0x00, 0x00, 0x00, 0x00, 0x00, 0x00, 0x00, 0x00, 0x00, 0x00, 0x00, 0x00,
  0x00, 0x00, 0x00, 0x00, 0x00, 0x00, 0x00, 0x00, 0x00, 0x00, 0x00, 0x00,
  0x00, 0x00, 0x00, 0x00, 0x00, 0x00, 0x00, 0x00, 0x00, 0x00, 0x00, 0x00,
  0x00, 0x00, 0x00, 0x00, 0x00, 0x00, 0x00, 0x00, 0x00, 0x00, 0x00, 0x00,
  0x00, 0x00, 0x00, 0x00, 0x00, 0x00, 0x00, 0x00, 0x00, 0x00, 0x00, 0x00,
  0x00, 0x00, 0x00, 0x00, 0x00, 0x00, 0x00, 0x00, 0x00, 0x00, 0x00, 0x00,
  0x00, 0x00, 0x00, 0x00, 0x00, 0x00, 0x00, 0x00, 0x00, 0x00, 0x00, 0x00,
  0x00, 0x00, 0x00, 0x00, 0x00, 0x00, 0x00, 0x00, 0x00, 0x00, 0x00, 0x00,
  0x00, 0x00, 0x00, 0x00, 0x00, 0x00, 0x00, 0x00, 0x00, 0x00, 0x00, 0x00,
  0x00, 0x00, 0x00, 0x00, 0x00, 0x00, 0x00, 0x00, 0x00, 0x00, 0x00, 0x00,
  0x00, 0x00, 0x00, 0x00, 0x00, 0x00, 0x00, 0x00, 0x00, 0x00, 0x00, 0x00,
  0x00, 0x00, 0x00, 0x00, 0x00, 0x00, 0x00, 0x00, 0x00, 0x00, 0x00, 0x00,
  0x00, 0x00, 0x00, 0x00, 0x00, 0x00, 0x00, 0x00, 0x00, 0x00, 0x00, 0x00,
  0x00, 0x00, 0x00, 0x00, 0x00, 0x00, 0x00, 0x00, 0x00, 0x00, 0x00, 0x00,
  0x00, 0x00, 0x00, 0x00, 0x00, 0x00, 0x00, 0x00, 0x00, 0x00, 0x00, 0x00,
  0x00, 0x00, 0x00, 0x00, 0x00, 0x00, 0x00, 0x00, 0x00, 0x00, 0x00, 0x00,
  0x00, 0x00, 0x00, 0x00, 0x00, 0x00, 0x00, 0x00, 0x00, 0x00, 0x00, 0x00,
  0x00, 0x00, 0x00, 0x00, 0x00, 0x00, 0x00, 0x00, 0x00, 0x00, 0x00, 0x00,
  0x00, 0x00, 0x00, 0x00, 0x00, 0x00, 0x00, 0x00, 0x00, 0x00, 0x00, 0x00,
  0x00, 0x00, 0x00, 0x00, 0x00, 0x00, 0x00, 0x00, 0x00, 0x00, 0x00, 0x00,
  0x00, 0x00, 0x00, 0x00, 0x00, 0x00, 0x00, 0x00, 0x00, 0x00, 0x00, 0x00,
  0x00, 0x00, 0x00, 0x00, 0x00, 0x00, 0x00, 0x00, 0x00, 0x00, 0x00, 0x00,
  0x00, 0x00, 0x00, 0x00, 0x00, 0x00, 0x00, 0x00, 0x00, 0x00, 0x00, 0x00,
  0x00, 0x00, 0x00, 0x00, 0x00, 0x00, 0x00, 0x00, 0x00, 0x00, 0x00, 0x00,
  0x00, 0x00, 0x00, 0x00, 0x00, 0x00, 0x00, 0x00, 0x00, 0x00, 0x00, 0x00,
  0x00, 0x00, 0x00, 0x00, 0x00, 0x00, 0x00, 0x00, 0x00, 0x00, 0x00, 0x00,
  0x00, 0x00, 0x00, 0x00, 0x00, 0x00, 0x00, 0x00, 0x00, 0x00, 0x00, 0x00,
  0x00, 0x00, 0x00, 0x00, 0x00, 0x00, 0x00, 0x00, 0x00, 0x00, 0x00, 0x00,
  0x00, 0x00, 0x00, 0x00, 0x00, 0x00, 0x00, 0x00, 0x00, 0x00, 0x00, 0x00,
  0x00, 0x00, 0x00, 0x00, 0x40, 0x00, 0x00, 0x00, 0x96, 0x27, 0x07, 0x3d,
  0x1c, 0xd7, 0x11, 0x3d, 0x7c, 0xc8, 0x17, 0x3d, 0xfd, 0x43, 0x15, 0x3d,
  0xbf, 0xf2, 0xf7, 0x3c, 0x8d, 0x3c, 0x23, 0x3d, 0xff, 0x1e, 0x86, 0x3c,
  0x7b, 0xd7, 0x31, 0x3d, 0x9c, 0x0e, 0xb9, 0x3c, 0x20, 0xa9, 0x08, 0x3d,
  0x25, 0x5d, 0x2d, 0x3d, 0x68, 0x5d, 0xe4, 0x3c, 0x53, 0x72, 0x2f, 0x3d,
  0xff, 0x34, 0xd6, 0x3c, 0x4f, 0x1b, 0xa5, 0x3c, 0x38, 0xe5, 0xa9, 0x3c,
  0x1b, 0x4f, 0x21, 0x3d, 0xed, 0xa3, 0xf9, 0x3c, 0xd4, 0xc9, 0x88, 0x3c,
  0xc5, 0x6e, 0x98, 0x3c, 0x2e, 0x7e, 0x02, 0x3d, 0xff, 0x71, 0x28, 0x3d,
  0xfc, 0xd8, 0xf4, 0x3c, 0x36, 0x5b, 0x30, 0x3d, 0x37, 0xaf, 0xe7, 0x3c,
  0xcb, 0x25, 0x2a, 0x3d, 0x3b, 0xff, 0x51, 0x3c, 0x52, 0x4c, 0x3e, 0x3d,
  0x94, 0x6e, 0x05, 0x3d, 0x59, 0xe3, 0x1b, 0x3d, 0x80, 0xd7, 0x81, 0x3c,
  0xe3, 0xdb, 0xd9, 0x3c, 0xca, 0x9f, 0x1f, 0x3d, 0x1f, 0x24, 0xc6, 0x3c,
  0xde, 0xef, 0x8a, 0x3c, 0x60, 0x07, 0xaf, 0x3c, 0xa5, 0x9d, 0x0c, 0x3d,
  0x5d, 0x9d, 0xbc, 0x3c, 0xee, 0xd0, 0xf7, 0x3c, 0xe4, 0x57, 0x9d, 0x3c,
  0x2d, 0x53, 0xc8, 0x3c, 0xd6, 0x78, 0x1a, 0x3d, 0xfa, 0x24, 0x31, 0x3d,
  0xa4, 0xec, 0x37, 0x3d, 0xd7, 0x0d, 0xc6, 0x3c, 0x0a, 0x2b, 0x18, 0x3d,
  0x9e, 0x60, 0xd1, 0x3c, 0xe3, 0xcc, 0x94, 0x3c, 0xac, 0xbd, 0x08, 0x3d,
  0xc4, 0xe7, 0xd8, 0x3c, 0x22, 0xae, 0x88, 0x3d, 0xfb, 0xf2, 0x96, 0x3c,
  0xbd, 0xc1, 0x07, 0x3d, 0xef, 0x59, 0x37, 0x3d, 0x95, 0x95, 0x44, 0x3d,
  0xac, 0xfd, 0xb3, 0x3c, 0x4a, 0xfb, 0xe8, 0x3c, 0xe3, 0x79, 0x87, 0x3c,
  0xba, 0xb4, 0xe8, 0x3c, 0x62, 0x80, 0x15, 0x3d, 0x76, 0xb9, 0x9d, 0x3c,
  0x86, 0x79, 0x00, 0x3d, 0x06, 0xfd, 0xa2, 0x3c, 0xf0, 0xd7, 0xcd, 0x3c,
  0x12, 0x00, 0x00, 0x00, 0x74, 0x66, 0x6c, 0x2e, 0x70, 0x73, 0x65, 0x75,
  0x64, 0x6f, 0x5f, 0x71, 0x63, 0x6f, 0x6e, 0x73, 0x74, 0x35, 0x00, 0x00,
  0x04, 0x00, 0x00, 0x00, 0x40, 0x00, 0x00, 0x00, 0x01, 0x00, 0x00, 0x00,
  0x01, 0x00, 0x00, 0x00, 0x40, 0x00, 0x00, 0x00, 0xca, 0xf8, 0xff, 0xff,
  0x00, 0x00, 0x00, 0x01, 0x14, 0x00, 0x00, 0x00, 0x24, 0x03, 0x00, 0x00,
  0x11, 0x00, 0x00, 0x00, 0x00, 0x00, 0x00, 0x02, 0x30, 0x03, 0x00, 0x00,
  0x8c, 0xfb, 0xff, 0xff, 0x08, 0x00, 0x00, 0x00, 0x08, 0x02, 0x00, 0x00,
  0x40, 0x00, 0x00, 0x00, 0x00, 0x00, 0x00, 0x00, 0x00, 0x00, 0x00, 0x00,
  0x00, 0x00, 0x00, 0x00, 0x00, 0x00, 0x00, 0x00, 0x00, 0x00, 0x00, 0x00,
  0x00, 0x00, 0x00, 0x00, 0x00, 0x00, 0x00, 0x00, 0x00, 0x00, 0x00, 0x00,
  0x00, 0x00, 0x00, 0x00, 0x00, 0x00, 0x00, 0x00, 0x00, 0x00, 0x00, 0x00,
  0x00, 0x00, 0x00, 0x00, 0x00, 0x00, 0x00, 0x00, 0x00, 0x00, 0x00, 0x00,
  0x00, 0x00, 0x00, 0x00, 0x00, 0x00, 0x00, 0x00, 0x00, 0x00, 0x00, 0x00,
  0x00, 0x00, 0x00, 0x00, 0x00, 0x00, 0x00, 0x00, 0x00, 0x00, 0x00, 0x00,
  0x00, 0x00, 0x00, 0x00, 0x00, 0x00, 0x00, 0x00, 0x00, 0x00, 0x00, 0x00,
  0x00, 0x00, 0x00, 0x00, 0x00, 0x00, 0x00, 0x00, 0x00, 0x00, 0x00, 0x00,
  0x00, 0x00, 0x00, 0x00, 0x00, 0x00, 0x00, 0x00, 0x00, 0x00, 0x00, 0x00,
  0x00, 0x00, 0x00, 0x00, 0x00, 0x00, 0x00, 0x00, 0x00, 0x00, 0x00, 0x00,
  0x00, 0x00, 0x00, 0x00, 0x00, 0x00, 0x00, 0x00, 0x00, 0x00, 0x00, 0x00,
  0x00, 0x00, 0x00, 0x00, 0x00, 0x00, 0x00, 0x00, 0x00, 0x00, 0x00, 0x00,
  0x00, 0x00, 0x00, 0x00, 0x00, 0x00, 0x00, 0x00, 0x00, 0x00, 0x00, 0x00,
  0x00, 0x00, 0x00, 0x00, 0x00, 0x00, 0x00, 0x00, 0x00, 0x00, 0x00, 0x00,
  0x00, 0x00, 0x00, 0x00, 0x00, 0x00, 0x00, 0x00, 0x00, 0x00, 0x00, 0x00,
  0x00, 0x00, 0x00, 0x00, 0x00, 0x00, 0x00, 0x00, 0x00, 0x00, 0x00, 0x00,
  0x00, 0x00, 0x00, 0x00, 0x00, 0x00, 0x00, 0x00, 0x00, 0x00, 0x00, 0x00,
  0x00, 0x00, 0x00, 0x00, 0x00, 0x00, 0x00, 0x00, 0x00, 0x00, 0x00, 0x00,
  0x00, 0x00, 0x00, 0x00, 0x00, 0x00, 0x00, 0x00, 0x00, 0x00, 0x00, 0x00,
  0x00, 0x00, 0x00, 0x00, 0x00, 0x00, 0x00, 0x00, 0x00, 0x00, 0x00, 0x00,
  0x00, 0x00, 0x00, 0x00, 0x00, 0x00, 0x00, 0x00, 0x00, 0x00, 0x00, 0x00,
  0x00, 0x00, 0x00, 0x00, 0x00, 0x00, 0x00, 0x00, 0x00, 0x00, 0x00, 0x00,
  0x00, 0x00, 0x00, 0x00, 0x00, 0x00, 0x00, 0x00, 0x00, 0x00, 0x00, 0x00,
  0x00, 0x00, 0x00, 0x00, 0x00, 0x00, 0x00, 0x00, 0x00, 0x00, 0x00, 0x00,
  0x00, 0x00, 0x00, 0x00, 0x00, 0x00, 0x00, 0x00, 0x00, 0x00, 0x00, 0x00,
  0x00, 0x00, 0x00, 0x00, 0x00, 0x00, 0x00, 0x00, 0x00, 0x00, 0x00, 0x00,
  0x00, 0x00, 0x00, 0x00, 0x00, 0x00, 0x00, 0x00, 0x00, 0x00, 0x00, 0x00,
  0x00, 0x00, 0x00, 0x00, 0x00, 0x00, 0x00, 0x00, 0x00, 0x00, 0x00, 0x00,
  0x00, 0x00, 0x00, 0x00, 0x00, 0x00, 0x00, 0x00, 0x00, 0x00, 0x00, 0x00,
  0x00, 0x00, 0x00, 0x00, 0x00, 0x00, 0x00, 0x00, 0x00, 0x00, 0x00, 0x00,
  0x00, 0x00, 0x00, 0x00, 0x00, 0x00, 0x00, 0x00, 0x00, 0x00, 0x00, 0x00,
  0x00, 0x00, 0x00, 0x00, 0x00, 0x00, 0x00, 0x00, 0x00, 0x00, 0x00, 0x00,
  0x00, 0x00, 0x00, 0x00, 0x00, 0x00, 0x00, 0x00, 0x00, 0x00, 0x00, 0x00,
  0x00, 0x00, 0x00, 0x00, 0x00, 0x00, 0x00, 0x00, 0x00, 0x00, 0x00, 0x00,
  0x00, 0x00, 0x00, 0x00, 0x00, 0x00, 0x00, 0x00, 0x00, 0x00, 0x00, 0x00,
  0x00, 0x00, 0x00, 0x00, 0x00, 0x00, 0x00, 0x00, 0x00, 0x00, 0x00, 0x00,
  0x00, 0x00, 0x00, 0x00, 0x00, 0x00, 0x00, 0x00, 0x00, 0x00, 0x00, 0x00,
  0x00, 0x00, 0x00, 0x00, 0x00, 0x00, 0x00, 0x00, 0x00, 0x00, 0x00, 0x00,
  0x00, 0x00, 0x00, 0x00, 0x00, 0x00, 0x00, 0x00, 0x00, 0x00, 0x00, 0x00,
  0x00, 0x00, 0x00, 0x00, 0x00, 0x00, 0x00, 0x00, 0x00, 0x00, 0x00, 0x00,
  0x00, 0x00, 0x00, 0x00, 0x00, 0x00, 0x00, 0x00, 0x00, 0x00, 0x00, 0x00,
  0x00, 0x00, 0x00, 0x00, 0x00, 0x00, 0x00, 0x00, 0x00, 0x00, 0x00, 0x00,
  0x40, 0x00, 0x00, 0x00, 0xfb, 0xc5, 0xc3, 0x3a, 0x6c, 0x40, 0xd3, 0x3a,
  0x28, 0xdc, 0xdb, 0x3a, 0x98, 0x36, 0xd8, 0x3a, 0x06, 0x94, 0xb3, 0x3a,
  0x4c, 0x73, 0xec, 0x3a, 0xb8, 0x46, 0x42, 0x3a, 0x98, 0xcd, 0x00, 0x3b,
  0x64, 0x07, 0x86, 0x3a, 0x70, 0xf4, 0xc5, 0x3a, 0xb4, 0x1e, 0xfb, 0x3a,
  0x14, 0x65, 0xa5, 0x3a, 0x05, 0x23, 0xfe, 0x3a, 0x13, 0x24, 0x9b, 0x3a,
  0xc8, 0x28, 0x6f, 0x3a, 0x88, 0x18, 0x76, 0x3a, 0x88, 0xa8, 0xe9, 0x3a,
  0xc2, 0xcd, 0xb4, 0x3a, 0xcf, 0x23, 0x46, 0x3a, 0x06, 0xcd, 0x5c, 0x3a,
  0x51, 0x05, 0xbd, 0x3a, 0xcf, 0xfe, 0xf3, 0x3a, 0x23, 0x55, 0xb1, 0x3a,
  0x5c, 0x74, 0xff, 0x3a, 0x8f, 0xcc, 0xa7, 0x3a, 0x11, 0x76, 0xf6, 0x3a,
  0x7f, 0x17, 0x18, 0x3a, 0x22, 0xd3, 0x09, 0x3b, 0x2d, 0x47, 0xc1, 0x3a,
  0x59, 0xce, 0xe1, 0x3a, 0xe0, 0x13, 0x3c, 0x3a, 0x2d, 0xc9, 0x9d, 0x3a,
  0xc4, 0x37, 0xe7, 0x3a, 0x4c, 0x81, 0x8f, 0x3a, 0x8c, 0x40, 0x49, 0x3a,
  0x1b, 0x88, 0x7d, 0x3a, 0x16, 0xaf, 0xcb, 0x3a, 0x02, 0x9b, 0x88, 0x3a,
  0x88, 0x7b, 0xb3, 0x3a, 0xfb, 0xe9, 0x63, 0x3a, 0x32, 0x16, 0x91, 0x3a,
  0x3e, 0xc1, 0xdf, 0x3a, 0x50, 0x4c, 0x00, 0x3b, 0x61, 0x35, 0x05, 0x3b,
  0x29, 0x71, 0x8f, 0x3a, 0xea, 0x6a, 0xdc, 0x3a, 0x9e, 0xa4, 0x97, 0x3a,
  0x13, 0x8a, 0x57, 0x3a, 0x33, 0x12, 0xc6, 0x3a, 0x5f, 0x18, 0x9d, 0x3a,
  0xb1, 0xfb, 0x45, 0x3b, 0xe5, 0xa6, 0x5a, 0x3a, 0x46, 0xa5, 0xc4, 0x3a,
  0x20, 0xcb, 0x04, 0x3b, 0xa7, 0x60, 0x0e, 0x3b, 0x13, 0x5c, 0x82, 0x3a,
  0x11, 0xbd, 0xa8, 0x3a, 0x32, 0x3d, 0x44, 0x3a, 0xf6, 0x89, 0xa8, 0x3a,
  0x14, 0x8e, 0xd8, 0x3a, 0x50, 0x77, 0x64, 0x3a, 0xee, 0x18, 0xba, 0x3a,
  0x46, 0x17, 0x6c, 0x3a, 0x66, 0x15, 0x95, 0x3a, 0x12, 0x00, 0x00, 0x00,
  0x74, 0x66, 0x6c, 0x2e, 0x70, 0x73, 0x65, 0x75, 0x64, 0x6f, 0x5f, 0x71,
  0x63, 0x6f, 0x6e, 0x73, 0x74, 0x34, 0x00, 0x00, 0x01, 0x00, 0x00, 0x00,
  0x40, 0x00, 0x00, 0x00, 0x1a, 0xfc, 0xff, 0xff, 0x00, 0x00, 0x00, 0x01,
  0x14, 0x00, 0x00, 0x00, 0x30, 0x00, 0x00, 0x00, 0x10, 0x00, 0x00, 0x00,
  0x00, 0x00, 0x00, 0x09, 0x3c, 0x00, 0x00, 0x00, 0xdc, 0xfe, 0xff, 0xff,
  0x08, 0x00, 0x00, 0x00, 0x10, 0x00, 0x00, 0x00, 0x01, 0x00, 0x00, 0x00,
  0x00, 0x00, 0x00, 0x00, 0x00, 0x00, 0x00, 0x00, 0x01, 0x00, 0x00, 0x00,
  0xb1, 0x8e, 0x03, 0x3c, 0x12, 0x00, 0x00, 0x00, 0x74, 0x66, 0x6c, 0x2e,
  0x70, 0x73, 0x65, 0x75, 0x64, 0x6f, 0x5f, 0x71, 0x63, 0x6f, 0x6e, 0x73,
  0x74, 0x33, 0x00, 0x00, 0x02, 0x00, 0x00, 0x00, 0x20, 0x00, 0x00, 0x00,
  0x40, 0x00, 0x00, 0x00, 0x7a, 0xfc, 0xff, 0xff, 0x00, 0x00, 0x00, 0x01,
  0x14, 0x00, 0x00, 0x00, 0x34, 0x00, 0x00, 0x00, 0x0f, 0x00, 0x00, 0x00,
  0x00, 0x00, 0x00, 0x02, 0x40, 0x00, 0x00, 0x00, 0x3c, 0xff, 0xff, 0xff,
  0x08, 0x00, 0x00, 0x00, 0x14, 0x00, 0x00, 0x00, 0x01, 0x00, 0x00, 0x00,
  0x00, 0x00, 0x00, 0x00, 0x00, 0x00, 0x00, 0x00, 0x00, 0x00, 0x00, 0x00,
  0x01, 0x00, 0x00, 0x00, 0x97, 0x58, 0x46, 0x38, 0x12, 0x00, 0x00, 0x00,
  0x74, 0x66, 0x6c, 0x2e, 0x70, 0x73, 0x65, 0x75, 0x64, 0x6f, 0x5f, 0x71,
  0x63, 0x6f, 0x6e, 0x73, 0x74, 0x32, 0x00, 0x00, 0x01, 0x00, 0x00, 0x00,
  0x20, 0x00, 0x00, 0x00, 0xda, 0xfc, 0xff, 0xff, 0x00, 0x00, 0x00, 0x01,
  0x14, 0x00, 0x00, 0x00, 0x34, 0x00, 0x00, 0x00, 0x0e, 0x00, 0x00, 0x00,
  0x00, 0x00, 0x00, 0x09, 0x40, 0x00, 0x00, 0x00, 0x9c, 0xff, 0xff, 0xff,
  0x08, 0x00, 0x00, 0x00, 0x14, 0x00, 0x00, 0x00, 0x01, 0x00, 0x00, 0x00,
  0x00, 0x00, 0x00, 0x00, 0x00, 0x00, 0x00, 0x00, 0x00, 0x00, 0x00, 0x00,
  0x01, 0x00, 0x00, 0x00, 0xf9, 0x6c, 0xa7, 0x3c, 0x12, 0x00, 0x00, 0x00,
  0x74, 0x66, 0x6c, 0x2e, 0x70, 0x73, 0x65, 0x75, 0x64, 0x6f, 0x5f, 0x71,
  0x63, 0x6f, 0x6e, 0x73, 0x74, 0x31, 0x00, 0x00, 0x02, 0x00, 0x00, 0x00,
  0x05, 0x00, 0x00, 0x00, 0x20, 0x00, 0x00, 0x00, 0x3e, 0xfd, 0xff, 0xff,
  0x00, 0x00, 0x00, 0x01, 0x20, 0x00, 0x00, 0x00, 0x3c, 0x00, 0x00, 0x00,
  0x0d, 0x00, 0x00, 0x00, 0x00, 0x00, 0x00, 0x02, 0x48, 0x00, 0x00, 0x00,
  0x0c, 0x00, 0x0c, 0x00, 0x00, 0x00, 0x00, 0x00, 0x08, 0x00, 0x04, 0x00,
  0x0c, 0x00, 0x00, 0x00, 0x08, 0x00, 0x00, 0x00, 0x10, 0x00, 0x00, 0x00,
  0x01, 0x00, 0x00, 0x00, 0x00, 0x00, 0x00, 0x00, 0x00, 0x00, 0x00, 0x00,
  0x01, 0x00, 0x00, 0x00, 0x08, 0xd8, 0xa0, 0x39, 0x11, 0x00, 0x00, 0x00,
  0x74, 0x66, 0x6c, 0x2e, 0x70, 0x73, 0x65, 0x75, 0x64, 0x6f, 0x5f, 0x71,
  0x63, 0x6f, 0x6e, 0x73, 0x74, 0x00, 0x00, 0x00, 0x01, 0x00, 0x00, 0x00,
  0x05, 0x00, 0x00, 0x00, 0xa6, 0xfd, 0xff, 0xff, 0x00, 0x00, 0x00, 0x01,
  0x14, 0x00, 0x00, 0x00, 0x14, 0x00, 0x00, 0x00, 0x0c, 0x00, 0x00, 0x00,
  0x00, 0x00, 0x00, 0x02, 0x20, 0x00, 0x00, 0x00, 0x40, 0xfd, 0xff, 0xff,
  0x10, 0x00, 0x00, 0x00, 0x61, 0x72, 0x69, 0x74, 0x68, 0x2e, 0x63, 0x6f,
  0x6e, 0x73, 0x74, 0x61, 0x6e, 0x74, 0x31, 0x30, 0x00, 0x00, 0x00, 0x00,
  0x00, 0x00, 0x00, 0x00, 0xe2, 0xfd, 0xff, 0xff, 0x00, 0x00, 0x00, 0x01,
  0x14, 0x00, 0x00, 0x00, 0x14, 0x00, 0x00, 0x00, 0x0b, 0x00, 0x00, 0x00,
  0x00, 0x00, 0x00, 0x02, 0x1c, 0x00, 0x00, 0x00, 0x7c, 0xfd, 0xff, 0xff,
  0x0f, 0x00, 0x00, 0x00, 0x61, 0x72, 0x69, 0x74, 0x68, 0x2e, 0x63, 0x6f,
  0x6e, 0x73, 0x74, 0x61, 0x6e, 0x74, 0x39, 0x00, 0x01, 0x00, 0x00, 0x00,
  0x03, 0x00, 0x00, 0x00, 0x1e, 0xfe, 0xff, 0xff, 0x00, 0x00, 0x00, 0x01,
  0x14, 0x00, 0x00, 0x00, 0x14, 0x00, 0x00, 0x00, 0x0a, 0x00, 0x00, 0x00,
  0x00, 0x00, 0x00, 0x02, 0x1c, 0x00, 0x00, 0x00, 0xb8, 0xfd, 0xff, 0xff,
  0x0f, 0x00, 0x00, 0x00, 0x61, 0x72, 0x69, 0x74, 0x68, 0x2e, 0x63, 0x6f,
  0x6e, 0x73, 0x74, 0x61, 0x6e, 0x74, 0x38, 0x00, 0x01, 0x00, 0x00, 0x00,
  0x04, 0x00, 0x00, 0x00, 0x5a, 0xfe, 0xff, 0xff, 0x00, 0x00, 0x00, 0x01,
  0x14, 0x00, 0x00, 0x00, 0x14, 0x00, 0x00, 0x00, 0x09, 0x00, 0x00, 0x00,
  0x00, 0x00, 0x00, 0x02, 0x1c, 0x00, 0x00, 0x00, 0xf4, 0xfd, 0xff, 0xff,
  0x0f, 0x00, 0x00, 0x00, 0x61, 0x72, 0x69, 0x74, 0x68, 0x2e, 0x63, 0x6f,
  0x6e, 0x73, 0x74, 0x61, 0x6e, 0x74, 0x37, 0x00, 0x01, 0x00, 0x00, 0x00,
  0x04, 0x00, 0x00, 0x00, 0x96, 0xfe, 0xff, 0xff, 0x00, 0x00, 0x00, 0x01,
  0x14, 0x00, 0x00, 0x00, 0x14, 0x00, 0x00, 0x00, 0x08, 0x00, 0x00, 0x00,
  0x00, 0x00, 0x00, 0x02, 0x1c, 0x00, 0x00, 0x00, 0x30, 0xfe, 0xff, 0xff,
  0x0f, 0x00, 0x00, 0x00, 0x61, 0x72, 0x69, 0x74, 0x68, 0x2e, 0x63, 0x6f,
  0x6e, 0x73, 0x74, 0x61, 0x6e, 0x74, 0x36, 0x00, 0x01, 0x00, 0x00, 0x00,
  0x04, 0x00, 0x00, 0x00, 0xd2, 0xfe, 0xff, 0xff, 0x00, 0x00, 0x00, 0x01,
  0x14, 0x00, 0x00, 0x00, 0x14, 0x00, 0x00, 0x00, 0x07, 0x00, 0x00, 0x00,
  0x00, 0x00, 0x00, 0x02, 0x1c, 0x00, 0x00, 0x00, 0x6c, 0xfe, 0xff, 0xff,
  0x0f, 0x00, 0x00, 0x00, 0x61, 0x72, 0x69, 0x74, 0x68, 0x2e, 0x63, 0x6f,
  0x6e, 0x73, 0x74, 0x61, 0x6e, 0x74, 0x35, 0x00, 0x01, 0x00, 0x00, 0x00,
  0x04, 0x00, 0x00, 0x00, 0x0e, 0xff, 0xff, 0xff, 0x00, 0x00, 0x00, 0x01,
  0x14, 0x00, 0x00, 0x00, 0x14, 0x00, 0x00, 0x00, 0x06, 0x00, 0x00, 0x00,
  0x00, 0x00, 0x00, 0x02, 0x1c, 0x00, 0x00, 0x00, 0xa8, 0xfe, 0xff, 0xff,
  0x0f, 0x00, 0x00, 0x00, 0x61, 0x72, 0x69, 0x74, 0x68, 0x2e, 0x63, 0x6f,
  0x6e, 0x73, 0x74, 0x61, 0x6e, 0x74, 0x34, 0x00, 0x01, 0x00, 0x00, 0x00,
  0x04, 0x00, 0x00, 0x00, 0x4a, 0xff, 0xff, 0xff, 0x00, 0x00, 0x00, 0x01,
  0x14, 0x00, 0x00, 0x00, 0x14, 0x00, 0x00, 0x00, 0x05, 0x00, 0x00, 0x00,
  0x00, 0x00, 0x00, 0x02, 0x1c, 0x00, 0x00, 0x00, 0xe4, 0xfe, 0xff, 0xff,
  0x0f, 0x00, 0x00, 0x00, 0x61, 0x72, 0x69, 0x74, 0x68, 0x2e, 0x63, 0x6f,
  0x6e, 0x73, 0x74, 0x61, 0x6e, 0x74, 0x33, 0x00, 0x01, 0x00, 0x00, 0x00,
  0x04, 0x00, 0x00, 0x00, 0x86, 0xff, 0xff, 0xff, 0x00, 0x00, 0x00, 0x01,
  0x14, 0x00, 0x00, 0x00, 0x14, 0x00, 0x00, 0x00, 0x04, 0x00, 0x00, 0x00,
  0x00, 0x00, 0x00, 0x02, 0x1c, 0x00, 0x00, 0x00, 0x20, 0xff, 0xff, 0xff,
  0x0f, 0x00, 0x00, 0x00, 0x61, 0x72, 0x69, 0x74, 0x68, 0x2e, 0x63, 0x6f,
  0x6e, 0x73, 0x74, 0x61, 0x6e, 0x74, 0x32, 0x00, 0x01, 0x00, 0x00, 0x00,
  0x04, 0x00, 0x00, 0x00, 0xc2, 0xff, 0xff, 0xff, 0x00, 0x00, 0x00, 0x01,
  0x14, 0x00, 0x00, 0x00, 0x14, 0x00, 0x00, 0x00, 0x03, 0x00, 0x00, 0x00,
  0x00, 0x00, 0x00, 0x02, 0x1c, 0x00, 0x00, 0x00, 0x5c, 0xff, 0xff, 0xff,
  0x0f, 0x00, 0x00, 0x00, 0x61, 0x72, 0x69, 0x74, 0x68, 0x2e, 0x63, 0x6f,
  0x6e, 0x73, 0x74, 0x61, 0x6e, 0x74, 0x31, 0x00, 0x01, 0x00, 0x00, 0x00,
  0x04, 0x00, 0x00, 0x00, 0x00, 0x00, 0x16, 0x00, 0x1c, 0x00, 0x18, 0x00,
  0x17, 0x00, 0x10, 0x00, 0x0c, 0x00, 0x08, 0x00, 0x00, 0x00, 0x00, 0x00,
  0x00, 0x00, 0x07, 0x00, 0x16, 0x00, 0x00, 0x00, 0x00, 0x00, 0x00, 0x01,
  0x14, 0x00, 0x00, 0x00, 0x14, 0x00, 0x00, 0x00, 0x02, 0x00, 0x00, 0x00,
  0x00, 0x00, 0x00, 0x02, 0x1c, 0x00, 0x00, 0x00, 0xb0, 0xff, 0xff, 0xff,
  0x0e, 0x00, 0x00, 0x00, 0x61, 0x72, 0x69, 0x74, 0x68, 0x2e, 0x63, 0x6f,
  0x6e, 0x73, 0x74, 0x61, 0x6e, 0x74, 0x00, 0x00, 0x01, 0x00, 0x00, 0x00,
  0x04, 0x00, 0x00, 0x00, 0x00, 0x00, 0x16, 0x00, 0x18, 0x00, 0x14, 0x00,
  0x00, 0x00, 0x10, 0x00, 0x0c, 0x00, 0x08, 0x00, 0x00, 0x00, 0x00, 0x00,
  0x00, 0x00, 0x07, 0x00, 0x16, 0x00, 0x00, 0x00, 0x00, 0x00, 0x00, 0x01,
  0x14, 0x00, 0x00, 0x00, 0x14, 0x00, 0x00, 0x00, 0x01, 0x00, 0x00, 0x00,
  0x14, 0x00, 0x00, 0x00, 0x04, 0x00, 0x04, 0x00, 0x04, 0x00, 0x00, 0x00,
  0x01, 0x00, 0x00, 0x00, 0x78, 0x00, 0x00, 0x00, 0x03, 0x00, 0x00, 0x00,
  0x01, 0x00, 0x00, 0x00, 0x68, 0x01, 0x00, 0x00, 0x01, 0x00, 0x00, 0x00,
  0x0a, 0x00, 0x00, 0x00, 0xcc, 0x00, 0x00, 0x00, 0xb0, 0x00, 0x00, 0x00,
  0x9c, 0x00, 0x00, 0x00, 0x7c, 0x00, 0x00, 0x00, 0x68, 0x00, 0x00, 0x00,
  0x54, 0x00, 0x00, 0x00, 0x40, 0x00, 0x00, 0x00, 0x2c, 0x00, 0x00, 0x00,
  0x18, 0x00, 0x00, 0x00, 0x04, 0x00, 0x00, 0x00, 0x90, 0xff, 0xff, 0xff,
  0x06, 0x00, 0x00, 0x00, 0x02, 0x00, 0x00, 0x00, 0x00, 0x00, 0x00, 0x06,
  0xa0, 0xff, 0xff, 0xff, 0x19, 0x00, 0x00, 0x00, 0x02, 0x00, 0x00, 0x00,
  0x00, 0x00, 0x00, 0x19, 0xb0, 0xff, 0xff, 0xff, 0x09, 0x00, 0x00, 0x00,
  0x04, 0x00, 0x00, 0x00, 0x00, 0x00, 0x00, 0x09, 0xc0, 0xff, 0xff, 0xff,
  0x28, 0x00, 0x00, 0x00, 0x02, 0x00, 0x00, 0x00, 0x00, 0x00, 0x00, 0x28,
  0xd0, 0xff, 0xff, 0xff, 0x11, 0x00, 0x00, 0x00, 0x02, 0x00, 0x00, 0x00,
  0x00, 0x00, 0x00, 0x11, 0xe0, 0xff, 0xff, 0xff, 0x03, 0x00, 0x00, 0x00,
  0x03, 0x00, 0x00, 0x00, 0x00, 0x00, 0x00, 0x03, 0xf0, 0xff, 0xff, 0xff,
  0x2d, 0x00, 0x00, 0x00, 0x02, 0x00, 0x00, 0x00, 0x00, 0x00, 0x00, 0x2d,
  0x0c, 0x00, 0x10, 0x00, 0x0f, 0x00, 0x00, 0x00, 0x08, 0x00, 0x04, 0x00,
  0x0c, 0x00, 0x00, 0x00, 0x04, 0x00, 0x00, 0x00, 0x03, 0x00, 0x00, 0x00,
  0x00, 0x00, 0x00, 0x04, 0xf4, 0xff, 0xff, 0xff, 0x16, 0x00, 0x00, 0x00,
  0x00, 0x00, 0x00, 0x16, 0x0c, 0x00, 0x0c, 0x00, 0x0b, 0x00, 0x00, 0x00,
  0x00, 0x00, 0x04, 0x00, 0x0c, 0x00, 0x00, 0x00, 0x72, 0x00, 0x00, 0x00,
  0x00, 0x00, 0x00, 0x72,
};