// CardioEdge TFLite model: student_ce
// Size: 23992 bytes (23.4 KB)
#pragma once
#include <stdint.h>
const unsigned int student_ce_model_len = 23992;
alignas(8) const uint8_t student_ce_model[] = {
  0x20, 0x00, 0x00, 0x00, 0x54, 0x46, 0x4c, 0x33, 0x00, 0x00, 0x00, 0x00,
  0x14, 0x00, 0x20, 0x00, 0x1c, 0x00, 0x18, 0x00, 0x14, 0x00, 0x10, 0x00,
  0x0c, 0x00, 0x00, 0x00, 0x08, 0x00, 0x04, 0x00, 0x14, 0x00, 0x00, 0x00,
  0x1c, 0x00, 0x00, 0x00, 0x1c, 0x00, 0x00, 0x00, 0x9c, 0x00, 0x00, 0x00,
  0x24, 0x2b, 0x00, 0x00, 0x34, 0x2b, 0x00, 0x00, 0xa4, 0x5c, 0x00, 0x00,
  0x03, 0x00, 0x00, 0x00, 0x00, 0x00, 0x00, 0x00, 0x03, 0x00, 0x00, 0x00,
  0x5c, 0x00, 0x00, 0x00, 0x2c, 0x00, 0x00, 0x00, 0x04, 0x00, 0x00, 0x00,
  0xb8, 0xff, 0xff, 0xff, 0x37, 0x00, 0x00, 0x00, 0x04, 0x00, 0x00, 0x00,
  0x13, 0x00, 0x00, 0x00, 0x43, 0x4f, 0x4e, 0x56, 0x45, 0x52, 0x53, 0x49,
  0x4f, 0x4e, 0x5f, 0x4d, 0x45, 0x54, 0x41, 0x44, 0x41, 0x54, 0x41, 0x00,
  0xdc, 0xff, 0xff, 0xff, 0x36, 0x00, 0x00, 0x00, 0x04, 0x00, 0x00, 0x00,
  0x13, 0x00, 0x00, 0x00, 0x6d, 0x69, 0x6e, 0x5f, 0x72, 0x75, 0x6e, 0x74,
  0x69, 0x6d, 0x65, 0x5f, 0x76, 0x65, 0x72, 0x73, 0x69, 0x6f, 0x6e, 0x00,
  0x08, 0x00, 0x0c, 0x00, 0x08, 0x00, 0x04, 0x00, 0x08, 0x00, 0x00, 0x00,
  0x35, 0x00, 0x00, 0x00, 0x04, 0x00, 0x00, 0x00, 0x13, 0x00, 0x00, 0x00,
  0x6d, 0x69, 0x6e, 0x5f, 0x72, 0x75, 0x6e, 0x74, 0x69, 0x6d, 0x65, 0x5f,
  0x76, 0x65, 0x72, 0x73, 0x69, 0x6f, 0x6e, 0x00, 0x38, 0x00, 0x00, 0x00,
  0x84, 0x2a, 0x00, 0x00, 0x7c, 0x2a, 0x00, 0x00, 0x5c, 0x2a, 0x00, 0x00,
  0x3c, 0x2a, 0x00, 0x00, 0x1c, 0x2a, 0x00, 0x00, 0xfc, 0x29, 0x00, 0x00,
  0xdc, 0x29, 0x00, 0x00, 0xbc, 0x29, 0x00, 0x00, 0x9c, 0x29, 0x00, 0x00,
  0x7c, 0x29, 0x00, 0x00, 0x5c, 0x29, 0x00, 0x00, 0x40, 0x29, 0x00, 0x00,
  0x2c, 0x29, 0x00, 0x00, 0x08, 0x29, 0x00, 0x00, 0x58, 0x28, 0x00, 0x00,
  0xc8, 0x27, 0x00, 0x00, 0xb8, 0x1f, 0x00, 0x00, 0xa8, 0x1e, 0x00, 0x00,
  0x98, 0x0e, 0x00, 0x00, 0x88, 0x0d, 0x00, 0x00, 0xb8, 0x0c, 0x00, 0x00,
  0xa8, 0x0b, 0x00, 0x00, 0x98, 0x03, 0x00, 0x00, 0x08, 0x03, 0x00, 0x00,
  0x58, 0x02, 0x00, 0x00, 0xc8, 0x01, 0x00, 0x00, 0x98, 0x01, 0x00, 0x00,
  0x84, 0x01, 0x00, 0x00, 0x6c, 0x01, 0x00, 0x00, 0x64, 0x01, 0x00, 0x00,
  0x5c, 0x01, 0x00, 0x00, 0x54, 0x01, 0x00, 0x00, 0x4c, 0x01, 0x00, 0x00,
  0x44, 0x01, 0x00, 0x00, 0x3c, 0x01, 0x00, 0x00, 0x34, 0x01, 0x00, 0x00,
  0x2c, 0x01, 0x00, 0x00, 0x24, 0x01, 0x00, 0x00, 0x1c, 0x01, 0x00, 0x00,
  0x14, 0x01, 0x00, 0x00, 0x0c, 0x01, 0x00, 0x00, 0x04, 0x01, 0x00, 0x00,
  0xfc, 0x00, 0x00, 0x00, 0xf4, 0x00, 0x00, 0x00, 0xec, 0x00, 0x00, 0x00,
  0xe4, 0x00, 0x00, 0x00, 0xdc, 0x00, 0x00, 0x00, 0xd4, 0x00, 0x00, 0x00,
  0xcc, 0x00, 0x00, 0x00, 0xc4, 0x00, 0x00, 0x00, 0xbc, 0x00, 0x00, 0x00,
  0xb4, 0x00, 0x00, 0x00, 0xac, 0x00, 0x00, 0x00, 0x8c, 0x00, 0x00, 0x00,
  0x6c, 0x00, 0x00, 0x00, 0x04, 0x00, 0x00, 0x00, 0x6a, 0xd5, 0xff, 0xff,
  0x04, 0x00, 0x00, 0x00, 0x58, 0x00, 0x00, 0x00, 0x0c, 0x00, 0x00, 0x00,
  0x08, 0x00, 0x0e, 0x00, 0x08, 0x00, 0x04, 0x00, 0x08, 0x00, 0x00, 0x00,
  0x10, 0x00, 0x00, 0x00, 0x28, 0x00, 0x00, 0x00, 0x00, 0x00, 0x06, 0x00,
  0x08, 0x00, 0x04, 0x00, 0x06, 0x00, 0x00, 0x00, 0x04, 0x00, 0x00, 0x00,
  0x01, 0x00, 0x00, 0x00, 0xeb, 0x03, 0x00, 0x00, 0x00, 0x00, 0x0a, 0x00,
  0x10, 0x00, 0x0c, 0x00, 0x08, 0x00, 0x04, 0x00, 0x0a, 0x00, 0x00, 0x00,
  0x03, 0x00, 0x00, 0x00, 0x02, 0x00, 0x00, 0x00, 0x04, 0x00, 0x00, 0x00,
  0x06, 0x00, 0x00, 0x00, 0x32, 0x2e, 0x31, 0x36, 0x2e, 0x31, 0x00, 0x00,
  0xce, 0xd5, 0xff, 0xff, 0x04, 0x00, 0x00, 0x00, 0x10, 0x00, 0x00, 0x00,
  0x00, 0x00, 0x00, 0x00, 0x00, 0x00, 0x00, 0x00, 0x00, 0x00, 0x00, 0x00,
  0x00, 0x00, 0x00, 0x00, 0xea, 0xd5, 0xff, 0xff, 0x04, 0x00, 0x00, 0x00,
  0x10, 0x00, 0x00, 0x00, 0x31, 0x2e, 0x31, 0x34, 0x2e, 0x30, 0x00, 0x00,
  0x00, 0x00, 0x00, 0x00, 0x00, 0x00, 0x00, 0x00, 0x8c, 0xa5, 0xff, 0xff,
  0x90, 0xa5, 0xff, 0xff, 0x94, 0xa5, 0xff, 0xff, 0x98, 0xa5, 0xff, 0xff,
  0x9c, 0xa5, 0xff, 0xff, 0xa0, 0xa5, 0xff, 0xff, 0xa4, 0xa5, 0xff, 0xff,
  0xa8, 0xa5, 0xff, 0xff, 0xac, 0xa5, 0xff, 0xff, 0xb0, 0xa5, 0xff, 0xff,
  0xb4, 0xa5, 0xff, 0xff, 0xb8, 0xa5, 0xff, 0xff, 0xbc, 0xa5, 0xff, 0xff,
  0xc0, 0xa5, 0xff, 0xff, 0xc4, 0xa5, 0xff, 0xff, 0xc8, 0xa5, 0xff, 0xff,
  0xcc, 0xa5, 0xff, 0xff, 0xd0, 0xa5, 0xff, 0xff, 0xd4, 0xa5, 0xff, 0xff,
  0xd8, 0xa5, 0xff, 0xff, 0xdc, 0xa5, 0xff, 0xff, 0xe0, 0xa5, 0xff, 0xff,
  0xe4, 0xa5, 0xff, 0xff, 0xe8, 0xa5, 0xff, 0xff, 0x66, 0xd6, 0xff, 0xff,
  0x04, 0x00, 0x00, 0x00, 0x07, 0x00, 0x00, 0x00, 0x1a, 0x1b, 0x14, 0x7f,
  0x20, 0x0f, 0xe3, 0x00, 0x7a, 0xd6, 0xff, 0xff, 0x04, 0x00, 0x00, 0x00,
  0x04, 0x00, 0x00, 0x00, 0x00, 0x00, 0x00, 0x00, 0x8a, 0xd6, 0xff, 0xff,
  0x04, 0x00, 0x00, 0x00, 0x20, 0x00, 0x00, 0x00, 0x7f, 0x7f, 0x81, 0x7f,
  0x7f, 0x7f, 0x7f, 0x7f, 0x81, 0x7f, 0x7f, 0x81, 0x7f, 0x81, 0x81, 0x81,
  0x7f, 0x81, 0x81, 0x81, 0x81, 0x7f, 0x81, 0x7f, 0x81, 0x7f, 0x7f, 0x81,
  0x7f, 0x7f, 0x7f, 0x7f, 0xb6, 0xd6, 0xff, 0xff, 0x04, 0x00, 0x00, 0x00,
  0x80, 0x00, 0x00, 0x00, 0x98, 0xfe, 0xff, 0xff, 0x63, 0x00, 0x00, 0x00,
  0xf5, 0xfc, 0xff, 0xff, 0x89, 0x02, 0x00, 0x00, 0xaf, 0xff, 0xff, 0xff,
  0x67, 0xfa, 0xff, 0xff, 0x4d, 0x00, 0x00, 0x00, 0x47, 0x01, 0x00, 0x00,
  0x42, 0x02, 0x00, 0x00, 0x5d, 0xfe, 0xff, 0xff, 0xc0, 0xfd, 0xff, 0xff,
  0xe1, 0xff, 0xff, 0xff, 0xfd, 0x00, 0x00, 0x00, 0x0e, 0x01, 0x00, 0x00,
  0xef, 0x01, 0x00, 0x00, 0xbf, 0x01, 0x00, 0x00, 0x28, 0x00, 0x00, 0x00,
  0xa1, 0x02, 0x00, 0x00, 0x46, 0x00, 0x00, 0x00, 0xad, 0xfd, 0xff, 0xff,
  0x34, 0x04, 0x00, 0x00, 0x17, 0xfe, 0xff, 0xff, 0xf8, 0x01, 0x00, 0x00,
  0x1c, 0x00, 0x00, 0x00, 0xe3, 0xfe, 0xff, 0xff, 0xa0, 0x02, 0x00, 0x00,
  0x23, 0xff, 0xff, 0xff, 0x3d, 0x02, 0x00, 0x00, 0xc2, 0x00, 0x00, 0x00,
  0x3d, 0xfe, 0xff, 0xff, 0x59, 0x03, 0x00, 0x00, 0x92, 0x00, 0x00, 0x00,
  0x42, 0xd7, 0xff, 0xff, 0x04, 0x00, 0x00, 0x00, 0xa0, 0x00, 0x00, 0x00,
  0xb3, 0x43, 0xc8, 0x0d, 0x81, 0x54, 0xa6, 0x81, 0x7f, 0x7f, 0x27, 0xb7,
  0x81, 0x3e, 0xbd, 0xba, 0xa7, 0x9a, 0xe5, 0xfd, 0xf7, 0xd0, 0x81, 0x68,
  0xc9, 0x3b, 0xc4, 0xbd, 0x81, 0x57, 0x1b, 0xeb, 0x45, 0x81, 0x91, 0x2d,
  0x41, 0xc9, 0x5b, 0xc0, 0xc4, 0xc7, 0x1e, 0xcf, 0xdf, 0x9e, 0x7f, 0xef,
  0x16, 0xbc, 0x58, 0xdd, 0x3f, 0x1a, 0x4a, 0x81, 0x7f, 0xbb, 0xb6, 0xcc,
  0x26, 0x5c, 0xdc, 0xf1, 0xe1, 0x54, 0xd2, 0xff, 0x8a, 0x7f, 0x26, 0xc7,
  0xae, 0x75, 0x9b, 0x7f, 0x42, 0x92, 0x1a, 0x28, 0xc2, 0xe3, 0x0f, 0x90,
  0x98, 0x3b, 0xcf, 0x30, 0x24, 0xc7, 0x29, 0x96, 0x4f, 0x70, 0xbf, 0xf4,
  0x18, 0x17, 0xb8, 0xcb, 0x5e, 0xc3, 0x7f, 0x2b, 0x4a, 0x9b, 0x2d, 0xe0,
  0x00, 0xc5, 0x20, 0x81, 0x0a, 0xb7, 0x81, 0x81, 0x7f, 0x43, 0x1f, 0x26,
  0x07, 0x7f, 0x7f, 0x44, 0x10, 0xe5, 0x5a, 0xb7, 0x7f, 0x3c, 0x7f, 0x7f,
  0xd8, 0x95, 0x99, 0x3e, 0xc2, 0x9b, 0x7f, 0xe8, 0xcb, 0x81, 0x81, 0xbe,
  0x81, 0x7f, 0x4c, 0x4d, 0x98, 0x7f, 0x90, 0x11, 0x8b, 0xf4, 0xbf, 0x7f,
  0xe0, 0x81, 0x7f, 0x7f, 0xee, 0xd7, 0xff, 0xff, 0x04, 0x00, 0x00, 0x00,
  0x80, 0x00, 0x00, 0x00, 0x00, 0x00, 0x00, 0x00, 0x00, 0x00, 0x00, 0x00,
  0x00, 0x00, 0x00, 0x00, 0x00, 0x00, 0x00, 0x00, 0x00, 0x00, 0x00, 0x00,
  0x00, 0x00, 0x00, 0x00, 0x00, 0x00, 0x00, 0x00, 0x00, 0x00, 0x00, 0x00,
  0x00, 0x00, 0x00, 0x00, 0x00, 0x00, 0x00, 0x00, 0x00, 0x00, 0x00, 0x00,
  0x00, 0x00, 0x00, 0x00, 0x00, 0x00, 0x00, 0x00, 0x00, 0x00, 0x00, 0x00,
  0x00, 0x00, 0x00, 0x00, 0x00, 0x00, 0x00, 0x00, 0x00, 0x00, 0x00, 0x00,
  0x00, 0x00, 0x00, 0x00, 0x00, 0x00, 0x00, 0x00, 0x00, 0x00, 0x00, 0x00,
  0x00, 0x00, 0x00, 0x00, 0x00, 0x00, 0x00, 0x00, 0x00, 0x00, 0x00, 0x00,
  0x00, 0x00, 0x00, 0x00, 0x00, 0x00, 0x00, 0x00, 0x00, 0x00, 0x00, 0x00,
  0x00, 0x00, 0x00, 0x00, 0x00, 0x00, 0x00, 0x00, 0x00, 0x00, 0x00, 0x00,
  0x00, 0x00, 0x00, 0x00, 0x00, 0x00, 0x00, 0x00, 0x00, 0x00, 0x00, 0x00,
  0x7a, 0xd8, 0xff, 0xff, 0x04, 0x00, 0x00, 0x00, 0x00, 0x08, 0x00, 0x00,
  0xeb, 0xb1, 0x06, 0x14, 0x41, 0x13, 0xa1, 0xfc, 0xe5, 0xed, 0x02, 0x18,
  0x40, 0xcd, 0x81, 0xfa, 0x6c, 0x16, 0xf7, 0x2e, 0xe5, 0xb6, 0x2a, 0xd8,
  0xaf, 0xcb, 0x51, 0x5b, 0x19, 0xa8, 0xb0, 0xed, 0x1f, 0xfe, 0x4c, 0x0c,
  0x20, 0xe9, 0xc0, 0xd2, 0x81, 0x19, 0xd6, 0x2e, 0xed, 0x05, 0x83, 0xf4,
  0x2c, 0x19, 0x07, 0xf9, 0xcc, 0xea, 0xf6, 0xd2, 0xa2, 0x13, 0xe4, 0x71,
  0x22, 0x1d, 0xc9, 0x16, 0x95, 0x24, 0x17, 0xf0, 0xeb, 0xfd, 0xa7, 0xf6,
  0xf4, 0x5a, 0x3f, 0x0f, 0xd2, 0xbf, 0x65, 0x1c, 0xaa, 0xde, 0xde, 0xe3,
  0x1d, 0xb0, 0xf8, 0xe7, 0x7b, 0x63, 0xcc, 0xd1, 0x81, 0xca, 0x96, 0xed,
  0xe9, 0xbd, 0x0d, 0xc1, 0xfa, 0xeb, 0xcd, 0xfb, 0x5c, 0x9c, 0x6d, 0xc4,
  0x3a, 0xed, 0xa7, 0x48, 0x3e, 0xbc, 0xea, 0x70, 0x50, 0x4e, 0x55, 0xe7,
  0xfc, 0xa1, 0xf2, 0x74, 0x3b, 0x9d, 0x81, 0xe1, 0xa3, 0x81, 0x05, 0x26,
  0x40, 0x82, 0xc7, 0x32, 0xf8, 0xfc, 0x05, 0xd9, 0x18, 0x03, 0x9f, 0xe1,
  0xfd, 0xd9, 0xcd, 0x4f, 0xe6, 0xad, 0x12, 0xac, 0xec, 0xc3, 0x27, 0xef,
  0x52, 0x15, 0xce, 0xd3, 0x4c, 0xe5, 0xdf, 0xb2, 0x0a, 0x29, 0x27, 0x2c,
  0x92, 0xb2, 0xf7, 0x51, 0x50, 0xce, 0xed, 0xcc, 0xe4, 0x05, 0x65, 0x46,
  0x9d, 0x3b, 0xc2, 0x16, 0x43, 0xf3, 0x7f, 0xa1, 0x33, 0x28, 0xeb, 0xe8,
  0xea, 0x60, 0x05, 0x4b, 0x9d, 0xe9, 0x00, 0x02, 0xc3, 0xfa, 0x40, 0xef,
  0xe9, 0xc3, 0xce, 0x81, 0xaf, 0xa2, 0x60, 0xb3, 0xc2, 0x70, 0xff, 0x57,
  0xc1, 0xc3, 0xf9, 0x86, 0xf5, 0x0f, 0xf4, 0x02, 0x1e, 0x3a, 0xf7, 0x06,
  0xbf, 0x0b, 0xf6, 0x13, 0x7f, 0xfc, 0x27, 0xd7, 0x10, 0xf4, 0x42, 0xfb,
  0xf7, 0xdb, 0x1a, 0xf5, 0x5e, 0x33, 0xea, 0xec, 0x6f, 0x41, 0xc0, 0xd5,
  0x8d, 0xd3, 0x21, 0x25, 0xfb, 0xcd, 0x2b, 0xdd, 0xee, 0xd1, 0x1a, 0x0d,
  0x1f, 0x22, 0xe2, 0xc4, 0xed, 0x3f, 0xec, 0x33, 0x41, 0x29, 0x03, 0xe6,
  0x14, 0xd1, 0xd0, 0xd5, 0x1a, 0xf6, 0xfa, 0xd1, 0x06, 0xd4, 0x81, 0xdf,
  0xfa, 0x42, 0x7f, 0x23, 0x0c, 0x26, 0x28, 0xf1, 0xfb, 0x0e, 0x37, 0x08,
  0xdb, 0x16, 0xc5, 0x29, 0x1f, 0x6c, 0xc9, 0x13, 0xf0, 0xfe, 0x14, 0x12,
  0xac, 0x21, 0xe1, 0x1c, 0xed, 0x40, 0xda, 0x28, 0xa0, 0xdd, 0x26, 0xd1,
  0x30, 0x5c, 0x98, 0x1e, 0xcf, 0x49, 0xd0, 0x03, 0xf1, 0xeb, 0x6d, 0x2f,
  0x14, 0xab, 0x43, 0xc6, 0x22, 0x81, 0xf4, 0xf4, 0x1e, 0x2a, 0x08, 0xfd,
  0x2d, 0x45, 0xa7, 0xd2, 0x01, 0xd5, 0x3a, 0xc4, 0xcd, 0x63, 0x0e, 0x19,
  0x0f, 0x5e, 0x4a, 0x04, 0xce, 0xc5, 0xd9, 0xb7, 0xe9, 0xb7, 0xeb, 0xec,
  0x91, 0xc7, 0x16, 0x3f, 0xe9, 0xd6, 0x18, 0xca, 0xbb, 0x4d, 0x81, 0xe6,
  0x41, 0x2d, 0xfa, 0xfb, 0xbb, 0x12, 0x03, 0xdb, 0x87, 0xf9, 0x03, 0xe2,
  0x8f, 0xda, 0xa4, 0x26, 0xe2, 0xea, 0x7f, 0x9a, 0x97, 0xf5, 0xaf, 0xf5,
  0x0f, 0x43, 0x05, 0x56, 0x8d, 0x0a, 0x49, 0x03, 0x10, 0x0f, 0xde, 0xf6,
  0x39, 0xef, 0x19, 0xe6, 0x09, 0xeb, 0xef, 0xb9, 0x14, 0xa0, 0xf7, 0x81,
  0xe9, 0xfa, 0x2f, 0xe1, 0xc6, 0xe8, 0x8b, 0xe1, 0xd7, 0x2e, 0xf2, 0x1d,
  0x2b, 0xce, 0x07, 0x0d, 0xdf, 0x0c, 0xeb, 0x27, 0xc5, 0x7f, 0x40, 0xfb,
  0x36, 0x10, 0xb8, 0x00, 0x5a, 0xb4, 0x11, 0x9a, 0x29, 0x0b, 0xed, 0x2b,
  0xe3, 0x46, 0xaa, 0x1a, 0x0f, 0x56, 0x5c, 0xbe, 0x65, 0x0f, 0xd2, 0x8c,
  0x0d, 0x10, 0xef, 0xf5, 0x0b, 0xcc, 0x3d, 0xbc, 0xc1, 0xba, 0x0c, 0x22,
  0x22, 0x19, 0x7f, 0x21, 0x1a, 0x37, 0x4a, 0xe0, 0x3e, 0x2a, 0xf8, 0xc3,
  0x41, 0xdf, 0x9e, 0x14, 0xf6, 0xdb, 0x06, 0xf5, 0x0d, 0x26, 0xf4, 0x2d,
  0x16, 0x27, 0xc9, 0xd6, 0x7f, 0x0d, 0x1c, 0x40, 0x1b, 0x18, 0xec, 0x34,
  0xd1, 0xe3, 0xad, 0x57, 0xe9, 0xd0, 0x32, 0x31, 0x1a, 0xe2, 0xc6, 0x23,
  0x07, 0x3b, 0x03, 0xf9, 0x3d, 0xb7, 0xd8, 0x1d, 0xf3, 0x81, 0x30, 0x15,
  0x15, 0x9d, 0xe9, 0x48, 0xdd, 0x02, 0xe5, 0xcf, 0x61, 0xfa, 0xcf, 0xe2,
  0xd5, 0xa5, 0x2d, 0xf1, 0xac, 0xed, 0x69, 0x54, 0x34, 0xa9, 0xb2, 0xf5,
  0xd0, 0x81, 0xf8, 0xed, 0x24, 0xba, 0xdc, 0xdd, 0x37, 0xef, 0xba, 0x15,
  0x02, 0xeb, 0x04, 0xee, 0x66, 0x1a, 0xd3, 0x17, 0xd9, 0xc1, 0xf8, 0x95,
  0x2d, 0xc7, 0x22, 0xe5, 0x27, 0xe1, 0xbd, 0xb8, 0x2e, 0x5e, 0xeb, 0xc2,
  0x1d, 0x04, 0x09, 0x7f, 0x9e, 0x25, 0x4f, 0xde, 0x5d, 0x25, 0x0b, 0xc9,
  0xdb, 0xde, 0x56, 0x48, 0xb7, 0x35, 0xd0, 0x55, 0xba, 0xe3, 0x44, 0xca,
  0x40, 0x84, 0x06, 0x41, 0xbd, 0x0f, 0xa3, 0xce, 0xb6, 0x14, 0xf3, 0xf3,
  0xe5, 0x47, 0x41, 0x2c, 0xd6, 0x81, 0x1e, 0xa2, 0x20, 0xfd, 0xf3, 0x0f,
  0x01, 0x0c, 0x88, 0x3f, 0xbd, 0xd9, 0x27, 0x15, 0xf1, 0x1c, 0xaa, 0xe0,
  0x0c, 0x02, 0x0c, 0xe1, 0xdc, 0x7f, 0x21, 0x26, 0x36, 0x6d, 0x08, 0xfb,
  0x2f, 0x3a, 0x6e, 0x3e, 0xf4, 0x89, 0x68, 0x21, 0xd3, 0xd1, 0xee, 0x2f,
  0x39, 0xdb, 0xc0, 0x96, 0xdd, 0x7c, 0xff, 0xf8, 0xfd, 0x2a, 0x21, 0xa4,
  0xef, 0x1a, 0xe6, 0x9e, 0x82, 0x5c, 0x31, 0x60, 0xc6, 0xc4, 0xe6, 0xca,
  0xde, 0xb1, 0x42, 0xb8, 0xbb, 0x6d, 0xbe, 0x11, 0x16, 0x21, 0xff, 0x7f,
  0xa8, 0xe7, 0xdc, 0xb4, 0xce, 0xbc, 0x2c, 0x0b, 0xdb, 0xb6, 0xb0, 0xc3,
  0xca, 0xdd, 0x20, 0xb6, 0xa9, 0xbc, 0xef, 0xc7, 0xe5, 0x47, 0x5a, 0x4d,
  0x91, 0xba, 0xd3, 0x30, 0x3d, 0x99, 0xc5, 0xde, 0x81, 0x02, 0x1f, 0xff,
  0x0a, 0xef, 0x08, 0x12, 0x1d, 0xef, 0xb0, 0x4b, 0x02, 0xe3, 0x27, 0x31,
  0x46, 0x18, 0xb7, 0x20, 0x34, 0xde, 0xf7, 0xf4, 0xef, 0x15, 0xf4, 0xcd,
  0xf2, 0xca, 0x81, 0x39, 0xf8, 0xe3, 0xfb, 0x1e, 0x81, 0x1a, 0xe1, 0xca,
  0x0d, 0xf2, 0xbc, 0xe7, 0xfc, 0xf8, 0xe6, 0x0c, 0xd6, 0xe2, 0x30, 0x0b,
  0x22, 0xd5, 0x28, 0x26, 0x1c, 0x9b, 0xf1, 0xee, 0x08, 0x34, 0xfa, 0xf5,
  0xbe, 0x06, 0xcc, 0x0b, 0xd4, 0x02, 0xc5, 0x0a, 0x15, 0x2d, 0xcc, 0xe2,
  0x61, 0xfb, 0x23, 0xea, 0xf1, 0x00, 0x08, 0x1a, 0x07, 0x0d, 0xcb, 0x2d,
  0x38, 0xd2, 0x01, 0x4b, 0x27, 0x0e, 0xd0, 0xe7, 0x81, 0xef, 0x25, 0x13,
  0x33, 0xe0, 0x18, 0xe1, 0x20, 0x31, 0x49, 0x2d, 0x7f, 0x02, 0x12, 0xd9,
  0x25, 0xf1, 0xfc, 0xcc, 0xf4, 0xd5, 0xdb, 0xdd, 0xee, 0x09, 0x20, 0x2c,
  0x11, 0xe5, 0xfa, 0x23, 0x69, 0xe2, 0x11, 0x1d, 0x22, 0xd3, 0x6d, 0x7f,
  0x25, 0xab, 0x18, 0xe4, 0x58, 0xc4, 0x5d, 0x6a, 0x09, 0x17, 0x76, 0x10,
  0x9b, 0x0a, 0x09, 0x08, 0x62, 0xf5, 0x7e, 0x12, 0x61, 0xa5, 0xb9, 0x19,
  0xda, 0x27, 0xc6, 0x51, 0x4d, 0x13, 0x50, 0xd7, 0x37, 0xe5, 0xdf, 0x3e,
  0xe0, 0xe8, 0x26, 0x01, 0xe4, 0x17, 0x7f, 0x1f, 0xd8, 0xfa, 0xd8, 0x16,
  0x3d, 0x26, 0x2f, 0xb5, 0x13, 0xf0, 0x09, 0xe2, 0x3c, 0x31, 0x29, 0x0b,
  0x1e, 0xf4, 0x7f, 0x12, 0x34, 0xf1, 0x29, 0xf6, 0x12, 0xf8, 0xd7, 0xdf,
  0x17, 0xf7, 0xff, 0x27, 0x24, 0x21, 0x45, 0x60, 0x16, 0xeb, 0x13, 0xc2,
  0xc3, 0xe1, 0xf5, 0x06, 0x25, 0x04, 0x0b, 0x01, 0x1a, 0x3c, 0xdb, 0xdc,
  0xcf, 0xff, 0xc9, 0x03, 0x41, 0xf4, 0x10, 0xeb, 0x25, 0xf0, 0x1c, 0x0c,
  0xf1, 0xf5, 0x20, 0x36, 0xd7, 0x21, 0x18, 0x0d, 0x50, 0x7f, 0xf4, 0xd7,
  0xc1, 0xdf, 0x4d, 0x10, 0xd0, 0xff, 0xde, 0x00, 0x32, 0xc5, 0xec, 0x0a,
  0x62, 0xfb, 0x09, 0x0e, 0xfd, 0x0b, 0xec, 0x0f, 0x40, 0xec, 0xfa, 0x11,
  0x01, 0x1b, 0x07, 0xe1, 0xfa, 0xf2, 0x19, 0xfd, 0xcb, 0x02, 0xd7, 0x81,
  0x33, 0xeb, 0x5a, 0x07, 0xcd, 0x0c, 0x36, 0xcb, 0xd3, 0x36, 0x33, 0x06,
  0x0d, 0x1c, 0x81, 0x23, 0x10, 0x24, 0xa3, 0x03, 0x21, 0x2d, 0x39, 0x14,
  0xde, 0xef, 0xe5, 0x43, 0xa9, 0xdc, 0x2b, 0x14, 0xc4, 0x0a, 0x09, 0x10,
  0xff, 0x5b, 0xee, 0x1f, 0x7f, 0x03, 0xdd, 0x0c, 0x2e, 0xe9, 0x0c, 0xf6,
  0x08, 0xdc, 0xd3, 0x10, 0xfc, 0xf3, 0xff, 0x1d, 0x2f, 0xc8, 0xda, 0x1c,
  0xe5, 0x18, 0xd7, 0xcf, 0xf6, 0xd9, 0x09, 0xfc, 0x1b, 0xf1, 0xe3, 0x2c,
  0x7f, 0xd9, 0x05, 0xb9, 0x16, 0x37, 0xf9, 0xd7, 0x2a, 0x14, 0x18, 0x3b,
  0xf9, 0xea, 0xe3, 0xfb, 0xd6, 0x07, 0xef, 0xe4, 0x5f, 0xce, 0xee, 0x00,
  0x04, 0x30, 0x08, 0x3a, 0xf6, 0xb2, 0x49, 0x1d, 0x04, 0xb3, 0x0f, 0xa4,
  0x19, 0x25, 0x81, 0xcb, 0xc4, 0x4c, 0x5d, 0x0d, 0x25, 0x07, 0xab, 0x2c,
  0xf9, 0x59, 0x29, 0x4c, 0x69, 0x19, 0xcb, 0x56, 0x98, 0x4b, 0x06, 0x8e,
  0x07, 0xf3, 0xa4, 0xe8, 0x81, 0x54, 0xc3, 0x44, 0x2c, 0x03, 0x78, 0xd1,
  0xc9, 0xee, 0xbb, 0xe6, 0x15, 0xc4, 0xf3, 0x0f, 0x4d, 0xbc, 0x12, 0xf6,
  0x0c, 0x06, 0x95, 0xdc, 0xf6, 0xae, 0x0a, 0xf8, 0x28, 0x1d, 0x19, 0x0a,
  0xa6, 0x2b, 0xc6, 0x06, 0xfb, 0xf2, 0x29, 0x55, 0x46, 0x16, 0x49, 0xc4,
  0x24, 0x1f, 0x3f, 0x81, 0x5c, 0x8a, 0xc4, 0xee, 0xe4, 0xbb, 0xb4, 0x34,
  0x1c, 0xbe, 0xc2, 0x31, 0xa8, 0x2f, 0x13, 0xee, 0xc7, 0x17, 0x47, 0x25,
  0x81, 0xb7, 0x46, 0x00, 0xc8, 0xcf, 0x0d, 0x2d, 0xf1, 0x27, 0x41, 0x15,
  0x48, 0x29, 0xde, 0x8b, 0xb7, 0x02, 0x40, 0xfe, 0xf3, 0x2e, 0x1b, 0xee,
  0xb9, 0x1f, 0x81, 0x3d, 0x3c, 0x05, 0x4e, 0xd1, 0xbd, 0xd1, 0xed, 0xbc,
  0x97, 0xa1, 0x18, 0x1e, 0x52, 0x52, 0xf5, 0x47, 0xb8, 0x57, 0xcf, 0x0f,
  0xe3, 0xf8, 0x6b, 0x3a, 0x2f, 0x13, 0x45, 0x02, 0x49, 0x7d, 0x4d, 0x7d,
  0x0e, 0x33, 0xff, 0x39, 0x7f, 0x11, 0xeb, 0xfb, 0x2e, 0xf9, 0x01, 0x3c,
  0x3b, 0xd8, 0xf9, 0xda, 0xc2, 0xdd, 0x20, 0xd7, 0x7b, 0xef, 0x37, 0x1b,
  0x6f, 0xf6, 0x31, 0x30, 0x0b, 0xc8, 0xd7, 0xf4, 0xe2, 0x15, 0x1d, 0x1e,
  0x24, 0xe8, 0xa2, 0xc2, 0xd7, 0x10, 0x5d, 0x62, 0xb1, 0x0d, 0xd8, 0xb2,
  0xaf, 0x87, 0xc2, 0xdd, 0x7f, 0x05, 0xc0, 0x23, 0xf5, 0xce, 0x08, 0xf0,
  0x01, 0xdb, 0x09, 0xc2, 0x7f, 0xfe, 0x09, 0x0b, 0x0d, 0x24, 0x36, 0xf0,
  0x3d, 0x0d, 0x93, 0x0b, 0x04, 0xe6, 0xec, 0xb2, 0x1d, 0x92, 0x1b, 0xc7,
  0x20, 0x0b, 0xef, 0xd6, 0x24, 0xe0, 0x59, 0xee, 0x48, 0x9c, 0xa9, 0x61,
  0xce, 0xe4, 0xe8, 0x2f, 0x08, 0xde, 0x08, 0x39, 0x32, 0x6c, 0xc0, 0x70,
  0xfa, 0x0e, 0x4f, 0xfa, 0xd7, 0xa7, 0x18, 0xfd, 0xd5, 0x81, 0xe1, 0x43,
  0x0f, 0xf2, 0x41, 0xd5, 0x13, 0xdd, 0xe4, 0x40, 0xe7, 0x07, 0xaa, 0x6d,
  0xe0, 0x54, 0xc1, 0x6d, 0xcf, 0x51, 0x8b, 0x7f, 0x06, 0xf7, 0x24, 0x0d,
  0x0b, 0x8f, 0xf4, 0xd6, 0x6a, 0x07, 0xda, 0xe9, 0x14, 0xcf, 0x31, 0x25,
  0x28, 0x0d, 0x81, 0x6a, 0xc9, 0xf9, 0xf3, 0x29, 0x2d, 0x0b, 0x26, 0xd3,
  0x03, 0xe1, 0x1a, 0xe3, 0x05, 0x18, 0x42, 0xc2, 0xdc, 0xe5, 0xb3, 0x10,
  0xd0, 0xd1, 0x1b, 0x54, 0xda, 0x0c, 0x21, 0x19, 0x04, 0x11, 0x24, 0x28,
  0x7f, 0xfd, 0xff, 0x2f, 0xe5, 0x35, 0x55, 0x42, 0xf2, 0xf1, 0xd8, 0xca,
  0x34, 0xd5, 0x4f, 0x16, 0x01, 0x0b, 0xf7, 0xc7, 0x3e, 0x11, 0xfb, 0xfe,
  0x05, 0x04, 0xf7, 0xdb, 0x2e, 0xdb, 0x15, 0xee, 0xd5, 0x15, 0x13, 0x02,
  0x48, 0xfc, 0xcb, 0x32, 0x43, 0xf8, 0x7f, 0x19, 0xec, 0x22, 0xe1, 0x0d,
  0xfc, 0xd1, 0xf7, 0xef, 0x4b, 0xbc, 0xe1, 0x2d, 0x28, 0x21, 0x13, 0x15,
  0xf0, 0xd9, 0xeb, 0x7f, 0x68, 0xf8, 0xcb, 0xfd, 0xef, 0x33, 0x19, 0xd3,
  0x0f, 0xf4, 0xaf, 0x06, 0x36, 0xc6, 0xd6, 0xf4, 0xc2, 0xc7, 0x5a, 0xe9,
  0x22, 0xcf, 0xdb, 0x45, 0xb4, 0xd9, 0x00, 0xfe, 0x06, 0x12, 0xb8, 0xf8,
  0x0d, 0x3f, 0xb8, 0x1d, 0xea, 0x01, 0x5d, 0x27, 0x4f, 0x09, 0xdf, 0x07,
  0x7f, 0x9b, 0x57, 0x2c, 0x21, 0x2d, 0x16, 0x23, 0xbc, 0xc3, 0x0f, 0x30,
  0x07, 0xf4, 0xd6, 0x20, 0xfc, 0xde, 0xee, 0x2e, 0x81, 0xe4, 0x2c, 0x5e,
  0xdf, 0xc4, 0x1a, 0x30, 0x0d, 0x3e, 0xda, 0x1d, 0xca, 0x20, 0x39, 0x10,
  0x4d, 0xe2, 0xc3, 0xd7, 0xeb, 0xff, 0xdc, 0x46, 0x27, 0xd4, 0x14, 0x00,
  0x0d, 0x20, 0xe4, 0x2b, 0x7f, 0x0e, 0x05, 0xc8, 0x0d, 0xde, 0xdd, 0xfb,
  0x06, 0xda, 0xcf, 0x16, 0x19, 0x0b, 0xe9, 0xf7, 0xcc, 0x19, 0xf1, 0x2e,
  0xec, 0xb2, 0x00, 0x14, 0xee, 0x1a, 0xe9, 0x2c, 0xe0, 0x1d, 0xd7, 0xe4,
  0x81, 0x1d, 0x26, 0xdc, 0xfa, 0xd0, 0x14, 0xca, 0xec, 0x12, 0x02, 0xcb,
  0xe9, 0x10, 0xe7, 0x38, 0x0e, 0x0c, 0xe0, 0xe0, 0xc2, 0x25, 0x0b, 0x02,
  0xdd, 0x12, 0x7f, 0xab, 0x16, 0xc4, 0xfa, 0xdb, 0x88, 0x29, 0xdd, 0x47,
  0x05, 0x5f, 0x0b, 0x66, 0x19, 0x29, 0x1b, 0x0f, 0xaf, 0x29, 0x09, 0xcc,
  0xce, 0xf3, 0x03, 0xb1, 0xbb, 0xb3, 0xe5, 0x12, 0x3a, 0x1f, 0xe5, 0x20,
  0xdd, 0xc7, 0xc4, 0xd7, 0xeb, 0xdb, 0x3d, 0x07, 0xe0, 0x87, 0xd2, 0x92,
  0xf8, 0x81, 0xe8, 0xd7, 0x42, 0x3d, 0xd9, 0x32, 0xdd, 0x00, 0xc7, 0xda,
  0x06, 0xee, 0x27, 0x1a, 0x20, 0x26, 0xf4, 0xd1, 0xe1, 0xdb, 0x11, 0xe1,
  0x81, 0xf6, 0xf9, 0x0c, 0xe2, 0xbb, 0xe8, 0xdb, 0x01, 0xf9, 0x55, 0xfb,
  0x96, 0xe4, 0xb3, 0xfe, 0xd7, 0x46, 0xce, 0xec, 0xf6, 0x1a, 0x12, 0x1f,
  0xde, 0x14, 0xf5, 0xca, 0xeb, 0x16, 0x3e, 0x21, 0xc2, 0xd9, 0xc8, 0xde,
  0xe3, 0xda, 0xa9, 0x0f, 0x32, 0x2a, 0x14, 0xcd, 0xc9, 0x1d, 0x01, 0xf8,
  0x2b, 0xf2, 0x2c, 0x21, 0x7f, 0x1c, 0xa6, 0xc5, 0x17, 0x7f, 0x15, 0x02,
  0x9e, 0xfc, 0xfe, 0x16, 0xf5, 0x35, 0x04, 0x1a, 0xbc, 0x11, 0xd4, 0xc7,
  0xe7, 0xb9, 0x4d, 0xf3, 0xeb, 0x4b, 0xf6, 0x76, 0x09, 0x08, 0x42, 0x0c,
  0xf1, 0x10, 0x75, 0xe5, 0xe3, 0x36, 0x0f, 0x29, 0xf5, 0x04, 0x05, 0xea,
  0x87, 0x0c, 0x06, 0xd3, 0xb3, 0x4b, 0xf0, 0x0c, 0xd9, 0x2f, 0x30, 0x2a,
  0x50, 0xf8, 0x1e, 0x38, 0xe3, 0xef, 0x0c, 0x7f, 0xee, 0x10, 0x37, 0x34,
  0x36, 0x0c, 0x14, 0x42, 0x52, 0x13, 0x1f, 0x5d, 0xc9, 0x13, 0x25, 0x35,
  0x10, 0xc2, 0x5c, 0xda, 0x1e, 0x21, 0x81, 0xff, 0x32, 0x46, 0xe0, 0x0d,
  0x34, 0x1f, 0x63, 0x40, 0x52, 0x22, 0x1c, 0x2f, 0xa0, 0xf4, 0xec, 0x44,
  0x2b, 0x46, 0x4e, 0xae, 0x81, 0xf0, 0xde, 0x47, 0x05, 0x2a, 0xc8, 0xac,
  0xe6, 0x55, 0x1d, 0x12, 0xe3, 0xa6, 0xd6, 0x41, 0x9c, 0x60, 0x1b, 0x24,
  0xc5, 0x07, 0x11, 0xa5, 0x81, 0x04, 0x12, 0xa8, 0x3f, 0xec, 0xa8, 0xf5,
  0x52, 0x12, 0xc6, 0xff, 0xef, 0x18, 0x0d, 0x13, 0x6a, 0x24, 0xeb, 0xd2,
  0x19, 0xb6, 0x1d, 0x14, 0x56, 0x3a, 0x3a, 0xfa, 0x11, 0xc1, 0x2c, 0xbd,
  0xfc, 0xbe, 0xa9, 0xd3, 0x2a, 0x38, 0xfc, 0xf9, 0x59, 0xfd, 0xc2, 0x12,
  0x61, 0x3f, 0x26, 0x11, 0xf8, 0xea, 0x81, 0x03, 0x20, 0x24, 0x4c, 0xb7,
  0x06, 0xa8, 0xe1, 0x01, 0xe2, 0x1d, 0x81, 0xd1, 0x86, 0xe0, 0xff, 0xff,
  0x04, 0x00, 0x00, 0x00, 0x00, 0x01, 0x00, 0x00, 0x72, 0x08, 0x00, 0x00,
  0xfa, 0x01, 0x00, 0x00, 0xc4, 0xff, 0xff, 0xff, 0xb2, 0x06, 0x00, 0x00,
  0x77, 0x03, 0x00, 0x00, 0xfa, 0xfb, 0xff, 0xff, 0x1b, 0xf1, 0xff, 0xff,
  0x84, 0xfa, 0xff, 0xff, 0xd6, 0x05, 0x00, 0x00, 0x11, 0x00, 0x00, 0x00,
  0x16, 0x04, 0x00, 0x00, 0x6b, 0xfb, 0xff, 0xff, 0x13, 0xf6, 0xff, 0xff,
  0x70, 0xfa, 0xff, 0xff, 0xf1, 0xfa, 0xff, 0xff, 0x77, 0xff, 0xff, 0xff,
  0x86, 0x02, 0x00, 0x00, 0x98, 0x01, 0x00, 0x00, 0x6b, 0x06, 0x00, 0x00,
  0x8d, 0xfc, 0xff, 0xff, 0x04, 0xf9, 0xff, 0xff, 0x81, 0x01, 0x00, 0x00,
  0x48, 0xf4, 0xff, 0xff, 0x45, 0xfb, 0xff, 0xff, 0x7b, 0x03, 0x00, 0x00,
  0x4f, 0x01, 0x00, 0x00, 0x18, 0xff, 0xff, 0xff, 0x13, 0xfe, 0xff, 0xff,
  0xca, 0x01, 0x00, 0x00, 0xe5, 0x02, 0x00, 0x00, 0x81, 0x02, 0x00, 0x00,
  0xb5, 0xfb, 0xff, 0xff, 0x09, 0x02, 0x00, 0x00, 0x2e, 0xff, 0xff, 0xff,
  0x66, 0x01, 0x00, 0x00, 0x96, 0x02, 0x00, 0x00, 0xdc, 0xfd, 0xff, 0xff,
  0x60, 0x01, 0x00, 0x00, 0x74, 0x07, 0x00, 0x00, 0x7c, 0xf7, 0xff, 0xff,
  0x91, 0xf2, 0xff, 0xff, 0x16, 0x07, 0x00, 0x00, 0x61, 0xfe, 0xff, 0xff,
  0xa0, 0x03, 0x00, 0x00, 0xb5, 0x0b, 0x00, 0x00, 0x84, 0x0a, 0x00, 0x00,
  0xe1, 0x01, 0x00, 0x00, 0x96, 0x04, 0x00, 0x00, 0xf6, 0x01, 0x00, 0x00,
  0xd4, 0x03, 0x00, 0x00, 0x57, 0x04, 0x00, 0x00, 0xaf, 0x02, 0x00, 0x00,
  0xbd, 0xfe, 0xff, 0xff, 0xec, 0xf9, 0xff, 0xff, 0x33, 0x06, 0x00, 0x00,
  0x6a, 0xee, 0xff, 0xff, 0x6f, 0xf8, 0xff, 0xff, 0x3e, 0x01, 0x00, 0x00,
  0x87, 0xf6, 0xff, 0xff, 0x99, 0xff, 0xff, 0xff, 0x00, 0xff, 0xff, 0xff,
  0xea, 0x04, 0x00, 0x00, 0x05, 0x07, 0x00, 0x00, 0xa2, 0x09, 0x00, 0x00,
  0x92, 0xe1, 0xff, 0xff, 0x04, 0x00, 0x00, 0x00, 0xc0, 0x00, 0x00, 0x00,
  0x81, 0x81, 0x81, 0x85, 0x81, 0x7f, 0xde, 0x5f, 0x6d, 0x31, 0x81, 0x81,
  0x17, 0x7f, 0x62, 0x81, 0x69, 0x81, 0x10, 0xe8, 0x94, 0x78, 0x32, 0x9f,
  0x81, 0x7f, 0xb1, 0x81, 0x0f, 0x7f, 0x81, 0x7f, 0x9f, 0xa0, 0xa9, 0x23,
  0xf3, 0x61, 0x81, 0x7f, 0x7f, 0x7f, 0xb3, 0x81, 0x92, 0x81, 0x4f, 0x44,
  0xe1, 0x81, 0x16, 0x81, 0x7f, 0x7f, 0xfe, 0x7f, 0x2a, 0xb1, 0x81, 0x7f,
  0xe8, 0xfd, 0x7a, 0x06, 0x05, 0xa6, 0x1d, 0x81, 0xa3, 0xed, 0xff, 0x7f,
  0x7f, 0x89, 0xf7, 0xd4, 0x1e, 0xb8, 0x7f, 0xa4, 0x5d, 0x8e, 0xc8, 0x81,
  0xe1, 0x28, 0x06, 0x81, 0xc4, 0x6d, 0x81, 0xcd, 0x81, 0x97, 0x92, 0x12,
  0x7b, 0xa3, 0x81, 0x7f, 0x7f, 0x7f, 0xe1, 0x5f, 0xbb, 0xf7, 0x81, 0x19,
  0x81, 0xb5, 0x75, 0xda, 0xbe, 0x8e, 0x98, 0xc3, 0x2d, 0x96, 0x81, 0xc0,
  0x81, 0x3a, 0x1e, 0x74, 0x15, 0x84, 0xdc, 0x3b, 0xd4, 0xaa, 0x3d, 0xc9,
  0xf1, 0x3b, 0x81, 0xdb, 0x51, 0x81, 0x8a, 0x94, 0x81, 0xb4, 0xc7, 0x13,
  0x81, 0xed, 0x81, 0x96, 0x7f, 0x7f, 0x81, 0xe0, 0xa1, 0x5f, 0x32, 0xdf,
  0x71, 0x48, 0xd8, 0xa6, 0x7f, 0x81, 0x32, 0xf1, 0x5a, 0xf7, 0xd8, 0xf3,
  0x65, 0xb7, 0x83, 0xcd, 0xb2, 0x05, 0x81, 0x81, 0x81, 0x4a, 0x81, 0xc5,
  0xe7, 0x89, 0x44, 0x83, 0x66, 0x81, 0x4e, 0xbc, 0x81, 0x81, 0x7f, 0x7f,
  0x5e, 0xe2, 0xff, 0xff, 0x04, 0x00, 0x00, 0x00, 0x00, 0x01, 0x00, 0x00,
  0x00, 0x00, 0x00, 0x00, 0x00, 0x00, 0x00, 0x00, 0x00, 0x00, 0x00, 0x00,
  0x00, 0x00, 0x00, 0x00, 0x00, 0x00, 0x00, 0x00, 0x00, 0x00, 0x00, 0x00,
  0x00, 0x00, 0x00, 0x00, 0x00, 0x00, 0x00, 0x00, 0x00, 0x00, 0x00, 0x00,
  0x00, 0x00, 0x00, 0x00, 0x00, 0x00, 0x00, 0x00, 0x00, 0x00, 0x00, 0x00,
  0x00, 0x00, 0x00, 0x00, 0x00, 0x00, 0x00, 0x00, 0x00, 0x00, 0x00, 0x00,
  0x00, 0x00, 0x00, 0x00, 0x00, 0x00, 0x00, 0x00, 0x00, 0x00, 0x00, 0x00,
  0x00, 0x00, 0x00, 0x00, 0x00, 0x00, 0x00, 0x00, 0x00, 0x00, 0x00, 0x00,
  0x00, 0x00, 0x00, 0x00, 0x00, 0x00, 0x00, 0x00, 0x00, 0x00, 0x00, 0x00,
  0x00, 0x00, 0x00, 0x00, 0x00, 0x00, 0x00, 0x00, 0x00, 0x00, 0x00, 0x00,
  0x00, 0x00, 0x00, 0x00, 0x00, 0x00, 0x00, 0x00, 0x00, 0x00, 0x00, 0x00,
  0x00, 0x00, 0x00, 0x00, 0x00, 0x00, 0x00, 0x00, 0x00, 0x00, 0x00, 0x00,
  0x00, 0x00, 0x00, 0x00, 0x00, 0x00, 0x00, 0x00, 0x00, 0x00, 0x00, 0x00,
  0x00, 0x00, 0x00, 0x00, 0x00, 0x00, 0x00, 0x00, 0x00, 0x00, 0x00, 0x00,
  0x00, 0x00, 0x00, 0x00, 0x00, 0x00, 0x00, 0x00, 0x00, 0x00, 0x00, 0x00,
  0x00, 0x00, 0x00, 0x00, 0x00, 0x00, 0x00, 0x00, 0x00, 0x00, 0x00, 0x00,
  0x00, 0x00, 0x00, 0x00, 0x00, 0x00, 0x00, 0x00, 0x00, 0x00, 0x00, 0x00,
  0x00, 0x00, 0x00, 0x00, 0x00, 0x00, 0x00, 0x00, 0x00, 0x00, 0x00, 0x00,
  0x00, 0x00, 0x00, 0x00, 0x00, 0x00, 0x00, 0x00, 0x00, 0x00, 0x00, 0x00,
  0x00, 0x00, 0x00, 0x00, 0x00, 0x00, 0x00, 0x00, 0x00, 0x00, 0x00, 0x00,
  0x00, 0x00, 0x00, 0x00, 0x00, 0x00, 0x00, 0x00, 0x00, 0x00, 0x00, 0x00,
  0x00, 0x00, 0x00, 0x00, 0x00, 0x00, 0x00, 0x00, 0x00, 0x00, 0x00, 0x00,
  0x00, 0x00, 0x00, 0x00, 0x6a, 0xe3, 0xff, 0xff, 0x04, 0x00, 0x00, 0x00,
  0x00, 0x10, 0x00, 0x00, 0xaf, 0xf9, 0xff, 0xf3, 0xd8, 0x28, 0xe2, 0x0f,
  0x4f, 0x08, 0x09, 0x14, 0x36, 0xfb, 0xe2, 0xaf, 0xe1, 0x34, 0xe5, 0x20,
  0xad, 0x4e, 0x21, 0x30, 0x12, 0xf9, 0x0d, 0x1d, 0xd0, 0x60, 0x8f, 0x03,
  0xb6, 0xf0, 0x28, 0xdc, 0xf2, 0x6d, 0x1e, 0x08, 0xae, 0x7f, 0xea, 0x4d,
  0x99, 0xc7, 0x01, 0x4f, 0xff, 0x02, 0x32, 0xe2, 0xd8, 0x25, 0xe7, 0x07,
  0xdd, 0x21, 0xd9, 0x10, 0xaf, 0xf6, 0xe6, 0xe7, 0x04, 0xef, 0xcf, 0xee,
  0xff, 0x09, 0xd7, 0xdc, 0x32, 0xfb, 0x1e, 0x24, 0xc9, 0x7f, 0x1e, 0x1b,
  0x36, 0x43, 0xfc, 0xbd, 0xe0, 0x60, 0x41, 0x13, 0xa3, 0x20, 0x0a, 0xf9,
  0xe3, 0x39, 0xf7, 0x00, 0x00, 0xf9, 0x10, 0xf2, 0xe3, 0x23, 0x30, 0xf0,
  0x53, 0xf6, 0xeb, 0xd4, 0xe8, 0xd0, 0x16, 0x60, 0xc8, 0xce, 0x13, 0xf9,
  0xee, 0x35, 0xe9, 0xd9, 0xbc, 0x0c, 0x09, 0x2d, 0xd5, 0xd8, 0x51, 0x20,
  0x0e, 0xe7, 0x03, 0xfd, 0x0f, 0xed, 0x24, 0x06, 0xef, 0xee, 0xeb, 0xe6,
  0x0c, 0x1c, 0xf6, 0x1e, 0xe9, 0xea, 0xf3, 0xf7, 0x00, 0x07, 0xed, 0xde,
  0xfc, 0x38, 0x40, 0x27, 0xf1, 0x17, 0xfc, 0xe8, 0xf0, 0xcb, 0xf9, 0x29,
  0x2d, 0xfa, 0x1a, 0x12, 0xf2, 0x21, 0x02, 0x3a, 0xda, 0x1f, 0x0f, 0xf6,
  0x26, 0x09, 0xf5, 0x26, 0xd0, 0xfb, 0x81, 0x22, 0x35, 0xff, 0x29, 0xf6,
  0x0a, 0x25, 0xd6, 0xf8, 0x70, 0x3f, 0x04, 0xbf, 0xe6, 0xdb, 0x06, 0xff,
  0x40, 0xda, 0x29, 0xeb, 0xd7, 0xdd, 0x0d, 0xe1, 0xfc, 0xf6, 0x11, 0x07,
  0xed, 0x24, 0xca, 0xe2, 0xf0, 0x12, 0x2a, 0x27, 0x05, 0x81, 0xf3, 0x9d,
  0x17, 0xd9, 0x01, 0xec, 0x39, 0x08, 0xf7, 0x10, 0x19, 0xf0, 0xf7, 0xe0,
  0xf6, 0xdb, 0xee, 0x31, 0xd4, 0x34, 0xf2, 0x12, 0x09, 0xd1, 0xab, 0xe2,
  0x09, 0xe7, 0xf1, 0x2e, 0x7b, 0x1c, 0xc6, 0x58, 0xe0, 0xd5, 0xfe, 0xfe,
  0xfb, 0xc6, 0x06, 0xe2, 0xde, 0xad, 0xdd, 0xc5, 0xf0, 0x23, 0xd3, 0x1d,
  0x00, 0xfd, 0x32, 0x2f, 0x11, 0x31, 0x18, 0xe0, 0x2d, 0x49, 0x62, 0x46,
  0xd0, 0x19, 0xca, 0xc5, 0xe1, 0xd7, 0xf8, 0x03, 0x5c, 0x04, 0x1e, 0xfb,
  0xd0, 0xcd, 0x1d, 0x3a, 0xdb, 0x1d, 0xfa, 0x35, 0xfb, 0xef, 0xf0, 0xfc,
  0x0c, 0xd9, 0x81, 0x62, 0x49, 0xf4, 0x1f, 0x1a, 0xd6, 0x66, 0xe2, 0x1b,
  0xe1, 0x09, 0xea, 0xb4, 0x1f, 0x03, 0xfc, 0xcc, 0x0c, 0xe1, 0x3c, 0x14,
  0x47, 0xb2, 0xce, 0x13, 0x28, 0xe9, 0xf6, 0xb2, 0x03, 0x1a, 0xe8, 0x13,
  0xd4, 0xbd, 0xb0, 0xbf, 0xfe, 0xea, 0x04, 0x12, 0xeb, 0x06, 0xe0, 0x28,
  0xda, 0xf1, 0x35, 0x28, 0xfa, 0x38, 0x0d, 0x14, 0x03, 0xf9, 0x07, 0xff,
  0x81, 0x01, 0x65, 0x33, 0xc5, 0xe4, 0x00, 0x1e, 0x19, 0xee, 0x98, 0xdf,
  0xee, 0x03, 0xda, 0x02, 0x7b, 0xc4, 0xb0, 0xf3, 0xf3, 0x29, 0x12, 0xdd,
  0xee, 0xe8, 0xfb, 0xe2, 0x81, 0x37, 0x03, 0xdf, 0xf0, 0x05, 0xf1, 0x14,
  0xc6, 0xb3, 0xba, 0x36, 0xbd, 0x29, 0xdf, 0xe4, 0x16, 0xce, 0xe4, 0xce,
  0x1f, 0x0b, 0xc3, 0xd9, 0x06, 0x1a, 0xed, 0x13, 0xdb, 0x97, 0x00, 0x14,
  0xb3, 0x22, 0xbf, 0x0c, 0x2b, 0x3b, 0x20, 0xf6, 0xfe, 0x02, 0xf7, 0x0c,
  0x20, 0x01, 0x1e, 0xdc, 0xe7, 0xd8, 0x35, 0x0f, 0xe0, 0xec, 0x22, 0x03,
  0xde, 0x03, 0xf5, 0xfb, 0x08, 0x41, 0x72, 0x33, 0xc6, 0xcd, 0xf3, 0xdf,
  0xff, 0xd5, 0xa8, 0xae, 0x22, 0xe8, 0x23, 0xac, 0x7f, 0xe1, 0xa8, 0xcd,
  0x0e, 0x12, 0x5f, 0x55, 0x6a, 0x72, 0x4e, 0xe0, 0x0f, 0x8a, 0xb0, 0xe5,
  0x34, 0x7a, 0x73, 0xf2, 0x55, 0xb9, 0xbe, 0x0d, 0xe0, 0x3a, 0x37, 0x1c,
  0xbd, 0xdf, 0xef, 0xbf, 0x57, 0x1c, 0xe3, 0xf2, 0xdf, 0x0e, 0x64, 0x69,
  0xc4, 0xbe, 0x38, 0xcd, 0x27, 0xce, 0xe7, 0x29, 0xe9, 0xe2, 0x2a, 0x45,
  0x16, 0x16, 0xc9, 0x34, 0xbf, 0xd7, 0xda, 0xda, 0xed, 0x53, 0x0a, 0x9b,
  0x77, 0xdb, 0xe6, 0xeb, 0x0b, 0x23, 0x7a, 0x03, 0x43, 0x04, 0x24, 0x34,
  0xea, 0xe2, 0xd0, 0xaa, 0x20, 0x55, 0x1e, 0x26, 0x66, 0xc1, 0xd1, 0x32,
  0xfb, 0xff, 0x4e, 0x04, 0x20, 0x35, 0x0b, 0xd2, 0x7f, 0x04, 0xf1, 0xb7,
  0xe7, 0xee, 0x19, 0x3a, 0xcf, 0x15, 0x54, 0x53, 0x0e, 0x09, 0xda, 0xfb,
  0xcb, 0x38, 0x0b, 0x07, 0xda, 0x84, 0xf1, 0x31, 0x22, 0x1f, 0xbc, 0x4d,
  0x33, 0xe5, 0x14, 0xcb, 0x06, 0xe7, 0xf6, 0xea, 0x14, 0x0b, 0x7f, 0x30,
  0x4e, 0x24, 0xdc, 0x01, 0x19, 0xfe, 0xdc, 0xfe, 0x46, 0x25, 0x1b, 0xc8,
  0x40, 0x17, 0x1d, 0xae, 0x1b, 0xdc, 0xf5, 0x22, 0xea, 0x20, 0xfe, 0xca,
  0x49, 0xdd, 0xfe, 0xe8, 0xbb, 0xfa, 0x31, 0xff, 0x2e, 0xec, 0xe4, 0xcc,
  0x0d, 0xb2, 0x00, 0x24, 0x24, 0xe1, 0x06, 0x07, 0xb5, 0x1b, 0x03, 0x2e,
  0xfa, 0xda, 0x60, 0x05, 0xf4, 0x33, 0xc5, 0xc4, 0xfc, 0x31, 0x35, 0x07,
  0x10, 0xad, 0xf1, 0xd0, 0x1e, 0xd4, 0x1c, 0x34, 0x19, 0xd6, 0xf7, 0x17,
  0xe2, 0x49, 0x32, 0xea, 0xe2, 0x30, 0xde, 0x3b, 0x34, 0xed, 0x4a, 0x34,
  0x3e, 0xef, 0x81, 0xf3, 0x3c, 0x0f, 0x17, 0x1d, 0x51, 0x19, 0xd2, 0xe7,
  0xe0, 0xee, 0xf3, 0x3f, 0xf0, 0x1a, 0xc7, 0x0c, 0x1b, 0xeb, 0x4b, 0xf6,
  0xa0, 0x03, 0x30, 0x37, 0x24, 0x00, 0x33, 0xb7, 0xa9, 0x81, 0x20, 0xd8,
  0xc5, 0xff, 0xb9, 0x0f, 0xed, 0x54, 0x19, 0xbe, 0xd9, 0x1c, 0xa9, 0xc5,
  0xcc, 0xd6, 0xbc, 0x1a, 0x00, 0x38, 0xdd, 0x04, 0x08, 0x08, 0xca, 0xb2,
  0x0e, 0xac, 0x28, 0xe0, 0x2e, 0x33, 0x0b, 0xfe, 0x1b, 0xdd, 0x4a, 0x25,
  0x43, 0xc2, 0x53, 0x50, 0x68, 0xff, 0xd1, 0x2b, 0x15, 0xbc, 0x43, 0x19,
  0x4a, 0x19, 0xef, 0xd3, 0xb9, 0xd8, 0x30, 0xde, 0xbb, 0xee, 0x9d, 0xc3,
  0x64, 0x1e, 0x1d, 0x08, 0xcd, 0x51, 0x5d, 0x3e, 0x05, 0xf8, 0xe9, 0xb4,
  0xee, 0xc7, 0xd5, 0x18, 0x43, 0x7f, 0x25, 0xfe, 0xb0, 0x30, 0x23, 0x33,
  0x8c, 0x25, 0xd8, 0x16, 0x46, 0x4d, 0xe9, 0xfb, 0xa5, 0x16, 0x16, 0x78,
  0xe1, 0x0b, 0xfb, 0x1f, 0xcf, 0x06, 0xe3, 0xab, 0x96, 0xf4, 0x0a, 0xa4,
  0xb3, 0x05, 0xff, 0xf8, 0x32, 0x12, 0x30, 0x46, 0x11, 0xe1, 0x32, 0x12,
  0x16, 0xdf, 0xc7, 0xc9, 0x24, 0x27, 0x06, 0xe2, 0x14, 0xd2, 0xba, 0xfa,
  0xf6, 0x1c, 0x0c, 0x1a, 0x23, 0x09, 0x0f, 0xca, 0xe8, 0x81, 0xf8, 0x22,
  0xfe, 0x62, 0x1e, 0xdb, 0xc8, 0xe6, 0xd9, 0x2e, 0xad, 0x46, 0x39, 0x07,
  0xbf, 0xf5, 0xcd, 0x2c, 0x2d, 0xff, 0xda, 0x0c, 0x92, 0x20, 0xf8, 0xdf,
  0x25, 0x20, 0x07, 0xd4, 0x10, 0x33, 0x0f, 0x2b, 0xf2, 0x1d, 0x29, 0xa7,
  0x04, 0x1c, 0x25, 0x29, 0x05, 0xf6, 0x2c, 0xc8, 0xe2, 0xb4, 0x0a, 0x2e,
  0xf2, 0xfa, 0xb7, 0x00, 0x2f, 0x43, 0xff, 0x21, 0x81, 0x6e, 0xfd, 0xd4,
  0x9d, 0x44, 0xe6, 0xe2, 0x11, 0xcd, 0x14, 0x60, 0xce, 0xdf, 0xfe, 0x4a,
  0xed, 0xf6, 0x2a, 0xb9, 0xfa, 0xd1, 0x26, 0x18, 0xe9, 0xe9, 0xe8, 0xe0,
  0x3f, 0xf2, 0xdd, 0x21, 0x7f, 0xdb, 0xb6, 0xe2, 0xd4, 0x30, 0x5a, 0x09,
  0x05, 0xfd, 0x20, 0xe8, 0xe1, 0x01, 0x24, 0xfc, 0xd9, 0xe3, 0xe9, 0xb6,
  0xd6, 0xdc, 0x05, 0xf2, 0xbd, 0x0c, 0xee, 0xff, 0xef, 0x24, 0xbc, 0x06,
  0xcf, 0xee, 0x5c, 0x16, 0x05, 0xe8, 0xfa, 0xf7, 0x09, 0x21, 0x10, 0x13,
  0xc1, 0x5d, 0x20, 0x05, 0x1e, 0x55, 0x01, 0x41, 0xbb, 0x01, 0x12, 0x4e,
  0x15, 0xc4, 0x02, 0x04, 0xee, 0x0a, 0xf0, 0xfa, 0xfa, 0xdb, 0xfc, 0xc5,
  0xe8, 0xf4, 0x06, 0x4d, 0xf8, 0xf0, 0x18, 0x2b, 0x26, 0xd8, 0xc9, 0xc4,
  0xc3, 0x25, 0xc9, 0xe0, 0xa9, 0x41, 0x43, 0xfc, 0x62, 0xe9, 0x13, 0xef,
  0xac, 0x06, 0xde, 0xf9, 0xba, 0x2c, 0xf4, 0xc8, 0xfe, 0x1e, 0xfc, 0xbb,
  0x1f, 0x7f, 0x00, 0x26, 0x30, 0xe6, 0xd7, 0x3a, 0xbc, 0xda, 0x52, 0x07,
  0x9d, 0xfb, 0x47, 0xf1, 0xf4, 0x0d, 0xec, 0xc7, 0xbe, 0xbf, 0xc3, 0x53,
  0xee, 0xfd, 0x15, 0x1a, 0x06, 0x09, 0xee, 0x13, 0x23, 0xf1, 0xd9, 0x0c,
  0x30, 0xe2, 0xd6, 0xfb, 0xf6, 0x38, 0xd2, 0x09, 0xcd, 0xe5, 0xf9, 0x00,
  0x11, 0xf9, 0xf3, 0xec, 0x1f, 0x10, 0xce, 0xfe, 0xf1, 0x09, 0x19, 0x04,
  0x19, 0x02, 0xe0, 0xe8, 0x29, 0x22, 0x4e, 0xd5, 0xe8, 0xf4, 0xcf, 0xca,
  0x19, 0xd9, 0xdc, 0x0f, 0xfd, 0x00, 0xff, 0xd2, 0x00, 0xed, 0xe6, 0xf4,
  0x12, 0xea, 0x7f, 0x24, 0xfe, 0x00, 0xd6, 0x07, 0x11, 0xf2, 0x24, 0xdc,
  0xe1, 0xf6, 0xd0, 0xf9, 0xbb, 0x0f, 0xf8, 0x09, 0x15, 0x1c, 0x3e, 0xe0,
  0xce, 0xb3, 0xc1, 0xfe, 0xdd, 0x30, 0xf8, 0xeb, 0x0b, 0xda, 0xd7, 0xfd,
  0x17, 0xfb, 0xdd, 0xe7, 0xee, 0x05, 0x1a, 0x1f, 0xd5, 0x81, 0x0b, 0x01,
  0xc5, 0x36, 0x03, 0x15, 0x40, 0xfc, 0x07, 0xef, 0x1f, 0xc5, 0x15, 0xe4,
  0x3d, 0x31, 0x14, 0x26, 0x13, 0xd7, 0x3b, 0x30, 0xe9, 0xe6, 0xe9, 0x27,
  0xe9, 0x2f, 0xd9, 0xea, 0xf8, 0x18, 0x4c, 0x06, 0xd3, 0x28, 0x3d, 0xf8,
  0x36, 0x1f, 0xfd, 0xfc, 0xfe, 0xbf, 0xe5, 0xe7, 0xfe, 0xd6, 0x81, 0xe9,
  0x1b, 0x17, 0x4d, 0x18, 0x1a, 0x26, 0xb4, 0xeb, 0xd0, 0xc9, 0xb3, 0xfa,
  0x3f, 0xe9, 0xf9, 0xfc, 0xe7, 0xce, 0x21, 0x18, 0xda, 0xbd, 0x12, 0x05,
  0x0b, 0x01, 0x31, 0xfb, 0x38, 0x06, 0xec, 0x14, 0xd6, 0x0c, 0x05, 0x1c,
  0x40, 0x2c, 0x15, 0xdd, 0x0c, 0xca, 0xe3, 0x29, 0x41, 0xe9, 0x26, 0x00,
  0xe0, 0xe4, 0x1b, 0x24, 0x24, 0x05, 0x1a, 0x1d, 0xea, 0xf0, 0xdb, 0xce,
  0xd3, 0x12, 0x07, 0xf5, 0x24, 0x81, 0x4e, 0xf4, 0xde, 0xe0, 0x23, 0xf8,
  0x08, 0xe2, 0xb9, 0x22, 0x30, 0x1e, 0x49, 0x07, 0x19, 0xf4, 0xfa, 0x2b,
  0xd6, 0xff, 0xe4, 0x08, 0x12, 0xec, 0xdd, 0xe7, 0x14, 0xe7, 0x02, 0x2c,
  0x4f, 0x2e, 0xeb, 0x27, 0x1f, 0x4b, 0x27, 0x83, 0x22, 0xb2, 0xaa, 0x16,
  0x47, 0x22, 0x22, 0xb7, 0xc6, 0x18, 0xef, 0x18, 0x51, 0x2c, 0xe7, 0x09,
  0xbf, 0xdd, 0xa5, 0xe6, 0xcf, 0x3e, 0x53, 0x41, 0x43, 0xbc, 0xd8, 0x12,
  0x04, 0x22, 0x27, 0x03, 0x0d, 0xb9, 0xfa, 0x11, 0xfb, 0xe6, 0x1e, 0x2b,
  0xe7, 0x12, 0x18, 0x56, 0x24, 0xfd, 0xa4, 0x1f, 0xdc, 0xb0, 0x81, 0xe5,
  0x24, 0xb5, 0xa6, 0x21, 0x48, 0x47, 0xe6, 0xc7, 0x4f, 0xf4, 0x81, 0x30,
  0x25, 0x15, 0x12, 0xd6, 0x1b, 0xf8, 0xdd, 0x0a, 0xd2, 0x0b, 0x39, 0xf7,
  0x36, 0x05, 0xfb, 0x0c, 0xf3, 0x86, 0xeb, 0xd9, 0xb4, 0xe9, 0x03, 0xe9,
  0x11, 0x12, 0xfe, 0x2b, 0xbf, 0x1b, 0xba, 0xd9, 0xfd, 0x3b, 0xfb, 0xfe,
  0x35, 0xd7, 0xfe, 0x19, 0x9d, 0x20, 0xa9, 0x18, 0xee, 0x09, 0x05, 0xed,
  0xec, 0x01, 0xeb, 0x02, 0xd7, 0xd9, 0xa0, 0x15, 0x06, 0x09, 0x2b, 0x1f,
  0x09, 0xb5, 0xdf, 0x25, 0xe0, 0xd2, 0xf8, 0xb6, 0x2d, 0xe5, 0xce, 0xf7,
  0xd8, 0x7d, 0x0b, 0xfa, 0xd1, 0xf6, 0xde, 0xe7, 0x1b, 0x15, 0x38, 0xe2,
  0xe4, 0x4e, 0x5d, 0x65, 0xec, 0xfc, 0x11, 0xe9, 0x94, 0xfd, 0x2d, 0x0e,
  0x68, 0x0e, 0x09, 0x1f, 0xcb, 0x26, 0x0b, 0x67, 0xb6, 0x13, 0x00, 0xdd,
  0xf4, 0x34, 0xc0, 0x17, 0xc5, 0x09, 0x18, 0x7f, 0x27, 0xfa, 0x11, 0x03,
  0xd0, 0x20, 0xd7, 0x9d, 0x05, 0xef, 0x2a, 0x19, 0x0b, 0x0f, 0x0b, 0xfc,
  0x24, 0x1c, 0x57, 0x06, 0xb0, 0xd6, 0xde, 0x1f, 0x22, 0x2b, 0xdc, 0xff,
  0x3e, 0xf7, 0xf4, 0xab, 0x29, 0x0d, 0xb0, 0xd3, 0xe7, 0xf1, 0x78, 0x1c,
  0x55, 0x4b, 0x10, 0xe7, 0x21, 0x81, 0xd1, 0x04, 0x29, 0x34, 0x26, 0xff,
  0x37, 0xfd, 0x00, 0xb2, 0x16, 0xf1, 0x63, 0x07, 0xeb, 0x11, 0x42, 0xd2,
  0x2d, 0x18, 0xf0, 0xd8, 0xdb, 0x1f, 0x0e, 0x61, 0x3c, 0x12, 0x0a, 0x15,
  0x0e, 0x1f, 0x04, 0xe8, 0x11, 0x04, 0x11, 0x23, 0x07, 0x92, 0x08, 0xee,
  0x1d, 0x00, 0xcd, 0x0e, 0x36, 0x1c, 0x1e, 0x13, 0x0f, 0x0b, 0xd2, 0x21,
  0x14, 0x14, 0x52, 0x04, 0x7f, 0xf8, 0x1f, 0xf4, 0x03, 0xf1, 0xd1, 0xe5,
  0x29, 0x3f, 0x00, 0xeb, 0x01, 0x41, 0x30, 0xd0, 0xf6, 0x0e, 0xf8, 0xdf,
  0x20, 0xf6, 0xfd, 0xd4, 0xe6, 0xcb, 0x13, 0x1c, 0x0b, 0xfd, 0x2d, 0x1f,
  0x00, 0xcb, 0xfc, 0xda, 0xb4, 0xf0, 0xc7, 0x1c, 0x4b, 0x32, 0x46, 0xf1,
  0x75, 0xe8, 0x0d, 0x1d, 0x21, 0x65, 0xf8, 0xcd, 0x18, 0x29, 0xff, 0x11,
  0xea, 0xac, 0x05, 0xd5, 0xf1, 0x29, 0x30, 0xee, 0x3c, 0xf8, 0xed, 0x1b,
  0xbf, 0x21, 0xe8, 0x21, 0x24, 0x60, 0xf7, 0x39, 0x41, 0x85, 0x81, 0x5e,
  0xdd, 0xbc, 0x5e, 0xf4, 0xe9, 0x0c, 0xcc, 0xf2, 0x0f, 0x32, 0xef, 0x05,
  0xa8, 0xf9, 0x2a, 0x69, 0x67, 0xf2, 0x9f, 0x16, 0xff, 0xc9, 0x18, 0xbd,
  0x1d, 0xf9, 0xf0, 0xc5, 0xe2, 0x17, 0x1e, 0x22, 0xb6, 0xe3, 0x2b, 0xff,
  0xee, 0x2e, 0xdb, 0x27, 0x1c, 0x47, 0x20, 0x2c, 0x26, 0xdb, 0xe0, 0xa4,
  0xed, 0xc3, 0x27, 0x1e, 0x2b, 0x1c, 0x2b, 0xd8, 0xe4, 0xc0, 0xfa, 0x25,
  0x94, 0x05, 0x08, 0x0c, 0x2e, 0x69, 0xe7, 0x09, 0xad, 0xf6, 0x1e, 0x5b,
  0x7f, 0xe7, 0x0c, 0x24, 0xa8, 0xe5, 0xd3, 0x0a, 0xb4, 0x1c, 0x31, 0x64,
  0x2c, 0xf6, 0xeb, 0x25, 0xc0, 0x4a, 0xda, 0xf0, 0x4b, 0x44, 0xae, 0x1b,
  0x07, 0x67, 0x10, 0x19, 0x1f, 0x08, 0x29, 0x26, 0x93, 0x48, 0x14, 0xf7,
  0x3b, 0x2b, 0x7f, 0xf3, 0x0c, 0x04, 0x0a, 0xaa, 0xeb, 0x34, 0xe7, 0x25,
  0x33, 0xd2, 0xef, 0x26, 0xe4, 0x57, 0xf9, 0x2b, 0x18, 0xba, 0xc0, 0xeb,
  0x34, 0x75, 0xf9, 0xcd, 0x0f, 0x3d, 0xea, 0xfa, 0x16, 0x85, 0x64, 0xfe,
  0x11, 0x07, 0xe4, 0x25, 0x10, 0xf9, 0x01, 0xf2, 0xf8, 0xf8, 0xf7, 0xd9,
  0xfd, 0x41, 0xbe, 0xea, 0x02, 0x09, 0x17, 0xc0, 0xc3, 0xbf, 0xf3, 0x27,
  0x8d, 0x5e, 0xe0, 0x2e, 0x04, 0x1f, 0x7e, 0x19, 0xf8, 0x26, 0x2e, 0xd2,
  0xd5, 0x25, 0x40, 0xed, 0xf7, 0x93, 0x16, 0x1b, 0xcc, 0x17, 0xdc, 0x49,
  0xf6, 0x16, 0xbe, 0xf4, 0x5c, 0xfc, 0x29, 0xfb, 0x2e, 0x45, 0xd9, 0x11,
  0x00, 0xd1, 0x7f, 0xea, 0xab, 0xe6, 0x06, 0xf6, 0x04, 0x1c, 0xe9, 0x40,
  0x5f, 0x22, 0x2d, 0xe1, 0xac, 0x37, 0x30, 0x00, 0x5d, 0x29, 0xe2, 0xdd,
  0xa3, 0x89, 0x19, 0x04, 0xd3, 0xd6, 0xa0, 0xe5, 0x13, 0x20, 0x5f, 0xf0,
  0xa7, 0x46, 0x81, 0xd8, 0xd2, 0x10, 0x17, 0xfa, 0x35, 0x00, 0xe4, 0x01,
  0xd6, 0xc8, 0xb7, 0x34, 0x01, 0xbd, 0x1d, 0xe0, 0xfb, 0x55, 0x17, 0xf6,
  0x21, 0x0a, 0xbf, 0xe8, 0xd4, 0xd5, 0x23, 0x09, 0x29, 0x17, 0x07, 0xdf,
  0xf6, 0xe2, 0xec, 0xe5, 0x16, 0xf0, 0x14, 0xe3, 0xe8, 0x07, 0xf3, 0x1e,
  0xf1, 0xdf, 0x15, 0xeb, 0xfe, 0x24, 0xf8, 0x02, 0x29, 0xe7, 0xf1, 0xe2,
  0x34, 0xb9, 0xeb, 0xe2, 0x26, 0xdd, 0x07, 0x1d, 0x18, 0xf8, 0xfb, 0xf5,
  0x12, 0x05, 0x0a, 0xbd, 0xf0, 0x0d, 0x06, 0x30, 0xf3, 0x00, 0x2b, 0x07,
  0xf9, 0xe3, 0x81, 0x11, 0xef, 0xf0, 0xf5, 0x11, 0x47, 0x01, 0xd5, 0x20,
  0x0f, 0xf3, 0xf3, 0x03, 0x26, 0xeb, 0x1a, 0xfd, 0xf1, 0xf1, 0xe1, 0xeb,
  0xc8, 0x04, 0xff, 0x1a, 0xef, 0xfb, 0x25, 0xe0, 0xde, 0xd8, 0xe6, 0x0e,
  0xc2, 0x13, 0xf9, 0xf3, 0xf4, 0xec, 0xe1, 0xd5, 0x36, 0xe7, 0xcf, 0xcd,
  0xf8, 0x19, 0x19, 0xf1, 0xff, 0x81, 0x16, 0x0c, 0xf5, 0x15, 0xec, 0x06,
  0x21, 0x11, 0xf1, 0xff, 0x1b, 0x07, 0x0d, 0xff, 0x31, 0x1e, 0x1a, 0x18,
  0xf3, 0xcf, 0x22, 0x2a, 0xa3, 0xd1, 0x1f, 0x1b, 0x1b, 0xfc, 0xe9, 0xfc,
  0xe6, 0x04, 0x24, 0x29, 0xe6, 0x7f, 0x35, 0x1e, 0x39, 0xf2, 0x13, 0x19,
  0xaf, 0x0c, 0x16, 0x48, 0xc3, 0xee, 0xaf, 0xd0, 0xea, 0x05, 0x68, 0x17,
  0xd4, 0x37, 0x15, 0xb4, 0xe5, 0xfb, 0xfe, 0x3e, 0x2b, 0x30, 0xd7, 0x37,
  0xe0, 0xef, 0xda, 0x3c, 0xd3, 0x0c, 0x0f, 0xdf, 0x26, 0x3c, 0x1e, 0xe3,
  0xe5, 0x43, 0xb5, 0x0d, 0xc1, 0xef, 0x3d, 0x38, 0xcc, 0xc5, 0x0a, 0xd8,
  0xf7, 0x15, 0xe8, 0x10, 0x3e, 0xf5, 0x48, 0x1b, 0xea, 0xfc, 0xf9, 0x24,
  0x04, 0xdf, 0xce, 0xbb, 0x32, 0x13, 0x00, 0xb1, 0x65, 0xe0, 0xd5, 0x0b,
  0xd5, 0x05, 0x53, 0x16, 0x67, 0x42, 0x7f, 0x0d, 0xe7, 0xb3, 0xb7, 0xf3,
  0x2e, 0x0b, 0x52, 0xcf, 0x4d, 0xf4, 0xfc, 0xfa, 0x20, 0x43, 0x29, 0xfe,
  0x10, 0xeb, 0xfd, 0xde, 0x33, 0x22, 0x00, 0xdb, 0x02, 0x3c, 0x34, 0x1a,
  0xcb, 0xd7, 0xf2, 0xd0, 0x14, 0x08, 0xd1, 0xff, 0x0d, 0xda, 0x2a, 0xcc,
  0xd5, 0xd5, 0x17, 0x47, 0x07, 0x16, 0xe9, 0xf0, 0x23, 0x2d, 0xf0, 0xe7,
  0x3a, 0x04, 0x0f, 0xf5, 0x21, 0xb5, 0x19, 0x1e, 0xfb, 0xd5, 0x16, 0xf9,
  0xe3, 0xd5, 0x0a, 0xea, 0x07, 0x37, 0x7f, 0xde, 0x23, 0xf4, 0xf4, 0x2f,
  0xfc, 0xdc, 0x38, 0x2a, 0x08, 0xf2, 0xce, 0xd2, 0x7a, 0xef, 0x08, 0xf4,
  0x03, 0x4a, 0xd2, 0xe0, 0x28, 0x2a, 0xdf, 0xc4, 0x12, 0xd0, 0xea, 0x15,
  0x30, 0xf1, 0x0c, 0xea, 0xd1, 0xe8, 0x3e, 0x16, 0xf4, 0x09, 0x1e, 0xf6,
  0xef, 0x14, 0xd4, 0xbc, 0x01, 0x2b, 0x1e, 0xe6, 0xf4, 0x81, 0x36, 0x0a,
  0xa8, 0xf2, 0x3c, 0x13, 0x14, 0x0c, 0xf3, 0x32, 0x0d, 0x2c, 0x6a, 0xfe,
  0xd8, 0x03, 0xdd, 0x1c, 0x2b, 0xe3, 0x1c, 0x32, 0x01, 0xdc, 0x93, 0xd2,
  0xfd, 0xd9, 0x09, 0xf9, 0x62, 0x2a, 0x13, 0x06, 0x0e, 0xeb, 0x03, 0xa7,
  0x37, 0x0e, 0xef, 0x3f, 0x1e, 0x3e, 0x26, 0xe6, 0xcd, 0x2f, 0x41, 0x3e,
  0x51, 0xf2, 0x1f, 0xb7, 0x81, 0xbb, 0xfa, 0x11, 0xea, 0xce, 0xaa, 0xfd,
  0x0a, 0x57, 0x33, 0xe2, 0xb5, 0x38, 0xeb, 0x08, 0xbf, 0xeb, 0xec, 0x00,
  0x3c, 0x01, 0xe5, 0x13, 0x11, 0xe9, 0x10, 0x11, 0xcf, 0xee, 0x24, 0xf9,
  0x16, 0x0c, 0x1e, 0x1d, 0x20, 0x1b, 0x06, 0x16, 0xef, 0xd5, 0x23, 0x4c,
  0x67, 0x4a, 0xbc, 0xf5, 0xb5, 0x11, 0x09, 0xc7, 0xdb, 0x13, 0xd2, 0xef,
  0xd0, 0xbb, 0xf0, 0x02, 0x1e, 0xf6, 0x94, 0xd9, 0xef, 0x81, 0xcb, 0x13,
  0xc1, 0x43, 0xe9, 0xfb, 0xdf, 0xd4, 0xeb, 0xdf, 0xec, 0x0c, 0x15, 0xe0,
  0xf6, 0x3f, 0xe5, 0x1b, 0x1b, 0x98, 0x17, 0x38, 0xb1, 0xf5, 0x9c, 0x0b,
  0xc4, 0x22, 0xce, 0xfc, 0x47, 0xeb, 0xe5, 0xf4, 0x0d, 0x0c, 0xbd, 0x12,
  0x04, 0xd4, 0x17, 0xd5, 0xcd, 0x05, 0x45, 0x05, 0xfd, 0xdb, 0x0c, 0x14,
  0x06, 0x2d, 0xef, 0x14, 0x65, 0x15, 0xbc, 0xf6, 0xfe, 0x3d, 0x53, 0xec,
  0x16, 0x30, 0x20, 0xdf, 0xe0, 0x09, 0x23, 0xf8, 0x1c, 0x61, 0xee, 0xfe,
  0x1f, 0xfd, 0xc3, 0xc9, 0x1f, 0x53, 0xcb, 0xdc, 0x3f, 0x81, 0xea, 0xfa,
  0x5c, 0xde, 0xe5, 0xd5, 0xf2, 0xa6, 0x3d, 0x2b, 0x04, 0x2e, 0x89, 0x9b,
  0x2d, 0x33, 0xcd, 0x1a, 0x28, 0xc6, 0x30, 0x0e, 0x41, 0x1b, 0x9c, 0x46,
  0xeb, 0xcd, 0x0d, 0x0b, 0x18, 0xc6, 0xa4, 0x15, 0xb4, 0xde, 0xee, 0xf7,
  0xd1, 0x47, 0xf3, 0x12, 0x50, 0x1b, 0xd6, 0xfd, 0xa7, 0x56, 0x43, 0x58,
  0xee, 0x15, 0x22, 0xc1, 0x7f, 0x18, 0x8d, 0xa6, 0x32, 0x41, 0x1e, 0xb7,
  0xd2, 0xa1, 0x1e, 0x1f, 0xe6, 0x42, 0x09, 0xf2, 0x3c, 0x3e, 0xaa, 0xfe,
  0xec, 0x15, 0x13, 0xf2, 0x17, 0x2b, 0x12, 0xfa, 0xd2, 0xc8, 0x25, 0xd4,
  0xcb, 0xf9, 0xea, 0x05, 0xe7, 0x13, 0xfd, 0x0c, 0xe5, 0xfc, 0x45, 0xfa,
  0x18, 0xf9, 0x20, 0x41, 0xb9, 0x06, 0xbc, 0xb3, 0x2b, 0x31, 0xb1, 0x98,
  0x2e, 0x13, 0xdd, 0x1d, 0xe2, 0xe3, 0x32, 0x0f, 0xf6, 0xe9, 0xf2, 0x41,
  0xeb, 0x91, 0xeb, 0x07, 0x2a, 0x2b, 0x7f, 0x01, 0x07, 0xee, 0x17, 0x20,
  0x60, 0x15, 0x26, 0x39, 0xf1, 0xe7, 0xe5, 0xeb, 0x2a, 0xf3, 0xe0, 0xc8,
  0x0d, 0x56, 0xed, 0xf9, 0xf2, 0xd5, 0x43, 0xdc, 0xef, 0xe4, 0xa0, 0x43,
  0x09, 0xf0, 0x25, 0x2e, 0x0b, 0x04, 0xbc, 0x26, 0x0b, 0x33, 0xc9, 0xfe,
  0xc4, 0xfe, 0xfd, 0xe8, 0xf8, 0x06, 0x1f, 0x0d, 0x1a, 0x17, 0x21, 0x16,
  0x4c, 0xd6, 0xc9, 0x04, 0x05, 0xfc, 0x02, 0xe3, 0x14, 0x7f, 0x43, 0x0b,
  0x3a, 0xcc, 0xd5, 0x43, 0x00, 0x01, 0x1e, 0xff, 0x9e, 0x0b, 0xd7, 0xf3,
  0xf1, 0x48, 0xce, 0x02, 0xef, 0x04, 0x0d, 0x4d, 0x43, 0xeb, 0xd3, 0xdd,
  0x1f, 0xdc, 0x27, 0xfc, 0x15, 0xf4, 0xfc, 0x00, 0xc3, 0xff, 0xe8, 0x02,
  0xd7, 0xe5, 0x06, 0x14, 0xf1, 0x0c, 0x81, 0x1e, 0xf9, 0x48, 0xc9, 0xfd,
  0x31, 0x1d, 0x46, 0xf4, 0xf9, 0xd9, 0x12, 0x15, 0x09, 0x43, 0x42, 0xc6,
  0xc0, 0x95, 0xf0, 0xe1, 0xe4, 0x23, 0x09, 0x03, 0x1a, 0x45, 0xf7, 0x04,
  0x00, 0xc4, 0x21, 0x10, 0x48, 0x5c, 0x41, 0x0b, 0x04, 0x25, 0x2d, 0x1a,
  0xf0, 0xd8, 0xfa, 0x8a, 0x0c, 0x00, 0xd8, 0x08, 0x0b, 0xd6, 0x37, 0x00,
  0xbf, 0xfd, 0xf5, 0x3c, 0x3c, 0xe0, 0x23, 0x0d, 0xe3, 0x25, 0xca, 0xee,
  0x34, 0xf9, 0xea, 0x0f, 0xf6, 0x81, 0x0f, 0x0e, 0x15, 0xe6, 0x3d, 0x01,
  0x1e, 0xf1, 0xc4, 0xe9, 0x25, 0xfd, 0x68, 0xc4, 0x25, 0xd6, 0xd0, 0x2c,
  0x08, 0x04, 0x28, 0x19, 0x52, 0xec, 0xde, 0xdf, 0x43, 0xe8, 0x02, 0x0d,
  0x05, 0x1c, 0xd8, 0x32, 0x3b, 0x07, 0x07, 0x07, 0x3f, 0x16, 0x19, 0x04,
  0xe6, 0x01, 0x07, 0x0c, 0xfe, 0x0f, 0xfa, 0xf1, 0xda, 0xe7, 0x3d, 0x02,
  0xca, 0x0f, 0xf9, 0xfc, 0x61, 0x06, 0x15, 0x0a, 0xd1, 0x29, 0xbc, 0x13,
  0x81, 0xf2, 0x2b, 0xdc, 0x10, 0x1a, 0x16, 0xce, 0xd2, 0xbf, 0x08, 0x32,
  0xd8, 0x01, 0xdb, 0xa1, 0x22, 0x20, 0xd6, 0x12, 0x11, 0x08, 0x04, 0xe5,
  0xb7, 0xd0, 0xf3, 0xf5, 0x11, 0x02, 0x0b, 0xf5, 0xf9, 0xca, 0x0a, 0x22,
  0x28, 0xc5, 0x10, 0x2f, 0x22, 0xd6, 0x9c, 0xcf, 0xb8, 0x19, 0x0b, 0x4e,
  0xe3, 0xc0, 0x27, 0x2f, 0xfc, 0x29, 0xe0, 0xf9, 0x39, 0x27, 0x6f, 0x29,
  0xaa, 0x2c, 0xbc, 0xe3, 0xce, 0xd0, 0xee, 0xd3, 0x31, 0x4e, 0x18, 0xf6,
  0xe5, 0xb5, 0xfc, 0x40, 0xb6, 0xf2, 0x01, 0x08, 0x7f, 0x3a, 0xab, 0x3e,
  0xc2, 0x31, 0xa9, 0x22, 0x3e, 0xd0, 0x2a, 0xef, 0xe6, 0x5e, 0xd4, 0xc8,
  0xc5, 0xcb, 0x48, 0x13, 0xe7, 0x20, 0x0a, 0x0e, 0x1b, 0xde, 0x38, 0x22,
  0x27, 0xec, 0xe9, 0x03, 0xf5, 0x0a, 0xb5, 0x81, 0x01, 0x01, 0xfc, 0xbc,
  0x64, 0xf9, 0x0d, 0xc0, 0xca, 0xed, 0x22, 0x18, 0x2b, 0x1f, 0x16, 0xf2,
  0xef, 0xcb, 0x19, 0xc1, 0x12, 0x0b, 0x66, 0xc4, 0x5d, 0xe2, 0xba, 0x2b,
  0xf0, 0x21, 0x3f, 0xf6, 0xc6, 0x10, 0x23, 0x23, 0x0e, 0x04, 0xdc, 0xda,
  0x08, 0x26, 0xdd, 0xf9, 0x28, 0xa5, 0xff, 0x39, 0x22, 0xc3, 0x50, 0x13,
  0x1c, 0xed, 0xd5, 0xb6, 0xc6, 0x00, 0x34, 0x0c, 0xba, 0xf1, 0xdb, 0xde,
  0xf7, 0x38, 0x30, 0x37, 0x0d, 0x26, 0x5f, 0x64, 0xf2, 0x24, 0x2e, 0xa9,
  0x21, 0xe9, 0x38, 0x2d, 0x6d, 0x3e, 0xf5, 0x2a, 0xcc, 0xed, 0x03, 0x4a,
  0x9a, 0xf0, 0xef, 0x0b, 0x5a, 0x65, 0xb6, 0x48, 0xb3, 0xf8, 0xd0, 0x7f,
  0x66, 0x0b, 0x3d, 0x2c, 0xf7, 0x34, 0x11, 0xc3, 0x48, 0x22, 0x10, 0x23,
  0x07, 0x08, 0x1e, 0xf7, 0x0c, 0x08, 0xf5, 0xf7, 0x28, 0xef, 0xf8, 0xff,
  0xce, 0x19, 0x2f, 0xe2, 0xdc, 0xf5, 0x02, 0x0b, 0x4f, 0x20, 0x02, 0xeb,
  0xef, 0x2f, 0xd0, 0x30, 0x81, 0x0d, 0x1d, 0xca, 0x18, 0x27, 0x2c, 0xea,
  0xe9, 0xc5, 0x36, 0x28, 0x0c, 0xeb, 0xc3, 0xc8, 0x20, 0x1e, 0xb9, 0x05,
  0xeb, 0xfe, 0x02, 0xd5, 0xed, 0xed, 0xfd, 0xd8, 0x16, 0x01, 0x0c, 0xe7,
  0x7f, 0xf2, 0xa6, 0xf2, 0xd0, 0x0a, 0x39, 0x05, 0x21, 0x0e, 0xf3, 0xcb,
  0xda, 0x02, 0x49, 0xfe, 0xe7, 0x05, 0x1b, 0x00, 0xd8, 0xba, 0xcf, 0xff,
  0xc1, 0x04, 0xe5, 0x32, 0x14, 0x14, 0x14, 0x1e, 0xe8, 0xf9, 0x1e, 0xf0,
  0xdf, 0x2f, 0x01, 0xe9, 0x12, 0xde, 0xec, 0xfc, 0xd0, 0xf4, 0xee, 0x12,
  0xfc, 0x0f, 0x30, 0xec, 0xc9, 0x0e, 0x24, 0x22, 0x0e, 0xf7, 0x01, 0x1b,
  0xf8, 0xf7, 0x27, 0x00, 0x22, 0xf2, 0x0b, 0xb6, 0xc0, 0x18, 0xcd, 0xfc,
  0x4a, 0x32, 0x6a, 0x77, 0x1b, 0x82, 0x2f, 0xf8, 0x46, 0x0a, 0x1e, 0x97,
  0x6f, 0x40, 0x14, 0x38, 0xaa, 0xdc, 0x84, 0xea, 0xca, 0x2f, 0x30, 0xf8,
  0x2f, 0x45, 0x47, 0xd7, 0x96, 0x0e, 0x0d, 0xef, 0xc8, 0x31, 0x2f, 0xe0,
  0xef, 0x0d, 0x49, 0x23, 0xc5, 0x06, 0x7f, 0xfb, 0xa5, 0xe2, 0x5c, 0x1b,
  0xd7, 0xe3, 0xb9, 0x07, 0x99, 0xe7, 0xe0, 0xe4, 0x0d, 0xe3, 0x4a, 0x1d,
  0xb7, 0x2c, 0x2b, 0x32, 0x0c, 0x1a, 0x37, 0x4f, 0xe0, 0xb4, 0xe1, 0x12,
  0xd2, 0xef, 0xc0, 0xc1, 0x0a, 0x15, 0xbe, 0xc9, 0x4d, 0xc5, 0xab, 0xe4,
  0xe0, 0x17, 0x7f, 0x2d, 0x5a, 0x53, 0x25, 0x26, 0xc5, 0xe4, 0xb6, 0xf8,
  0x0f, 0x70, 0x32, 0x1c, 0x4a, 0xf9, 0xdb, 0x57, 0xcc, 0x21, 0x36, 0x0a,
  0xe7, 0x44, 0x27, 0xd8, 0x02, 0x02, 0x11, 0xee, 0xc5, 0xf4, 0xd5, 0x4d,
  0x48, 0x41, 0xfa, 0xdd, 0xbb, 0xc0, 0xc8, 0xff, 0xf2, 0xd2, 0xc6, 0xb7,
  0x0d, 0xff, 0x04, 0xf7, 0xe2, 0x47, 0x20, 0x3b, 0x28, 0xdf, 0xfb, 0xc0,
  0xd3, 0xf3, 0x2f, 0x2a, 0x1c, 0x81, 0xd9, 0xa5, 0xdf, 0xb9, 0xdc, 0xec,
  0x39, 0x17, 0xce, 0x38, 0x05, 0x5b, 0x1c, 0x53, 0x05, 0x04, 0x1e, 0xf9,
  0x0c, 0x4b, 0xbc, 0x49, 0x55, 0x05, 0x98, 0xfb, 0x75, 0xca, 0x04, 0xe0,
  0x57, 0x11, 0xe8, 0xd5, 0x0c, 0x24, 0xe4, 0x2d, 0x0d, 0x24, 0x10, 0xec,
  0xe5, 0x36, 0xf4, 0xe8, 0xcf, 0xca, 0x03, 0x18, 0xd7, 0x12, 0x02, 0xf3,
  0x2b, 0x81, 0x13, 0x09, 0xe3, 0x22, 0xd0, 0xfa, 0x2b, 0x06, 0xf8, 0x01,
  0x0f, 0x05, 0xd7, 0x04, 0xe2, 0xf0, 0xdf, 0x1b, 0x20, 0xde, 0x01, 0xe8,
  0xfd, 0x0a, 0xf8, 0x0d, 0x03, 0xda, 0x16, 0xe0, 0xd8, 0xff, 0xf9, 0x06,
  0x02, 0xf3, 0xe5, 0x1a, 0xf0, 0xdb, 0x15, 0x09, 0xf6, 0xbf, 0x67, 0xbf,
  0xd4, 0x07, 0xf6, 0x15, 0x1d, 0x12, 0x3e, 0x4c, 0x2b, 0x19, 0xeb, 0xe4,
  0xda, 0x22, 0xf3, 0xc9, 0xb9, 0x30, 0x16, 0x01, 0x53, 0xea, 0x03, 0xef,
  0xbd, 0xff, 0x39, 0x34, 0xdd, 0xe4, 0x04, 0xc1, 0xe8, 0x29, 0xce, 0xda,
  0xdc, 0x2b, 0xed, 0x48, 0x21, 0x25, 0xdd, 0x60, 0xdc, 0x04, 0x7f, 0xda,
  0xb0, 0x51, 0x5f, 0xee, 0xd8, 0x25, 0xcc, 0xf2, 0xe0, 0xe3, 0x91, 0x2f,
  0xc4, 0x4a, 0xd7, 0xbe, 0xf8, 0x0a, 0xe0, 0xf8, 0xcb, 0xee, 0xf8, 0xfe,
  0xea, 0xd1, 0x03, 0xef, 0xc0, 0xb4, 0xda, 0x0a, 0xc2, 0x98, 0xed, 0xce,
  0x02, 0x14, 0x18, 0xff, 0x06, 0x7f, 0xa4, 0x09, 0xf1, 0x30, 0x28, 0xf2,
  0xf1, 0x53, 0x2f, 0xae, 0xa5, 0x51, 0x32, 0x53, 0xe8, 0xb1, 0x3a, 0x48,
  0x0c, 0xf6, 0x0d, 0x1f, 0xe5, 0xed, 0x0f, 0x00, 0xaf, 0x26, 0x1f, 0xe0,
  0xfc, 0xeb, 0xf6, 0xc3, 0x25, 0xe6, 0xdb, 0xf9, 0xcf, 0x81, 0x1a, 0xec,
  0xa4, 0xe7, 0xfa, 0xbb, 0xba, 0x01, 0x1c, 0x07, 0x10, 0x19, 0xeb, 0x34,
  0x18, 0xad, 0xe8, 0x1f, 0xe2, 0x3e, 0x15, 0x51, 0xb6, 0xd9, 0xe5, 0xbe,
  0x12, 0x9d, 0xee, 0xf9, 0x0a, 0x03, 0x29, 0x1f, 0xfa, 0xaf, 0x37, 0x2b,
  0xaf, 0x37, 0xc5, 0x12, 0x05, 0x1d, 0xf4, 0xd5, 0x0b, 0x2b, 0x02, 0x08,
  0x69, 0xc1, 0x52, 0x18, 0x14, 0xe3, 0x07, 0x03, 0xb9, 0xc4, 0x0c, 0x81,
  0x5f, 0x0a, 0xe2, 0x6a, 0x2a, 0x29, 0x1d, 0xba, 0x2e, 0x40, 0x14, 0x12,
  0x2a, 0x3d, 0x2a, 0xb4, 0xf4, 0xe2, 0x28, 0x25, 0x2b, 0xd6, 0xbe, 0xe1,
  0x1c, 0xf1, 0x4b, 0x24, 0xae, 0xf8, 0x49, 0x28, 0x91, 0xef, 0x95, 0xe7,
  0x59, 0xe9, 0x46, 0x22, 0xff, 0xa7, 0x0d, 0x6d, 0xdb, 0xf0, 0x6f, 0x0e,
  0x22, 0x02, 0x16, 0xda, 0x51, 0x15, 0xd5, 0xc4, 0x1a, 0x05, 0x00, 0x02,
  0xdd, 0xd3, 0x32, 0xc4, 0xff, 0xd0, 0x38, 0x0c, 0x03, 0x06, 0xea, 0xdc,
  0xbd, 0x0d, 0x11, 0xfa, 0x0d, 0xca, 0xfe, 0xd6, 0xe0, 0x4b, 0xf7, 0x19,
  0xe3, 0x25, 0x4f, 0x08, 0xd5, 0xee, 0x04, 0xc4, 0x3b, 0xf2, 0x42, 0x08,
  0x3e, 0x07, 0x1a, 0x20, 0xca, 0xfa, 0x14, 0x4f, 0xdf, 0xd1, 0xfd, 0xf5,
  0x16, 0x7f, 0xdb, 0x02, 0xa0, 0x08, 0xc6, 0x63, 0x23, 0xee, 0x5a, 0x18,
  0x05, 0x15, 0xe0, 0xe6, 0xda, 0xc4, 0x31, 0x1f, 0x18, 0x07, 0x27, 0x3c,
  0xef, 0x33, 0x39, 0xf5, 0x17, 0xf9, 0x00, 0x0f, 0x45, 0x20, 0x2c, 0xe7,
  0x04, 0x15, 0x25, 0x28, 0x0d, 0xdf, 0xe7, 0xdc, 0x1e, 0x2b, 0x7f, 0xda,
  0x20, 0x2e, 0x01, 0xe8, 0xf4, 0xeb, 0xa6, 0x02, 0x40, 0x7d, 0xbd, 0xf3,
  0x4a, 0xa0, 0xc0, 0x15, 0xe2, 0xdd, 0x36, 0xdb, 0x23, 0x28, 0x00, 0x01,
  0x19, 0x13, 0x17, 0x0e, 0xf4, 0xed, 0xf7, 0x40, 0xc6, 0x63, 0x26, 0x13,
  0xf3, 0xd5, 0xe0, 0x08, 0xc0, 0xf8, 0xdd, 0x17, 0x02, 0x9b, 0xed, 0x01,
  0x2b, 0xde, 0xb2, 0xfb, 0xfd, 0x81, 0x40, 0x30, 0xe8, 0x36, 0xa4, 0x06,
  0x08, 0x26, 0x4c, 0xff, 0xcf, 0xfe, 0xff, 0xa9, 0x1d, 0x0e, 0xc3, 0x32,
  0x30, 0x39, 0xeb, 0x26, 0x33, 0x2b, 0x05, 0x26, 0xf6, 0xeb, 0xcc, 0x0d,
  0x2b, 0x15, 0xf0, 0x3a, 0x26, 0x1c, 0xe7, 0x1e, 0xe3, 0xe8, 0x19, 0xf1,
  0x9c, 0xd3, 0x07, 0x3d, 0x10, 0xef, 0xf6, 0x04, 0xba, 0x00, 0xf1, 0xeb,
  0x12, 0x1c, 0xec, 0x04, 0xe7, 0x34, 0x45, 0xe6, 0xcf, 0xfd, 0xf1, 0x0e,
  0xdc, 0xf4, 0x27, 0x06, 0x3d, 0x29, 0xef, 0xeb, 0x01, 0x13, 0xdc, 0xd9,
  0x14, 0x20, 0xfe, 0x15, 0xf8, 0x81, 0xf7, 0xe7, 0x0d, 0x3c, 0xd1, 0x12,
  0x22, 0xf1, 0x01, 0x21, 0x0a, 0x35, 0xde, 0x01, 0x20, 0x57, 0x08, 0x15,
  0xf0, 0xb9, 0x51, 0x26, 0x18, 0xc4, 0xf3, 0x13, 0xbb, 0xe9, 0x3b, 0xd9,
  0x29, 0x0b, 0x08, 0xea, 0xe2, 0x0d, 0x42, 0xea, 0xbf, 0xf8, 0xeb, 0x07,
  0x01, 0xe8, 0x34, 0x00, 0xd3, 0x56, 0x21, 0x52, 0x11, 0xda, 0x1c, 0x00,
  0xbc, 0xb8, 0x26, 0xcf, 0x56, 0xfb, 0x33, 0x18, 0xf8, 0x19, 0x21, 0x4f,
  0x82, 0x10, 0x05, 0xed, 0x1b, 0x0d, 0xff, 0x4c, 0xb9, 0x02, 0x38, 0x68,
  0x21, 0xf2, 0x1b, 0x1e, 0x81, 0x14, 0x00, 0xb4, 0x76, 0xf3, 0xff, 0xff,
  0x04, 0x00, 0x00, 0x00, 0x00, 0x01, 0x00, 0x00, 0xfd, 0xfb, 0xff, 0xff,
  0xc8, 0xf0, 0xff, 0xff, 0xb9, 0x01, 0x00, 0x00, 0xe7, 0xfd, 0xff, 0xff,
  0x12, 0x03, 0x00, 0x00, 0x63, 0x01, 0x00, 0x00, 0xd2, 0xfb, 0xff, 0xff,
  0x86, 0x00, 0x00, 0x00, 0xef, 0xff, 0xff, 0xff, 0x60, 0x00, 0x00, 0x00,
  0x7b, 0x02, 0x00, 0x00, 0x34, 0xf4, 0xff, 0xff, 0xf2, 0x00, 0x00, 0x00,
  0x7e, 0xfb, 0xff, 0xff, 0x52, 0x03, 0x00, 0x00, 0x35, 0x02, 0x00, 0x00,
  0xe5, 0xfe, 0xff, 0xff, 0x50, 0xf8, 0xff, 0xff, 0x5a, 0xfc, 0xff, 0xff,
  0x98, 0xfb, 0xff, 0xff, 0xf2, 0x01, 0x00, 0x00, 0xa1, 0x05, 0x00, 0x00,
  0x47, 0xfc, 0xff, 0xff, 0xbe, 0x02, 0x00, 0x00, 0xd3, 0x00, 0x00, 0x00,
  0x77, 0xfb, 0xff, 0xff, 0xc6, 0xf8, 0xff, 0xff, 0x97, 0x01, 0x00, 0x00,
  0x73, 0xf9, 0xff, 0xff, 0xa0, 0xfd, 0xff, 0xff, 0x37, 0xf7, 0xff, 0xff,
  0x4f, 0xff, 0xff, 0xff, 0x43, 0xfc, 0xff, 0xff, 0x27, 0xfa, 0xff, 0xff,
  0x70, 0x02, 0x00, 0x00, 0x77, 0x05, 0x00, 0x00, 0xae, 0x01, 0x00, 0x00,
  0x7e, 0xf9, 0xff, 0xff, 0x13, 0xfc, 0xff, 0xff, 0x71, 0xfa, 0xff, 0xff,
  0x67, 0xfe, 0xff, 0xff, 0xc1, 0x06, 0x00, 0x00, 0x7f, 0xfd, 0xff, 0xff,
  0xd3, 0x01, 0x00, 0x00, 0x03, 0xff, 0xff, 0xff, 0x3b, 0x09, 0x00, 0x00,
  0xdd, 0x06, 0x00, 0x00, 0xbd, 0x07, 0x00, 0x00, 0x05, 0x03, 0x00, 0x00,
  0x12, 0x0b, 0x00, 0x00, 0x53, 0xfe, 0xff, 0xff, 0xba, 0x00, 0x00, 0x00,
  0x72, 0x03, 0x00, 0x00, 0x2c, 0x05, 0x00, 0x00, 0x54, 0xfe, 0xff, 0xff,
  0x70, 0x06, 0x00, 0x00, 0x23, 0x05, 0x00, 0x00, 0x18, 0x00, 0x00, 0x00,
  0x1c, 0x00, 0x00, 0x00, 0x01, 0xff, 0xff, 0xff, 0xf4, 0xfa, 0xff, 0xff,
  0xf3, 0x00, 0x00, 0x00, 0xdb, 0xfc, 0xff, 0xff, 0x4f, 0x02, 0x00, 0x00,
  0x82, 0xf4, 0xff, 0xff, 0x04, 0x00, 0x00, 0x00, 0x00, 0x08, 0x00, 0x00,
  0x2d, 0xe5, 0x3a, 0x18, 0x40, 0x2a, 0xd2, 0x0f, 0xe0, 0xae, 0x11, 0x86,
  0x33, 0x02, 0xfc, 0xf1, 0x06, 0x47, 0xc1, 0xa2, 0x15, 0x35, 0xbb, 0x34,
  0x90, 0xa6, 0x06, 0x38, 0xf6, 0x27, 0xb1, 0x41, 0xef, 0x97, 0xef, 0x0d,
  0x29, 0x84, 0x09, 0x1f, 0x0c, 0x25, 0x2f, 0x06, 0xe9, 0x13, 0x3d, 0x15,
  0x32, 0x24, 0xc4, 0x02, 0xca, 0x2b, 0xaf, 0xd4, 0x1e, 0x12, 0xc4, 0x2f,
  0xaa, 0xd2, 0xdb, 0x1e, 0xe5, 0x4d, 0x00, 0x14, 0xf1, 0xcc, 0x67, 0xb9,
  0xd5, 0x12, 0x1c, 0x5a, 0x0f, 0xd1, 0x1e, 0x3b, 0xe3, 0xfd, 0x60, 0x33,
  0x1f, 0xf4, 0x64, 0xd9, 0x00, 0x1e, 0xf7, 0x10, 0x17, 0x59, 0x50, 0xfd,
  0x50, 0x54, 0xd8, 0xf2, 0x27, 0x5e, 0x55, 0x0a, 0x39, 0xf5, 0xde, 0x37,
  0x16, 0xe8, 0xe9, 0xd2, 0xf4, 0xec, 0x49, 0xcf, 0xcb, 0x32, 0x35, 0xe3,
  0xf2, 0x45, 0x25, 0x08, 0xe4, 0x33, 0x34, 0xfa, 0x05, 0xcc, 0x2a, 0x2e,
  0x39, 0x32, 0xd1, 0x38, 0x33, 0xe3, 0x28, 0xcb, 0x13, 0x2e, 0x11, 0x17,
  0xef, 0xfd, 0xdf, 0xd1, 0x19, 0x26, 0xbd, 0x0d, 0x01, 0xc9, 0xe8, 0x16,
  0xd3, 0xd2, 0xd3, 0x38, 0xee, 0xbd, 0x2d, 0x38, 0x26, 0xcc, 0xcc, 0xee,
  0xcc, 0x20, 0x03, 0xf4, 0x3d, 0xed, 0x33, 0x2c, 0x2b, 0xf2, 0xd4, 0x19,
  0x11, 0x12, 0xdd, 0x08, 0xf0, 0x16, 0xfa, 0x24, 0xeb, 0xe3, 0xe9, 0xff,
  0xf0, 0xfa, 0xdc, 0x03, 0xe3, 0xef, 0xba, 0x3c, 0x13, 0x3b, 0xec, 0x24,
  0xdd, 0x20, 0x10, 0xeb, 0x20, 0x1a, 0xda, 0x29, 0x18, 0x00, 0xf6, 0xc8,
  0x3b, 0x2f, 0x2d, 0xc2, 0xf7, 0xe2, 0x03, 0xf6, 0xd8, 0x0b, 0x2a, 0x13,
  0xfd, 0x26, 0xf1, 0x03, 0xe8, 0x13, 0x14, 0xb2, 0x06, 0xf0, 0xba, 0x1a,
  0xc5, 0x11, 0xf1, 0x1b, 0x2e, 0xed, 0x1a, 0x20, 0x11, 0xd6, 0x20, 0xd9,
  0x19, 0x1e, 0xf0, 0xd4, 0x10, 0xf7, 0xe4, 0xe2, 0x18, 0x17, 0xd1, 0x1a,
  0x3e, 0x11, 0xf8, 0x03, 0xd7, 0x02, 0x03, 0xdc, 0x43, 0x0b, 0xe4, 0x0e,
  0x05, 0x0f, 0xe7, 0xe6, 0x0b, 0x05, 0x14, 0xdf, 0x2d, 0xf4, 0x0f, 0xe6,
  0xf2, 0x16, 0x03, 0x10, 0xeb, 0x14, 0xf5, 0x40, 0xfc, 0xf1, 0x21, 0xe9,
  0x17, 0x10, 0xf3, 0x27, 0xe4, 0x1b, 0xe1, 0x0a, 0x2d, 0xe1, 0xe3, 0x36,
  0x29, 0xde, 0x2f, 0xed, 0x32, 0x05, 0x13, 0xef, 0xf2, 0xf6, 0x0f, 0xf4,
  0x0f, 0x05, 0x06, 0x01, 0xfa, 0x05, 0x03, 0xf3, 0xee, 0xee, 0xfb, 0x02,
  0xf2, 0x01, 0x08, 0x08, 0xf6, 0x01, 0xed, 0x0a, 0xef, 0xfe, 0xf8, 0xee,
  0xee, 0xf2, 0xf0, 0x0b, 0xfa, 0xf1, 0xfd, 0xf5, 0xfb, 0x0d, 0xed, 0xed,
  0x02, 0x0a, 0xec, 0x03, 0x0f, 0xfa, 0xf2, 0x06, 0x07, 0xfb, 0xee, 0xfe,
  0xf1, 0xee, 0x09, 0x0a, 0x05, 0xee, 0x0d, 0x0b, 0x0d, 0xfc, 0xfa, 0xed,
  0x3a, 0x0f, 0xcc, 0xef, 0x06, 0x20, 0xd1, 0x10, 0x23, 0x27, 0xce, 0x03,
  0xfa, 0x05, 0x04, 0xd5, 0x54, 0x19, 0xf5, 0x0e, 0xf9, 0x11, 0xea, 0xfa,
  0x06, 0xfd, 0x3f, 0xcc, 0x22, 0xff, 0x0f, 0xdc, 0xf4, 0x25, 0xe8, 0xeb,
  0xd3, 0xf1, 0xde, 0x47, 0x0d, 0xdd, 0x39, 0xda, 0xe2, 0x34, 0xf8, 0x1b,
  0xd5, 0x1b, 0xd8, 0x2d, 0x29, 0xe6, 0xeb, 0x30, 0x34, 0xc7, 0x01, 0xe5,
  0x2a, 0x11, 0x0b, 0xf2, 0x1e, 0x2e, 0xc4, 0xcf, 0xe7, 0xfd, 0x07, 0x04,
  0x14, 0x40, 0xea, 0x43, 0xf9, 0xf5, 0x06, 0xf0, 0x3c, 0x0a, 0x08, 0x34,
  0xe3, 0xdb, 0x1d, 0xe5, 0x2f, 0x37, 0x3c, 0xde, 0x25, 0x06, 0x3d, 0xc2,
  0x15, 0x4f, 0x10, 0x0a, 0xeb, 0x3d, 0x21, 0x1d, 0x18, 0xff, 0x0d, 0xdb,
  0xf2, 0x04, 0xd9, 0xf9, 0xcf, 0x1a, 0x01, 0x16, 0x1c, 0xd7, 0x19, 0x35,
  0x08, 0xe8, 0x29, 0xd3, 0x2f, 0x1b, 0x0d, 0x02, 0xe0, 0x47, 0xe9, 0x16,
  0xfe, 0xd7, 0x38, 0xd6, 0xf8, 0x34, 0xf7, 0x56, 0xe0, 0xd7, 0x22, 0x12,
  0xdb, 0x02, 0x3f, 0x3a, 0x16, 0x02, 0x44, 0xd3, 0x17, 0x24, 0xfe, 0x11,
  0x2e, 0x47, 0x49, 0xe2, 0x47, 0x5e, 0xea, 0xf9, 0x1a, 0x55, 0x51, 0x1e,
  0x2d, 0xf5, 0xf8, 0x41, 0x11, 0xef, 0xe6, 0xd8, 0xdb, 0xfa, 0x48, 0xd2,
  0xc8, 0x23, 0x3c, 0xdf, 0x0a, 0x23, 0x34, 0xe6, 0x1c, 0x3d, 0x40, 0x00,
  0x06, 0xee, 0x01, 0x0d, 0xef, 0xee, 0xed, 0x04, 0x0f, 0x00, 0xf7, 0xfe,
  0xef, 0x02, 0xf0, 0xf2, 0xf1, 0xf9, 0x08, 0x03, 0x0c, 0xec, 0xee, 0x0a,
  0x0d, 0x10, 0xee, 0x06, 0xee, 0xf8, 0xfe, 0x08, 0xf6, 0xef, 0xed, 0xf7,
  0x0d, 0x06, 0x04, 0xf0, 0xed, 0x0f, 0x0b, 0xf5, 0x01, 0x08, 0x0e, 0xee,
  0xf5, 0x02, 0x09, 0x02, 0xfe, 0xfe, 0x11, 0xed, 0x03, 0xf1, 0x01, 0xec,
  0x0b, 0xf7, 0xff, 0xf2, 0x40, 0x19, 0xdf, 0xd1, 0x15, 0x0b, 0xfb, 0x07,
  0xf2, 0x0a, 0xcc, 0x00, 0x19, 0xeb, 0x0a, 0xc3, 0x28, 0x3d, 0xfc, 0x07,
  0xec, 0xf3, 0x17, 0x14, 0xec, 0x16, 0x2b, 0xe9, 0x44, 0x1c, 0x16, 0xcc,
  0x12, 0x2e, 0xd9, 0xde, 0xb2, 0xfb, 0x08, 0x2c, 0x33, 0xc1, 0x28, 0x01,
  0xa8, 0x26, 0xea, 0xef, 0xeb, 0x36, 0x04, 0x18, 0x10, 0xcb, 0x19, 0x25,
  0x22, 0xf5, 0x07, 0xee, 0x2e, 0x15, 0x19, 0x2e, 0xbf, 0xdd, 0x0a, 0x12,
  0xf9, 0xfc, 0xf8, 0x30, 0x28, 0x1d, 0x3b, 0x0c, 0xea, 0xfc, 0x14, 0x42,
  0xe8, 0xf3, 0x10, 0x18, 0x05, 0xda, 0xff, 0xfd, 0x4d, 0xff, 0x02, 0x1b,
  0xbd, 0xce, 0xef, 0x15, 0x01, 0xfe, 0x4c, 0x21, 0x3d, 0x18, 0xe3, 0xc0,
  0xe8, 0x44, 0xd2, 0xf3, 0x29, 0xf2, 0xf9, 0x17, 0x0f, 0xf7, 0x22, 0xf3,
  0x0a, 0x24, 0x0c, 0xe3, 0xe1, 0x1a, 0x0f, 0x14, 0xf3, 0x19, 0xe1, 0xfb,
  0x05, 0x02, 0x1e, 0x16, 0x4c, 0x3b, 0xdb, 0x0a, 0x40, 0xef, 0x13, 0xf8,
  0xc7, 0x06, 0x12, 0xcb, 0x3f, 0x18, 0xde, 0xea, 0x27, 0x4b, 0xd0, 0x12,
  0xe7, 0xc8, 0x15, 0xe9, 0x23, 0x0e, 0xe8, 0x0e, 0x0e, 0xf1, 0x19, 0x43,
  0xfb, 0x01, 0xc9, 0x43, 0xe9, 0x0a, 0x47, 0xfc, 0x16, 0x23, 0x2b, 0x3d,
  0xf7, 0x17, 0xbd, 0xf8, 0x13, 0xf6, 0xd4, 0x19, 0x14, 0xe2, 0x1e, 0xf4,
  0x2d, 0x0c, 0x2d, 0xe7, 0x0a, 0x26, 0x10, 0x31, 0x07, 0x0d, 0x38, 0xd0,
  0xcb, 0x02, 0x06, 0x1b, 0x4c, 0x0e, 0xf2, 0x29, 0xd9, 0x0c, 0x24, 0xf0,
  0x0a, 0x0b, 0x42, 0x2c, 0xcb, 0x0e, 0xe5, 0x3d, 0x12, 0x3b, 0x00, 0x2e,
  0x2f, 0x17, 0xd3, 0xed, 0x08, 0x01, 0x46, 0xe4, 0x2e, 0xf1, 0xf7, 0x3b,
  0xf7, 0xf1, 0x16, 0xc4, 0x2a, 0xe9, 0x48, 0x0a, 0xde, 0x25, 0x26, 0xdb,
  0xe5, 0x3e, 0xf3, 0x1d, 0xdb, 0x0b, 0x00, 0x43, 0xcd, 0xc8, 0x1a, 0x18,
  0x1d, 0x0b, 0xee, 0x28, 0x4f, 0x0a, 0x48, 0x05, 0xc8, 0x05, 0x07, 0x15,
  0xf9, 0xe4, 0x0d, 0xfd, 0x2d, 0x26, 0xd7, 0xf3, 0x13, 0xd6, 0x01, 0xfe,
  0xf8, 0xf2, 0xe7, 0x37, 0x12, 0xdf, 0x38, 0x42, 0x34, 0xfe, 0xce, 0x00,
  0xd3, 0x33, 0xfc, 0xf4, 0x4f, 0x07, 0x2b, 0x3c, 0x02, 0xfa, 0xe2, 0xdf,
  0x01, 0x2b, 0xd3, 0xec, 0x03, 0x07, 0x1f, 0x02, 0x09, 0x0c, 0x18, 0xc6,
  0x01, 0x16, 0x0f, 0x23, 0xed, 0xe6, 0x4f, 0xe6, 0xcd, 0xf7, 0x12, 0x2d,
  0x3a, 0xfd, 0x07, 0x4f, 0xe3, 0xfb, 0x35, 0x15, 0x14, 0xf1, 0x4e, 0x1c,
  0xf6, 0x28, 0xe8, 0x26, 0xfd, 0x16, 0x29, 0x1f, 0x27, 0x10, 0xd8, 0xf3,
  0x11, 0x1d, 0x50, 0xd8, 0x32, 0xec, 0xe0, 0x43, 0x09, 0x05, 0x12, 0xc2,
  0x22, 0xe3, 0x4e, 0x02, 0xe7, 0x30, 0x36, 0xe0, 0xe3, 0x2d, 0xf7, 0x0c,
  0xf0, 0x07, 0xf6, 0x43, 0xf1, 0xf7, 0xfe, 0x03, 0xf7, 0x08, 0xf1, 0x02,
  0xec, 0xee, 0x04, 0x07, 0xf5, 0x05, 0xf9, 0x09, 0x01, 0xfa, 0x01, 0xec,
  0x09, 0x0e, 0x0d, 0xf3, 0xf5, 0xf6, 0x01, 0xf1, 0xf0, 0xf6, 0x0d, 0x04,
  0xed, 0xf4, 0xf0, 0xfb, 0xfe, 0xf2, 0xf4, 0xfb, 0xfe, 0x0b, 0x05, 0xf2,
  0xee, 0x03, 0xfa, 0x08, 0xf2, 0xff, 0xf1, 0xf4, 0xf4, 0xf9, 0xfe, 0x0e,
  0x0f, 0x0c, 0x03, 0xff, 0x0f, 0xf0, 0xed, 0xf3, 0x20, 0x2d, 0xd3, 0xd7,
  0xcd, 0xfd, 0xec, 0x25, 0x15, 0x3e, 0xef, 0x40, 0xf2, 0xef, 0x1a, 0xe1,
  0x23, 0x0f, 0xfb, 0x3c, 0xeb, 0xdb, 0x13, 0xcf, 0x3f, 0x29, 0x35, 0xec,
  0x23, 0x05, 0x40, 0xd1, 0x09, 0x2a, 0x1e, 0x03, 0xf4, 0x31, 0x0e, 0x2b,
  0x11, 0x10, 0xf7, 0xdc, 0xeb, 0x10, 0xe5, 0x16, 0xd1, 0x1a, 0xff, 0x06,
  0x35, 0xd8, 0x17, 0x15, 0x21, 0xd2, 0x16, 0xe0, 0x44, 0x16, 0x1c, 0xf0,
  0x3c, 0xfc, 0xed, 0xe2, 0xda, 0x33, 0x9c, 0x74, 0x16, 0x1b, 0xe2, 0xd8,
  0x0a, 0x61, 0x05, 0xff, 0x26, 0x34, 0x8d, 0x15, 0xe9, 0xf3, 0xc6, 0x0d,
  0x51, 0x31, 0x37, 0x00, 0xcb, 0x9c, 0xf2, 0x03, 0xa7, 0xfd, 0x55, 0x07,
  0xeb, 0xe9, 0xb0, 0xf4, 0xa2, 0x08, 0x22, 0xbd, 0xef, 0x28, 0xe3, 0x16,
  0x06, 0x1f, 0xcc, 0x6f, 0x54, 0xcc, 0x03, 0x31, 0x13, 0xc5, 0xf7, 0x1c,
  0x13, 0xfc, 0x97, 0x06, 0xe9, 0xc9, 0x41, 0x1b, 0x36, 0x26, 0x37, 0xe0,
  0xc7, 0xeb, 0x4a, 0xbb, 0x37, 0x19, 0xbb, 0x23, 0xb1, 0xfd, 0x1f, 0xcc,
  0x3b, 0x29, 0xee, 0x55, 0xd1, 0xd1, 0xc5, 0x1c, 0xe0, 0x06, 0xcf, 0x0e,
  0xf4, 0xd3, 0x14, 0x0c, 0x33, 0xbb, 0x0e, 0xaf, 0x0a, 0x08, 0x06, 0x1a,
  0xfd, 0xd2, 0x1d, 0xeb, 0x4a, 0xd3, 0x16, 0x02, 0xf6, 0x1f, 0xf7, 0xdf,
  0xce, 0x2e, 0xeb, 0x48, 0x90, 0x04, 0xdc, 0x61, 0x12, 0x16, 0xee, 0x10,
  0x33, 0xfe, 0xec, 0xc3, 0xf1, 0x19, 0x12, 0x06, 0xb2, 0xc5, 0xf9, 0xac,
  0x10, 0x13, 0x1f, 0xf3, 0x45, 0x55, 0xd1, 0xc6, 0xe9, 0xe0, 0x15, 0xe6,
  0x56, 0x25, 0x0b, 0xfa, 0x12, 0x13, 0xd3, 0x2b, 0x09, 0x06, 0x06, 0x3f,
  0x18, 0xe4, 0x28, 0x1a, 0x39, 0x07, 0x21, 0xf0, 0xe9, 0x13, 0xc2, 0xb1,
  0xdf, 0x20, 0xe7, 0x19, 0x28, 0xf7, 0x31, 0xd1, 0x0b, 0x2b, 0x35, 0xb6,
  0x10, 0x27, 0xc9, 0xe9, 0xdb, 0xf2, 0xf2, 0x27, 0x1a, 0x3c, 0xd1, 0x30,
  0xe2, 0xf6, 0x2c, 0xe2, 0x3c, 0x12, 0x09, 0x42, 0xd9, 0xd0, 0x19, 0xe8,
  0x4c, 0x29, 0x3b, 0xe8, 0x2b, 0xfa, 0x41, 0xc6, 0xf2, 0x2a, 0x12, 0xfc,
  0xde, 0x46, 0x05, 0x12, 0x0f, 0x17, 0x06, 0xdb, 0xff, 0x11, 0xd4, 0x13,
  0xd2, 0x28, 0xf2, 0x0b, 0x29, 0xe2, 0x11, 0x24, 0x26, 0xde, 0x23, 0xed,
  0x50, 0x0c, 0x1a, 0xed, 0x0b, 0xfd, 0xee, 0x03, 0x0e, 0xff, 0xfa, 0xfe,
  0x09, 0x0e, 0xfa, 0x08, 0x09, 0x0f, 0x0c, 0xef, 0xef, 0xef, 0x0a, 0xf5,
  0x09, 0xfc, 0xf7, 0x0c, 0xfb, 0xf5, 0xfc, 0xf3, 0xed, 0xfb, 0xfe, 0xf4,
  0x0f, 0xfb, 0xfa, 0x0d, 0x01, 0xfa, 0x03, 0xee, 0x11, 0x03, 0x05, 0xf1,
  0x0d, 0xf0, 0xf8, 0xf3, 0xf5, 0x03, 0xec, 0xed, 0x03, 0x05, 0xff, 0xf8,
  0xf9, 0xfc, 0xfb, 0xf3, 0x0c, 0x02, 0xf2, 0xfb, 0xed, 0xf2, 0x08, 0x00,
  0x02, 0xf8, 0xf6, 0xfd, 0xed, 0xe8, 0x07, 0xfc, 0x05, 0x0b, 0x02, 0xf8,
  0xf7, 0xfa, 0xff, 0xfb, 0xec, 0xf0, 0x09, 0xfb, 0xf2, 0x07, 0xf5, 0xf2,
  0x0a, 0xf0, 0xf4, 0x08, 0xf9, 0xf6, 0x0a, 0xfd, 0xe9, 0xee, 0xf5, 0xf9,
  0xed, 0xf3, 0x01, 0xe9, 0xea, 0xff, 0xfe, 0xe9, 0xea, 0x09, 0x0e, 0xf2,
  0x0c, 0x07, 0x0a, 0xf2, 0xf6, 0x05, 0x01, 0xec, 0x05, 0x0c, 0xee, 0xea,
  0x0b, 0xc5, 0xf5, 0xf1, 0xe5, 0x2f, 0xc2, 0x4e, 0x24, 0x24, 0xfb, 0xba,
  0xf9, 0x3a, 0x13, 0xfc, 0x05, 0x02, 0xa1, 0x12, 0xf9, 0xfe, 0xb0, 0x0b,
  0x30, 0x1b, 0xfe, 0xf9, 0xb8, 0x94, 0xe4, 0xff, 0xa7, 0xec, 0x28, 0x08,
  0x05, 0xd3, 0xba, 0xd6, 0x93, 0x19, 0x1f, 0xa2, 0x09, 0x27, 0xf0, 0x3c,
  0x1b, 0x14, 0xd9, 0x4c, 0x5c, 0x05, 0x08, 0x39, 0x0e, 0xf1, 0x0d, 0x09,
  0x09, 0x0a, 0xc0, 0x13, 0x09, 0xfd, 0x04, 0x06, 0xfe, 0xe9, 0x09, 0xef,
  0x02, 0xed, 0x00, 0xf9, 0xeb, 0x03, 0xf6, 0xf4, 0xf5, 0x09, 0x07, 0x00,
  0x02, 0x04, 0x03, 0x0b, 0x06, 0xf3, 0xf8, 0x03, 0x0b, 0xec, 0xf3, 0xf2,
  0x0d, 0x0e, 0xf3, 0xf4, 0xfb, 0xfd, 0xf6, 0xef, 0xf3, 0xf9, 0xfc, 0xfb,
  0xea, 0x0c, 0xf0, 0xf6, 0x0c, 0xfc, 0xed, 0x05, 0xf3, 0x0c, 0xf6, 0xed,
  0xed, 0xfb, 0xf7, 0x0a, 0xfd, 0xf2, 0xfd, 0xed, 0x08, 0x3a, 0xc3, 0xe7,
  0xd1, 0xea, 0x1a, 0x0c, 0x0c, 0x39, 0xdc, 0x66, 0xbd, 0xdd, 0x30, 0x08,
  0x19, 0x19, 0x2a, 0x47, 0x05, 0xe6, 0x2d, 0xb4, 0x3c, 0x25, 0x32, 0xd1,
  0x44, 0x3e, 0x56, 0xd6, 0x38, 0x5f, 0x14, 0xf4, 0xf7, 0x59, 0x09, 0x38,
  0x23, 0xec, 0xef, 0x0c, 0x1c, 0x0f, 0xe1, 0xf8, 0xb7, 0x16, 0x27, 0xe5,
  0x10, 0x01, 0x10, 0x05, 0x1f, 0xf0, 0x4e, 0xd2, 0x43, 0x1d, 0x3d, 0xe9,
  0xfd, 0xf4, 0xee, 0xe0, 0x15, 0x0e, 0xe0, 0x0f, 0x47, 0x24, 0xfa, 0x25,
  0xbf, 0xee, 0x0f, 0xe8, 0x29, 0x02, 0xf4, 0x15, 0xf0, 0xeb, 0xf4, 0xef,
  0x3b, 0xf0, 0x1d, 0xe1, 0x13, 0xf6, 0x26, 0xf9, 0xf6, 0x12, 0x28, 0x24,
  0xfa, 0x16, 0xd6, 0x0d, 0xf6, 0x09, 0x0f, 0xdf, 0x22, 0xfc, 0x08, 0x1c,
  0xe8, 0x06, 0xf3, 0x0b, 0x32, 0xe7, 0x07, 0x2b, 0x00, 0xef, 0x2a, 0xf0,
  0x45, 0x10, 0x18, 0xd5, 0x4a, 0x13, 0xff, 0xc9, 0x13, 0xf6, 0x37, 0xe8,
  0xe7, 0xfa, 0xe2, 0x14, 0x5b, 0xdf, 0x15, 0x10, 0x06, 0x26, 0x1f, 0xe4,
  0x91, 0xd7, 0x1e, 0x49, 0xba, 0x1b, 0x03, 0x3f, 0x2e, 0x2e, 0x2b, 0xcb,
  0x21, 0xf9, 0xc8, 0xab, 0xb7, 0x05, 0x14, 0x0d, 0x4c, 0xb9, 0xcf, 0x39,
  0x81, 0x54, 0x0f, 0xd0, 0x31, 0x3e, 0x24, 0x14, 0x03, 0xec, 0x28, 0x23,
  0x0b, 0x26, 0xea, 0x1c, 0x0b, 0xfd, 0x2e, 0x57, 0xda, 0xd8, 0x1e, 0x33,
  0x30, 0x0f, 0x00, 0x2a, 0x47, 0xf6, 0x3c, 0xeb, 0xe7, 0xfe, 0x01, 0x20,
  0xe5, 0xf2, 0xf2, 0xef, 0x17, 0x25, 0xd0, 0xff, 0x0d, 0xbb, 0xff, 0x0f,
  0xd4, 0xdb, 0xe8, 0x3c, 0xfb, 0xd7, 0x18, 0x49, 0x2b, 0xf8, 0xdc, 0x05,
  0xde, 0x34, 0x06, 0xfd, 0x42, 0xf7, 0x14, 0x28, 0x05, 0x06, 0xdb, 0xdd,
  0xfb, 0x2e, 0xd5, 0xec, 0xf4, 0xfd, 0x21, 0x1c, 0x0b, 0xf5, 0xf7, 0xcb,
  0x11, 0x0e, 0xcc, 0x14, 0xb7, 0xef, 0xf9, 0x1e, 0xed, 0x1b, 0xdf, 0x13,
  0xc1, 0xf9, 0x39, 0x28, 0xd6, 0x1a, 0xeb, 0x14, 0x04, 0xff, 0x08, 0xc1,
  0x1d, 0x2a, 0x13, 0xe8, 0xce, 0xdc, 0x09, 0xdd, 0xeb, 0x29, 0x2b, 0xfd,
  0x28, 0x15, 0xfb, 0xfa, 0xd0, 0x18, 0xdb, 0xcd, 0x22, 0x2c, 0xfd, 0xff,
  0xe2, 0x33, 0x24, 0xf4, 0xf0, 0x0f, 0x09, 0x00, 0x21, 0xfb, 0x1c, 0xf6,
  0x02, 0xfe, 0xe3, 0xd9, 0xf8, 0xfc, 0x05, 0xee, 0xf7, 0xf1, 0xec, 0xef,
  0xf0, 0x0a, 0x07, 0xf0, 0xee, 0x0d, 0x01, 0x05, 0xff, 0xf5, 0xf2, 0x06,
  0xea, 0xed, 0x02, 0xf7, 0x00, 0x06, 0xf2, 0xf2, 0xf1, 0xec, 0xfb, 0x0c,
  0xfb, 0x06, 0xf3, 0xfe, 0xee, 0xfb, 0x00, 0xf4, 0x0d, 0x01, 0x05, 0x0e,
  0x04, 0xfb, 0x05, 0x0e, 0xeb, 0xf9, 0x05, 0xf8, 0xed, 0xf2, 0xf3, 0x04,
  0x08, 0xfa, 0xed, 0xff, 0x01, 0xf5, 0x03, 0xf5, 0x8e, 0xfc, 0xff, 0xff,
  0x04, 0x00, 0x00, 0x00, 0x80, 0x00, 0x00, 0x00, 0x20, 0x11, 0x00, 0x00,
  0x1e, 0x07, 0x00, 0x00, 0xf3, 0x05, 0x00, 0x00, 0xbc, 0x01, 0x00, 0x00,
  0xe5, 0x0c, 0x00, 0x00, 0x6c, 0xfd, 0xff, 0xff, 0xf5, 0xff, 0xff, 0xff,
  0xdb, 0x09, 0x00, 0x00, 0xe9, 0x0b, 0x00, 0x00, 0x8d, 0x03, 0x00, 0x00,
  0xe1, 0x18, 0x00, 0x00, 0xff, 0xfe, 0xff, 0xff, 0x75, 0x0b, 0x00, 0x00,
  0x53, 0x0e, 0x00, 0x00, 0x2e, 0xf1, 0xff, 0xff, 0xb9, 0x04, 0x00, 0x00,
  0x8a, 0xf9, 0xff, 0xff, 0xc9, 0x02, 0x00, 0x00, 0x19, 0x03, 0x00, 0x00,
  0x6b, 0x07, 0x00, 0x00, 0x63, 0x0c, 0x00, 0x00, 0xc9, 0xfc, 0xff, 0xff,
  0xd0, 0xfa, 0xff, 0xff, 0x63, 0xf5, 0xff, 0xff, 0xa5, 0x0c, 0x00, 0x00,
  0xbe, 0xf3, 0xff, 0xff, 0x16, 0xfc, 0xff, 0xff, 0x2e, 0xff, 0xff, 0xff,
  0x09, 0x10, 0x00, 0x00, 0xfc, 0xf1, 0xff, 0xff, 0x1a, 0x01, 0x00, 0x00,
  0x7e, 0xf9, 0xff, 0xff, 0x1a, 0xfd, 0xff, 0xff, 0x04, 0x00, 0x00, 0x00,
  0xa0, 0x00, 0x00, 0x00, 0x10, 0xfb, 0xda, 0xe9, 0x14, 0x0a, 0x3f, 0x19,
  0x12, 0x04, 0x29, 0xc6, 0x0d, 0x02, 0xdd, 0xf7, 0x0a, 0x18, 0xa4, 0xb1,
  0x46, 0x1b, 0xf8, 0xfa, 0x98, 0x06, 0x1b, 0xfd, 0x1f, 0xd7, 0xc0, 0xf9,
  0xb0, 0x15, 0xe1, 0x0d, 0xdc, 0x03, 0xe8, 0x0e, 0x18, 0xf3, 0x02, 0x03,
  0xc2, 0x1f, 0xcf, 0x2d, 0x0b, 0x0a, 0x43, 0x38, 0x95, 0x0a, 0x08, 0x0c,
  0x0c, 0xf8, 0x09, 0xdd, 0x18, 0xca, 0x3d, 0xfc, 0x37, 0xba, 0x1c, 0x08,
  0xf6, 0xf5, 0x00, 0xc3, 0xb8, 0xff, 0x00, 0xfb, 0x13, 0x07, 0x00, 0xfc,
  0x07, 0xb9, 0x44, 0x21, 0xd0, 0xb0, 0xf2, 0xf8, 0x2f, 0xf6, 0xb1, 0xe4,
  0x52, 0x0c, 0x81, 0x0a, 0xfe, 0x24, 0x09, 0xb7, 0xee, 0xfb, 0xbf, 0xeb,
  0x21, 0xfb, 0xc0, 0x13, 0x08, 0x0d, 0x12, 0x16, 0xfe, 0xed, 0x87, 0x15,
  0x29, 0xef, 0xf5, 0xf3, 0xd8, 0x08, 0x0c, 0xf3, 0x9e, 0x17, 0x1b, 0x0d,
  0xb8, 0xc3, 0x05, 0x34, 0x1e, 0x0d, 0x23, 0x16, 0xe6, 0x0d, 0xea, 0x18,
  0x0f, 0xc7, 0x0e, 0xc2, 0x09, 0x23, 0x38, 0xb5, 0xfa, 0x2b, 0xf8, 0x08,
  0x23, 0x05, 0x11, 0x28, 0xb4, 0x0d, 0x22, 0xfe, 0xc6, 0xfd, 0xff, 0xff,
  0x04, 0x00, 0x00, 0x00, 0x14, 0x00, 0x00, 0x00, 0xf0, 0x01, 0x00, 0x00,
  0xc8, 0xfe, 0xff, 0xff, 0x12, 0xff, 0xff, 0xff, 0xd8, 0xfe, 0xff, 0xff,
  0x9d, 0xff, 0xff, 0xff, 0xe6, 0xfd, 0xff, 0xff, 0x04, 0x00, 0x00, 0x00,
  0x04, 0x00, 0x00, 0x00, 0x01, 0x00, 0x00, 0x00, 0xf6, 0xfd, 0xff, 0xff,
  0x04, 0x00, 0x00, 0x00, 0x0c, 0x00, 0x00, 0x00, 0x01, 0x00, 0x00, 0x00,
  0x5a, 0x00, 0x00, 0x00, 0x40, 0x00, 0x00, 0x00, 0x0e, 0xfe, 0xff, 0xff,
  0x04, 0x00, 0x00, 0x00, 0x10, 0x00, 0x00, 0x00, 0x01, 0x00, 0x00, 0x00,
  0x01, 0x00, 0x00, 0x00, 0x5a, 0x00, 0x00, 0x00, 0x40, 0x00, 0x00, 0x00,
  0x2a, 0xfe, 0xff, 0xff, 0x04, 0x00, 0x00, 0x00, 0x10, 0x00, 0x00, 0x00,
  0x01, 0x00, 0x00, 0x00, 0x5a, 0x00, 0x00, 0x00, 0x01, 0x00, 0x00, 0x00,
  0x40, 0x00, 0x00, 0x00, 0x46, 0xfe, 0xff, 0xff, 0x04, 0x00, 0x00, 0x00,
  0x10, 0x00, 0x00, 0x00, 0x01, 0x00, 0x00, 0x00, 0x01, 0x00, 0x00, 0x00,
  0xb4, 0x00, 0x00, 0x00, 0x20, 0x00, 0x00, 0x00, 0x62, 0xfe, 0xff, 0xff,
  0x04, 0x00, 0x00, 0x00, 0x10, 0x00, 0x00, 0x00, 0x01, 0x00, 0x00, 0x00,
  0xb4, 0x00, 0x00, 0x00, 0x01, 0x00, 0x00, 0x00, 0x20, 0x00, 0x00, 0x00,
  0x7e, 0xfe, 0xff, 0xff, 0x04, 0x00, 0x00, 0x00, 0x10, 0x00, 0x00, 0x00,
  0x01, 0x00, 0x00, 0x00, 0x01, 0x00, 0x00, 0x00, 0x68, 0x01, 0x00, 0x00,
  0x01, 0x00, 0x00, 0x00, 0x9a, 0xfe, 0xff, 0xff, 0x04, 0x00, 0x00, 0x00,
  0x10, 0x00, 0x00, 0x00, 0x01, 0x00, 0x00, 0x00, 0x01, 0x00, 0x00, 0x00,
  0x01, 0x00, 0x00, 0x00, 0x01, 0x00, 0x00, 0x00, 0xb6, 0xfe, 0xff, 0xff,
  0x04, 0x00, 0x00, 0x00, 0x10, 0x00, 0x00, 0x00, 0x00, 0x00, 0x00, 0x00,
  0x00, 0x00, 0x00, 0x00, 0x01, 0x00, 0x00, 0x00, 0x00, 0x00, 0x00, 0x00,
  0xd2, 0xfe, 0xff, 0xff, 0x04, 0x00, 0x00, 0x00, 0x10, 0x00, 0x00, 0x00,
  0x00, 0x00, 0x00, 0x00, 0x00, 0x00, 0x00, 0x00, 0x00, 0x00, 0x00, 0x00,
  0x00, 0x00, 0x00, 0x00, 0xee, 0xfe, 0xff, 0xff, 0x04, 0x00, 0x00, 0x00,
  0x10, 0x00, 0x00, 0x00, 0x01, 0x00, 0x00, 0x00, 0x68, 0x01, 0x00, 0x00,
  0x01, 0x00, 0x00, 0x00, 0x01, 0x00, 0x00, 0x00, 0x90, 0xce, 0xff, 0xff,
  0x94, 0xce, 0xff, 0xff, 0x0f, 0x00, 0x00, 0x00, 0x4d, 0x4c, 0x49, 0x52,
  0x20, 0x43, 0x6f, 0x6e, 0x76, 0x65, 0x72, 0x74, 0x65, 0x64, 0x2e, 0x00,
  0x01, 0x00, 0x00, 0x00, 0x14, 0x00, 0x00, 0x00, 0x00, 0x00, 0x0e, 0x00,
  0x18, 0x00, 0x14, 0x00, 0x10, 0x00, 0x0c, 0x00, 0x08, 0x00, 0x04, 0x00,
  0x0e, 0x00, 0x00, 0x00, 0x14, 0x00, 0x00, 0x00, 0x1c, 0x00, 0x00, 0x00,
  0xcc, 0x05, 0x00, 0x00, 0xd0, 0x05, 0x00, 0x00, 0xd4, 0x05, 0x00, 0x00,
  0x04, 0x00, 0x00, 0x00, 0x6d, 0x61, 0x69, 0x6e, 0x00, 0x00, 0x00, 0x00,
  0x18, 0x00, 0x00, 0x00, 0x94, 0x05, 0x00, 0x00, 0x60, 0x05, 0x00, 0x00,
  0x04, 0x05, 0x00, 0x00, 0x9c, 0x04, 0x00, 0x00, 0x64, 0x04, 0x00, 0x00,
  0x14, 0x04, 0x00, 0x00, 0xc0, 0x03, 0x00, 0x00, 0x98, 0x03, 0x00, 0x00,
  0x54, 0x03, 0x00, 0x00, 0x0c, 0x03, 0x00, 0x00, 0xe4, 0x02, 0x00, 0x00,
  0xa0, 0x02, 0x00, 0x00, 0x5c, 0x02, 0x00, 0x00, 0x34, 0x02, 0x00, 0x00,
  0xf0, 0x01, 0x00, 0x00, 0xa8, 0x01, 0x00, 0x00, 0x80, 0x01, 0x00, 0x00,
  0x3c, 0x01, 0x00, 0x00, 0x14, 0x01, 0x00, 0x00, 0xe0, 0x00, 0x00, 0x00,
  0x9c, 0x00, 0x00, 0x00, 0x64, 0x00, 0x00, 0x00, 0x28, 0x00, 0x00, 0x00,
  0x04, 0x00, 0x00, 0x00, 0x06, 0xfb, 0xff, 0xff, 0x0c, 0x00, 0x00, 0x00,
  0x10, 0x00, 0x00, 0x00, 0x09, 0x00, 0x00, 0x00, 0x01, 0x00, 0x00, 0x00,
  0x33, 0x00, 0x00, 0x00, 0x01, 0x00, 0x00, 0x00, 0x32, 0x00, 0x00, 0x00,
  0xe6, 0xfb, 0xff, 0xff, 0x1c, 0x00, 0x00, 0x00, 0x00, 0x00, 0x00, 0x09,
  0x1c, 0x00, 0x00, 0x00, 0x20, 0x00, 0x00, 0x00, 0x08, 0x00, 0x00, 0x00,
  0x00, 0x00, 0x06, 0x00, 0x08, 0x00, 0x04, 0x00, 0x06, 0x00, 0x00, 0x00,
  0x00, 0x00, 0x80, 0x3f, 0x01, 0x00, 0x00, 0x00, 0x32, 0x00, 0x00, 0x00,
  0x01, 0x00, 0x00, 0x00, 0x31, 0x00, 0x00, 0x00, 0xba, 0xfb, 0xff, 0xff,
  0x14, 0x00, 0x00, 0x00, 0x00, 0x00, 0x00, 0x08, 0x10, 0x00, 0x00, 0x00,
  0x14, 0x00, 0x00, 0x00, 0x07, 0x00, 0x00, 0x00, 0xbc, 0xcf, 0xff, 0xff,
  0x01, 0x00, 0x00, 0x00, 0x31, 0x00, 0x00, 0x00, 0x03, 0x00, 0x00, 0x00,
  0x30, 0x00, 0x00, 0x00, 0x0d, 0x00, 0x00, 0x00, 0x0c, 0x00, 0x00, 0x00,
  0x52, 0xfc, 0xff, 0xff, 0x1c, 0x00, 0x00, 0x00, 0x00, 0x00, 0x00, 0x08,
  0x1c, 0x00, 0x00, 0x00, 0x20, 0x00, 0x00, 0x00, 0x07, 0x00, 0x00, 0x00,
  0x00, 0x00, 0x06, 0x00, 0x08, 0x00, 0x07, 0x00, 0x06, 0x00, 0x00, 0x00,
  0x00, 0x00, 0x00, 0x01, 0x01, 0x00, 0x00, 0x00, 0x30, 0x00, 0x00, 0x00,
  0x03, 0x00, 0x00, 0x00, 0x2f, 0x00, 0x00, 0x00, 0x0f, 0x00, 0x00, 0x00,
  0x0e, 0x00, 0x00, 0x00, 0x2e, 0xfc, 0xff, 0xff, 0x14, 0x00, 0x00, 0x00,
  0x00, 0x00, 0x00, 0x1b, 0x10, 0x00, 0x00, 0x00, 0x14, 0x00, 0x00, 0x00,
  0x06, 0x00, 0x00, 0x00, 0x30, 0xd0, 0xff, 0xff, 0x01, 0x00, 0x00, 0x00,
  0x2f, 0x00, 0x00, 0x00, 0x02, 0x00, 0x00, 0x00, 0x2e, 0x00, 0x00, 0x00,
  0x0b, 0x00, 0x00, 0x00, 0x02, 0xfc, 0xff, 0xff, 0x0c, 0x00, 0x00, 0x00,
  0x10, 0x00, 0x00, 0x00, 0x01, 0x00, 0x00, 0x00, 0x01, 0x00, 0x00, 0x00,
  0x2e, 0x00, 0x00, 0x00, 0x02, 0x00, 0x00, 0x00, 0x2d, 0x00, 0x00, 0x00,
  0x0a, 0x00, 0x00, 0x00, 0x82, 0xfc, 0xff, 0xff, 0x14, 0x00, 0x00, 0x00,
  0x00, 0x00, 0x00, 0x01, 0x1c, 0x00, 0x00, 0x00, 0x20, 0x00, 0x00, 0x00,
  0x04, 0x00, 0x00, 0x00, 0x58, 0xfd, 0xff, 0xff, 0x00, 0x00, 0x00, 0x01,
  0x01, 0x00, 0x00, 0x00, 0x01, 0x00, 0x00, 0x00, 0x01, 0x00, 0x00, 0x00,
  0x2d, 0x00, 0x00, 0x00, 0x03, 0x00, 0x00, 0x00, 0x2c, 0x00, 0x00, 0x00,
  0x11, 0x00, 0x00, 0x00, 0x10, 0x00, 0x00, 0x00, 0x66, 0xfc, 0xff, 0xff,
  0x0c, 0x00, 0x00, 0x00, 0x10, 0x00, 0x00, 0x00, 0x01, 0x00, 0x00, 0x00,
  0x01, 0x00, 0x00, 0x00, 0x2c, 0x00, 0x00, 0x00, 0x02, 0x00, 0x00, 0x00,
  0x2b, 0x00, 0x00, 0x00, 0x09, 0x00, 0x00, 0x00, 0xe6, 0xfc, 0xff, 0xff,
  0x14, 0x00, 0x00, 0x00, 0x00, 0x00, 0x00, 0x20, 0x1c, 0x00, 0x00, 0x00,
  0x20, 0x00, 0x00, 0x00, 0x03, 0x00, 0x00, 0x00, 0x3a, 0xfd, 0xff, 0xff,
  0x04, 0x00, 0x00, 0x00, 0x0b, 0x00, 0x00, 0x00, 0x0b, 0x00, 0x00, 0x00,
  0x01, 0x00, 0x00, 0x00, 0x2b, 0x00, 0x00, 0x00, 0x04, 0x00, 0x00, 0x00,
  0x2a, 0x00, 0x00, 0x00, 0x02, 0x00, 0x00, 0x00, 0x03, 0x00, 0x00, 0x00,
  0x04, 0x00, 0x00, 0x00, 0x2a, 0xfd, 0xff, 0xff, 0x14, 0x00, 0x00, 0x00,
  0x00, 0x00, 0x00, 0x02, 0x1c, 0x00, 0x00, 0x00, 0x20, 0x00, 0x00, 0x00,
  0x02, 0x00, 0x00, 0x00, 0x1c, 0xfd, 0xff, 0xff, 0x01, 0x00, 0x00, 0x00,
  0x01, 0x00, 0x00, 0x00, 0x01, 0x00, 0x00, 0x00, 0x01, 0x00, 0x00, 0x00,
  0x2a, 0x00, 0x00, 0x00, 0x03, 0x00, 0x00, 0x00, 0x29, 0x00, 0x00, 0x00,
  0x13, 0x00, 0x00, 0x00, 0x12, 0x00, 0x00, 0x00, 0x0e, 0xfd, 0xff, 0xff,
  0x0c, 0x00, 0x00, 0x00, 0x10, 0x00, 0x00, 0x00, 0x01, 0x00, 0x00, 0x00,
  0x01, 0x00, 0x00, 0x00, 0x29, 0x00, 0x00, 0x00, 0x02, 0x00, 0x00, 0x00,
  0x28, 0x00, 0x00, 0x00, 0x08, 0x00, 0x00, 0x00, 0x8e, 0xfd, 0xff, 0xff,
  0x14, 0x00, 0x00, 0x00, 0x00, 0x00, 0x00, 0x05, 0x24, 0x00, 0x00, 0x00,
  0x28, 0x00, 0x00, 0x00, 0x05, 0x00, 0x00, 0x00, 0xb2, 0xfe, 0xff, 0xff,
  0x01, 0x00, 0x00, 0x00, 0x02, 0x00, 0x00, 0x00, 0x01, 0x00, 0x00, 0x00,
  0x02, 0x00, 0x00, 0x00, 0x00, 0x00, 0x00, 0x01, 0x01, 0x00, 0x00, 0x00,
  0x28, 0x00, 0x00, 0x00, 0x01, 0x00, 0x00, 0x00, 0x27, 0x00, 0x00, 0x00,
  0xce, 0xfd, 0xff, 0xff, 0x14, 0x00, 0x00, 0x00, 0x00, 0x00, 0x00, 0x01,
  0x1c, 0x00, 0x00, 0x00, 0x20, 0x00, 0x00, 0x00, 0x04, 0x00, 0x00, 0x00,
  0xa4, 0xfe, 0xff, 0xff, 0x00, 0x00, 0x00, 0x01, 0x01, 0x00, 0x00, 0x00,
  0x01, 0x00, 0x00, 0x00, 0x01, 0x00, 0x00, 0x00, 0x27, 0x00, 0x00, 0x00,
  0x03, 0x00, 0x00, 0x00, 0x26, 0x00, 0x00, 0x00, 0x15, 0x00, 0x00, 0x00,
  0x14, 0x00, 0x00, 0x00, 0xb2, 0xfd, 0xff, 0xff, 0x0c, 0x00, 0x00, 0x00,
  0x10, 0x00, 0x00, 0x00, 0x01, 0x00, 0x00, 0x00, 0x01, 0x00, 0x00, 0x00,
  0x26, 0x00, 0x00, 0x00, 0x02, 0x00, 0x00, 0x00, 0x25, 0x00, 0x00, 0x00,
  0x07, 0x00, 0x00, 0x00, 0x32, 0xfe, 0xff, 0xff, 0x14, 0x00, 0x00, 0x00,
  0x00, 0x00, 0x00, 0x20, 0x1c, 0x00, 0x00, 0x00, 0x20, 0x00, 0x00, 0x00,
  0x03, 0x00, 0x00, 0x00, 0x86, 0xfe, 0xff, 0xff, 0x04, 0x00, 0x00, 0x00,
  0x0b, 0x00, 0x00, 0x00, 0x0b, 0x00, 0x00, 0x00, 0x01, 0x00, 0x00, 0x00,
  0x25, 0x00, 0x00, 0x00, 0x04, 0x00, 0x00, 0x00, 0x24, 0x00, 0x00, 0x00,
  0x02, 0x00, 0x00, 0x00, 0x03, 0x00, 0x00, 0x00, 0x04, 0x00, 0x00, 0x00,
  0x76, 0xfe, 0xff, 0xff, 0x14, 0x00, 0x00, 0x00, 0x00, 0x00, 0x00, 0x02,
  0x1c, 0x00, 0x00, 0x00, 0x20, 0x00, 0x00, 0x00, 0x02, 0x00, 0x00, 0x00,
  0x68, 0xfe, 0xff, 0xff, 0x01, 0x00, 0x00, 0x00, 0x01, 0x00, 0x00, 0x00,
  0x01, 0x00, 0x00, 0x00, 0x01, 0x00, 0x00, 0x00, 0x24, 0x00, 0x00, 0x00,
  0x03, 0x00, 0x00, 0x00, 0x23, 0x00, 0x00, 0x00, 0x17, 0x00, 0x00, 0x00,
  0x16, 0x00, 0x00, 0x00, 0x5a, 0xfe, 0xff, 0xff, 0x0c, 0x00, 0x00, 0x00,
  0x10, 0x00, 0x00, 0x00, 0x01, 0x00, 0x00, 0x00, 0x01, 0x00, 0x00, 0x00,
  0x23, 0x00, 0x00, 0x00, 0x02, 0x00, 0x00, 0x00, 0x22, 0x00, 0x00, 0x00,
  0x06, 0x00, 0x00, 0x00, 0x3e, 0xff, 0xff, 0xff, 0x24, 0x00, 0x00, 0x00,
  0x00, 0x00, 0x00, 0x05, 0x34, 0x00, 0x00, 0x00, 0x38, 0x00, 0x00, 0x00,
  0x05, 0x00, 0x00, 0x00, 0x00, 0x00, 0x0e, 0x00, 0x18, 0x00, 0x17, 0x00,
  0x10, 0x00, 0x0c, 0x00, 0x08, 0x00, 0x04, 0x00, 0x0e, 0x00, 0x00, 0x00,
  0x01, 0x00, 0x00, 0x00, 0x02, 0x00, 0x00, 0x00, 0x01, 0x00, 0x00, 0x00,
  0x02, 0x00, 0x00, 0x00, 0x00, 0x00, 0x00, 0x01, 0x01, 0x00, 0x00, 0x00,
  0x22, 0x00, 0x00, 0x00, 0x01, 0x00, 0x00, 0x00, 0x21, 0x00, 0x00, 0x00,
  0x2a, 0xff, 0xff, 0xff, 0x20, 0x00, 0x00, 0x00, 0x00, 0x00, 0x00, 0x01,
  0x28, 0x00, 0x00, 0x00, 0x2c, 0x00, 0x00, 0x00, 0x04, 0x00, 0x00, 0x00,
  0x0c, 0x00, 0x10, 0x00, 0x00, 0x00, 0x0c, 0x00, 0x08, 0x00, 0x07, 0x00,
  0x0c, 0x00, 0x00, 0x00, 0x00, 0x00, 0x00, 0x01, 0x01, 0x00, 0x00, 0x00,
  0x01, 0x00, 0x00, 0x00, 0x01, 0x00, 0x00, 0x00, 0x21, 0x00, 0x00, 0x00,
  0x03, 0x00, 0x00, 0x00, 0x20, 0x00, 0x00, 0x00, 0x19, 0x00, 0x00, 0x00,
  0x18, 0x00, 0x00, 0x00, 0x1a, 0xff, 0xff, 0xff, 0x0c, 0x00, 0x00, 0x00,
  0x10, 0x00, 0x00, 0x00, 0x01, 0x00, 0x00, 0x00, 0x01, 0x00, 0x00, 0x00,
  0x20, 0x00, 0x00, 0x00, 0x02, 0x00, 0x00, 0x00, 0x1f, 0x00, 0x00, 0x00,
  0x05, 0x00, 0x00, 0x00, 0x00, 0x00, 0x0e, 0x00, 0x1a, 0x00, 0x14, 0x00,
  0x10, 0x00, 0x0c, 0x00, 0x0b, 0x00, 0x04, 0x00, 0x0e, 0x00, 0x00, 0x00,
  0x24, 0x00, 0x00, 0x00, 0x00, 0x00, 0x00, 0x20, 0x2c, 0x00, 0x00, 0x00,
  0x30, 0x00, 0x00, 0x00, 0x03, 0x00, 0x00, 0x00, 0x00, 0x00, 0x0e, 0x00,
  0x10, 0x00, 0x0c, 0x00, 0x08, 0x00, 0x00, 0x00, 0x00, 0x00, 0x04, 0x00,
  0x0e, 0x00, 0x00, 0x00, 0x04, 0x00, 0x00, 0x00, 0x0b, 0x00, 0x00, 0x00,
  0x0b, 0x00, 0x00, 0x00, 0x01, 0x00, 0x00, 0x00, 0x1f, 0x00, 0x00, 0x00,
  0x04, 0x00, 0x00, 0x00, 0x1e, 0x00, 0x00, 0x00, 0x02, 0x00, 0x00, 0x00,
  0x03, 0x00, 0x00, 0x00, 0x04, 0x00, 0x00, 0x00, 0x00, 0x00, 0x0e, 0x00,
  0x18, 0x00, 0x14, 0x00, 0x10, 0x00, 0x0c, 0x00, 0x0b, 0x00, 0x04, 0x00,
  0x0e, 0x00, 0x00, 0x00, 0x20, 0x00, 0x00, 0x00, 0x00, 0x00, 0x00, 0x02,
  0x28, 0x00, 0x00, 0x00, 0x2c, 0x00, 0x00, 0x00, 0x02, 0x00, 0x00, 0x00,
  0x0c, 0x00, 0x10, 0x00, 0x00, 0x00, 0x0c, 0x00, 0x08, 0x00, 0x04, 0x00,
  0x0c, 0x00, 0x00, 0x00, 0x01, 0x00, 0x00, 0x00, 0x01, 0x00, 0x00, 0x00,
  0x01, 0x00, 0x00, 0x00, 0x01, 0x00, 0x00, 0x00, 0x1e, 0x00, 0x00, 0x00,
  0x03, 0x00, 0x00, 0x00, 0x1d, 0x00, 0x00, 0x00, 0x1b, 0x00, 0x00, 0x00,
  0x1a, 0x00, 0x00, 0x00, 0x00, 0x00, 0x0a, 0x00, 0x10, 0x00, 0x0c, 0x00,
  0x08, 0x00, 0x04, 0x00, 0x0a, 0x00, 0x00, 0x00, 0x0c, 0x00, 0x00, 0x00,
  0x10, 0x00, 0x00, 0x00, 0x01, 0x00, 0x00, 0x00, 0x01, 0x00, 0x00, 0x00,
  0x1d, 0x00, 0x00, 0x00, 0x02, 0x00, 0x00, 0x00, 0x1c, 0x00, 0x00, 0x00,
  0x01, 0x00, 0x00, 0x00, 0x00, 0x00, 0x0a, 0x00, 0x0c, 0x00, 0x00, 0x00,
  0x08, 0x00, 0x04, 0x00, 0x0a, 0x00, 0x00, 0x00, 0x08, 0x00, 0x00, 0x00,
  0x0c, 0x00, 0x00, 0x00, 0x01, 0x00, 0x00, 0x00, 0x1c, 0x00, 0x00, 0x00,
  0x01, 0x00, 0x00, 0x00, 0x00, 0x00, 0x00, 0x00, 0x01, 0x00, 0x00, 0x00,
  0x33, 0x00, 0x00, 0x00, 0x01, 0x00, 0x00, 0x00, 0x00, 0x00, 0x00, 0x00,
  0x34, 0x00, 0x00, 0x00, 0x38, 0x2b, 0x00, 0x00, 0xe0, 0x2a, 0x00, 0x00,
  0x88, 0x2a, 0x00, 0x00, 0x48, 0x2a, 0x00, 0x00, 0x08, 0x2a, 0x00, 0x00,
  0xc8, 0x29, 0x00, 0x00, 0x88, 0x29, 0x00, 0x00, 0x48, 0x29, 0x00, 0x00,
  0x08, 0x29, 0x00, 0x00, 0xc8, 0x28, 0x00, 0x00, 0x88, 0x28, 0x00, 0x00,
  0x48, 0x28, 0x00, 0x00, 0xdc, 0x27, 0x00, 0x00, 0x74, 0x27, 0x00, 0x00,
  0x10, 0x27, 0x00, 0x00, 0xac, 0x26, 0x00, 0x00, 0x58, 0x23, 0x00, 0x00,
  0xf4, 0x1f, 0x00, 0x00, 0xa0, 0x1c, 0x00, 0x00, 0x24, 0x19, 0x00, 0x00,
  0xb8, 0x15, 0x00, 0x00, 0x54, 0x12, 0x00, 0x00, 0x80, 0x10, 0x00, 0x00,
  0x98, 0x0e, 0x00, 0x00, 0xc0, 0x0c, 0x00, 0x00, 0xdc, 0x0a, 0x00, 0x00,
  0x78, 0x0a, 0x00, 0x00, 0x08, 0x0a, 0x00, 0x00, 0xa0, 0x09, 0x00, 0x00,
  0x3c, 0x09, 0x00, 0x00, 0xd8, 0x08, 0x00, 0x00, 0x74, 0x08, 0x00, 0x00,
  0x08, 0x08, 0x00, 0x00, 0x7c, 0x07, 0x00, 0x00, 0x18, 0x07, 0x00, 0x00,
  0xac, 0x06, 0x00, 0x00, 0x48, 0x06, 0x00, 0x00, 0xe4, 0x05, 0x00, 0x00,
  0x78, 0x05, 0x00, 0x00, 0xe4, 0x04, 0x00, 0x00, 0x80, 0x04, 0x00, 0x00,
  0x14, 0x04, 0x00, 0x00, 0xb0, 0x03, 0x00, 0x00, 0x4c, 0x03, 0x00, 0x00,
  0xe0, 0x02, 0x00, 0x00, 0x4c, 0x02, 0x00, 0x00, 0xc0, 0x01, 0x00, 0x00,
  0x64, 0x01, 0x00, 0x00, 0x00, 0x01, 0x00, 0x00, 0x9c, 0x00, 0x00, 0x00,
  0x40, 0x00, 0x00, 0x00, 0x04, 0x00, 0x00, 0x00, 0xae, 0xd5, 0xff, 0xff,
  0x00, 0x00, 0x00, 0x01, 0x10, 0x00, 0x00, 0x00, 0x10, 0x00, 0x00, 0x00,
  0x34, 0x00, 0x00, 0x00, 0x18, 0x00, 0x00, 0x00, 0x98, 0xd5, 0xff, 0xff,
  0x08, 0x00, 0x00, 0x00, 0x49, 0x64, 0x65, 0x6e, 0x74, 0x69, 0x74, 0x79,
  0x00, 0x00, 0x00, 0x00, 0x02, 0x00, 0x00, 0x00, 0x01, 0x00, 0x00, 0x00,
  0x05, 0x00, 0x00, 0x00, 0x3a, 0xd6, 0xff, 0xff, 0x00, 0x00, 0x00, 0x01,
  0x14, 0x00, 0x00, 0x00, 0x30, 0x00, 0x00, 0x00, 0x33, 0x00, 0x00, 0x00,
  0x00, 0x00, 0x00, 0x09, 0x34, 0x00, 0x00, 0x00, 0xfc, 0xd8, 0xff, 0xff,
  0x08, 0x00, 0x00, 0x00, 0x10, 0x00, 0x00, 0x00, 0x01, 0x00, 0x00, 0x00,
  0x80, 0xff, 0xff, 0xff, 0xff, 0xff, 0xff, 0xff, 0x01, 0x00, 0x00, 0x00,
  0x00, 0x00, 0x80, 0x3b, 0x09, 0x00, 0x00, 0x00, 0x49, 0x64, 0x65, 0x6e,
  0x74, 0x69, 0x74, 0x79, 0x31, 0x00, 0x00, 0x00, 0x02, 0x00, 0x00, 0x00,
  0x01, 0x00, 0x00, 0x00, 0x05, 0x00, 0x00, 0x00, 0x92, 0xd6, 0xff, 0xff,
  0x00, 0x00, 0x00, 0x01, 0x14, 0x00, 0x00, 0x00, 0x34, 0x00, 0x00, 0x00,
  0x32, 0x00, 0x00, 0x00, 0x00, 0x00, 0x00, 0x09, 0x3c, 0x00, 0x00, 0x00,
  0x54, 0xd9, 0xff, 0xff, 0x08, 0x00, 0x00, 0x00, 0x14, 0x00, 0x00, 0x00,
  0x01, 0x00, 0x00, 0x00, 0x1d, 0x00, 0x00, 0x00, 0x00, 0x00, 0x00, 0x00,
  0x00, 0x00, 0x00, 0x00, 0x01, 0x00, 0x00, 0x00, 0x33, 0x80, 0x12, 0x3e,
  0x0e, 0x00, 0x00, 0x00, 0x4d, 0x61, 0x74, 0x4d, 0x75, 0x6c, 0x5f, 0x31,
  0x3b, 0x61, 0x64, 0x64, 0x5f, 0x31, 0x00, 0x00, 0x02, 0x00, 0x00, 0x00,
  0x01, 0x00, 0x00, 0x00, 0x05, 0x00, 0x00, 0x00, 0xf2, 0xd6, 0xff, 0xff,
  0x00, 0x00, 0x00, 0x01, 0x14, 0x00, 0x00, 0x00, 0x30, 0x00, 0x00, 0x00,
  0x31, 0x00, 0x00, 0x00, 0x00, 0x00, 0x00, 0x09, 0x3c, 0x00, 0x00, 0x00,
  0xb4, 0xd9, 0xff, 0xff, 0x08, 0x00, 0x00, 0x00, 0x10, 0x00, 0x00, 0x00,
  0x01, 0x00, 0x00, 0x00, 0x80, 0xff, 0xff, 0xff, 0xff, 0xff, 0xff, 0xff,
  0x01, 0x00, 0x00, 0x00, 0xd7, 0x1d, 0x0b, 0x3d, 0x11, 0x00, 0x00, 0x00,
  0x4d, 0x61, 0x74, 0x4d, 0x75, 0x6c, 0x3b, 0x52, 0x65, 0x6c, 0x75, 0x5f,
  0x33, 0x3b, 0x61, 0x64, 0x64, 0x00, 0x00, 0x00, 0x02, 0x00, 0x00, 0x00,
  0x01, 0x00, 0x00, 0x00, 0x20, 0x00, 0x00, 0x00, 0x52, 0xd7, 0xff, 0xff,
  0x00, 0x00, 0x00, 0x01, 0x14, 0x00, 0x00, 0x00, 0x34, 0x00, 0x00, 0x00,
  0x30, 0x00, 0x00, 0x00, 0x00, 0x00, 0x00, 0x09, 0x34, 0x00, 0x00, 0x00,
  0x14, 0xda, 0xff, 0xff, 0x08, 0x00, 0x00, 0x00, 0x14, 0x00, 0x00, 0x00,
  0x01, 0x00, 0x00, 0x00, 0x80, 0xff, 0xff, 0xff, 0xff, 0xff, 0xff, 0xff,
  0x00, 0x00, 0x00, 0x00, 0x01, 0x00, 0x00, 0x00, 0x6b, 0xcd, 0xd8, 0x3b,
  0x04, 0x00, 0x00, 0x00, 0x4d, 0x65, 0x61, 0x6e, 0x00, 0x00, 0x00, 0x00,
  0x02, 0x00, 0x00, 0x00, 0x01, 0x00, 0x00, 0x00, 0x40, 0x00, 0x00, 0x00,
  0xaa, 0xd7, 0xff, 0xff, 0x00, 0x00, 0x00, 0x01, 0x14, 0x00, 0x00, 0x00,
  0x34, 0x00, 0x00, 0x00, 0x2f, 0x00, 0x00, 0x00, 0x00, 0x00, 0x00, 0x09,
  0x60, 0x00, 0x00, 0x00, 0x6c, 0xda, 0xff, 0xff, 0x08, 0x00, 0x00, 0x00,
  0x14, 0x00, 0x00, 0x00, 0x01, 0x00, 0x00, 0x00, 0x80, 0xff, 0xff, 0xff,
  0xff, 0xff, 0xff, 0xff, 0x00, 0x00, 0x00, 0x00, 0x01, 0x00, 0x00, 0x00,
  0x6c, 0x56, 0xcf, 0x3d, 0x30, 0x00, 0x00, 0x00, 0x52, 0x65, 0x6c, 0x75,
  0x5f, 0x32, 0x3b, 0x42, 0x69, 0x61, 0x73, 0x41, 0x64, 0x64, 0x5f, 0x32,
  0x3b, 0x63, 0x6f, 0x6e, 0x76, 0x31, 0x64, 0x5f, 0x32, 0x2f, 0x53, 0x71,
  0x75, 0x65, 0x65, 0x7a, 0x65, 0x3b, 0x42, 0x69, 0x61, 0x73, 0x41, 0x64,
  0x64, 0x5f, 0x32, 0x2f, 0x62, 0x69, 0x61, 0x73, 0x00, 0x00, 0x00, 0x00,
  0x03, 0x00, 0x00, 0x00, 0x01, 0x00, 0x00, 0x00, 0x5a, 0x00, 0x00, 0x00,
  0x40, 0x00, 0x00, 0x00, 0x32, 0xd8, 0xff, 0xff, 0x00, 0x00, 0x00, 0x01,
  0x14, 0x00, 0x00, 0x00, 0x30, 0x00, 0x00, 0x00, 0x2e, 0x00, 0x00, 0x00,
  0x00, 0x00, 0x00, 0x09, 0x64, 0x00, 0x00, 0x00, 0xf4, 0xda, 0xff, 0xff,
  0x08, 0x00, 0x00, 0x00, 0x10, 0x00, 0x00, 0x00, 0x01, 0x00, 0x00, 0x00,
  0x80, 0xff, 0xff, 0xff, 0xff, 0xff, 0xff, 0xff, 0x01, 0x00, 0x00, 0x00,
  0x6c, 0x56, 0xcf, 0x3d, 0x39, 0x00, 0x00, 0x00, 0x52, 0x65, 0x6c, 0x75,
  0x5f, 0x32, 0x3b, 0x42, 0x69, 0x61, 0x73, 0x41, 0x64, 0x64, 0x5f, 0x32,
  0x3b, 0x63, 0x6f, 0x6e, 0x76, 0x31, 0x64, 0x5f, 0x32, 0x2f, 0x53, 0x71,
  0x75, 0x65, 0x65, 0x7a, 0x65, 0x3b, 0x42, 0x69, 0x61, 0x73, 0x41, 0x64,
  0x64, 0x5f, 0x32, 0x2f, 0x62, 0x69, 0x61, 0x73, 0x3b, 0x63, 0x6f, 0x6e,
  0x76, 0x31, 0x64, 0x5f, 0x32, 0x00, 0x00, 0x00, 0x04, 0x00, 0x00, 0x00,
  0x01, 0x00, 0x00, 0x00, 0x01, 0x00, 0x00, 0x00, 0x5a, 0x00, 0x00, 0x00,
  0x40, 0x00, 0x00, 0x00, 0xc2, 0xd8, 0xff, 0xff, 0x00, 0x00, 0x00, 0x01,
  0x14, 0x00, 0x00, 0x00, 0x30, 0x00, 0x00, 0x00, 0x2d, 0x00, 0x00, 0x00,
  0x00, 0x00, 0x00, 0x09, 0x3c, 0x00, 0x00, 0x00, 0x84, 0xdb, 0xff, 0xff,
  0x08, 0x00, 0x00, 0x00, 0x10, 0x00, 0x00, 0x00, 0x01, 0x00, 0x00, 0x00,
  0x0b, 0x00, 0x00, 0x00, 0x00, 0x00, 0x00, 0x00, 0x01, 0x00, 0x00, 0x00,
  0x7e, 0xcc, 0x79, 0x3d, 0x13, 0x00, 0x00, 0x00, 0x63, 0x6f, 0x6e, 0x76,
  0x31, 0x64, 0x5f, 0x32, 0x2f, 0x45, 0x78, 0x70, 0x61, 0x6e, 0x64, 0x44,
  0x69, 0x6d, 0x73, 0x00, 0x04, 0x00, 0x00, 0x00, 0x01, 0x00, 0x00, 0x00,
  0x01, 0x00, 0x00, 0x00, 0x5a, 0x00, 0x00, 0x00, 0x40, 0x00, 0x00, 0x00,
  0x2a, 0xd9, 0xff, 0xff, 0x00, 0x00, 0x00, 0x01, 0x14, 0x00, 0x00, 0x00,
  0x30, 0x00, 0x00, 0x00, 0x2c, 0x00, 0x00, 0x00, 0x00, 0x00, 0x00, 0x09,
  0x38, 0x00, 0x00, 0x00, 0xec, 0xdb, 0xff, 0xff, 0x08, 0x00, 0x00, 0x00,
  0x10, 0x00, 0x00, 0x00, 0x01, 0x00, 0x00, 0x00, 0x0b, 0x00, 0x00, 0x00,
  0x00, 0x00, 0x00, 0x00, 0x01, 0x00, 0x00, 0x00, 0x7e, 0xcc, 0x79, 0x3d,
  0x0f, 0x00, 0x00, 0x00, 0x73, 0x74, 0x72, 0x69, 0x64, 0x65, 0x64, 0x5f,
  0x73, 0x6c, 0x69, 0x63, 0x65, 0x5f, 0x32, 0x00, 0x03, 0x00, 0x00, 0x00,
  0x01, 0x00, 0x00, 0x00, 0x5a, 0x00, 0x00, 0x00, 0x40, 0x00, 0x00, 0x00,
  0x8a, 0xd9, 0xff, 0xff, 0x00, 0x00, 0x00, 0x01, 0x14, 0x00, 0x00, 0x00,
  0x30, 0x00, 0x00, 0x00, 0x2b, 0x00, 0x00, 0x00, 0x00, 0x00, 0x00, 0x09,
  0x34, 0x00, 0x00, 0x00, 0x4c, 0xdc, 0xff, 0xff, 0x08, 0x00, 0x00, 0x00,
  0x10, 0x00, 0x00, 0x00, 0x01, 0x00, 0x00, 0x00, 0x0b, 0x00, 0x00, 0x00,
  0x00, 0x00, 0x00, 0x00, 0x01, 0x00, 0x00, 0x00, 0x7e, 0xcc, 0x79, 0x3d,
  0x0b, 0x00, 0x00, 0x00, 0x64, 0x65, 0x70, 0x74, 0x68, 0x77, 0x69, 0x73,
  0x65, 0x5f, 0x32, 0x00, 0x04, 0x00, 0x00, 0x00, 0x01, 0x00, 0x00, 0x00,
  0x5a, 0x00, 0x00, 0x00, 0x01, 0x00, 0x00, 0x00, 0x40, 0x00, 0x00, 0x00,
  0xea, 0xd9, 0xff, 0xff, 0x00, 0x00, 0x00, 0x01, 0x14, 0x00, 0x00, 0x00,
  0x34, 0x00, 0x00, 0x00, 0x2a, 0x00, 0x00, 0x00, 0x00, 0x00, 0x00, 0x09,
  0x3c, 0x00, 0x00, 0x00, 0xac, 0xdc, 0xff, 0xff, 0x08, 0x00, 0x00, 0x00,
  0x14, 0x00, 0x00, 0x00, 0x01, 0x00, 0x00, 0x00, 0x80, 0xff, 0xff, 0xff,
  0xff, 0xff, 0xff, 0xff, 0x00, 0x00, 0x00, 0x00, 0x01, 0x00, 0x00, 0x00,
  0x32, 0x76, 0x74, 0x3d, 0x0c, 0x00, 0x00, 0x00, 0x45, 0x78, 0x70, 0x61,
  0x6e, 0x64, 0x44, 0x69, 0x6d, 0x73, 0x5f, 0x32, 0x00, 0x00, 0x00, 0x00,
  0x04, 0x00, 0x00, 0x00, 0x01, 0x00, 0x00, 0x00, 0x5a, 0x00, 0x00, 0x00,
  0x01, 0x00, 0x00, 0x00, 0x40, 0x00, 0x00, 0x00, 0x52, 0xda, 0xff, 0xff,
  0x00, 0x00, 0x00, 0x01, 0x14, 0x00, 0x00, 0x00, 0x30, 0x00, 0x00, 0x00,
  0x29, 0x00, 0x00, 0x00, 0x00, 0x00, 0x00, 0x09, 0x34, 0x00, 0x00, 0x00,
  0x14, 0xdd, 0xff, 0xff, 0x08, 0x00, 0x00, 0x00, 0x10, 0x00, 0x00, 0x00,
  0x01, 0x00, 0x00, 0x00, 0x80, 0xff, 0xff, 0xff, 0xff, 0xff, 0xff, 0xff,
  0x01, 0x00, 0x00, 0x00, 0x32, 0x76, 0x74, 0x3d, 0x0b, 0x00, 0x00, 0x00,
  0x4d, 0x61, 0x78, 0x50, 0x6f, 0x6f, 0x6c, 0x31, 0x64, 0x5f, 0x31, 0x00,
  0x04, 0x00, 0x00, 0x00, 0x01, 0x00, 0x00, 0x00, 0x01, 0x00, 0x00, 0x00,
  0x5a, 0x00, 0x00, 0x00, 0x40, 0x00, 0x00, 0x00, 0xb2, 0xda, 0xff, 0xff,
  0x00, 0x00, 0x00, 0x01, 0x14, 0x00, 0x00, 0x00, 0x30, 0x00, 0x00, 0x00,
  0x28, 0x00, 0x00, 0x00, 0x00, 0x00, 0x00, 0x09, 0x64, 0x00, 0x00, 0x00,
  0x74, 0xdd, 0xff, 0xff, 0x08, 0x00, 0x00, 0x00, 0x10, 0x00, 0x00, 0x00,
  0x01, 0x00, 0x00, 0x00, 0x80, 0xff, 0xff, 0xff, 0xff, 0xff, 0xff, 0xff,
  0x01, 0x00, 0x00, 0x00, 0x32, 0x76, 0x74, 0x3d, 0x39, 0x00, 0x00, 0x00,
  0x52, 0x65, 0x6c, 0x75, 0x5f, 0x31, 0x3b, 0x42, 0x69, 0x61, 0x73, 0x41,
  0x64, 0x64, 0x5f, 0x31, 0x3b, 0x63, 0x6f, 0x6e, 0x76, 0x31, 0x64, 0x5f,
  0x31, 0x2f, 0x53, 0x71, 0x75, 0x65, 0x65, 0x7a, 0x65, 0x3b, 0x42, 0x69,
  0x61, 0x73, 0x41, 0x64, 0x64, 0x5f, 0x31, 0x2f, 0x62, 0x69, 0x61, 0x73,
  0x3b, 0x63, 0x6f, 0x6e, 0x76, 0x31, 0x64, 0x5f, 0x31, 0x00, 0x00, 0x00,
  0x04, 0x00, 0x00, 0x00, 0x01, 0x00, 0x00, 0x00, 0x01, 0x00, 0x00, 0x00,
  0xb4, 0x00, 0x00, 0x00, 0x40, 0x00, 0x00, 0x00, 0x42, 0xdb, 0xff, 0xff,
  0x00, 0x00, 0x00, 0x01, 0x14, 0x00, 0x00, 0x00, 0x30, 0x00, 0x00, 0x00,
  0x27, 0x00, 0x00, 0x00, 0x00, 0x00, 0x00, 0x09, 0x3c, 0x00, 0x00, 0x00,
  0x04, 0xde, 0xff, 0xff, 0x08, 0x00, 0x00, 0x00, 0x10, 0x00, 0x00, 0x00,
  0x01, 0x00, 0x00, 0x00, 0xff, 0xff, 0xff, 0xff, 0xff, 0xff, 0xff, 0xff,
  0x01, 0x00, 0x00, 0x00, 0xca, 0x7f, 0x61, 0x3d, 0x13, 0x00, 0x00, 0x00,
  0x63, 0x6f, 0x6e, 0x76, 0x31, 0x64, 0x5f, 0x31, 0x2f, 0x45, 0x78, 0x70,
  0x61, 0x6e, 0x64, 0x44, 0x69, 0x6d, 0x73, 0x00, 0x04, 0x00, 0x00, 0x00,
  0x01, 0x00, 0x00, 0x00, 0x01, 0x00, 0x00, 0x00, 0xb4, 0x00, 0x00, 0x00,
  0x20, 0x00, 0x00, 0x00, 0xaa, 0xdb, 0xff, 0xff, 0x00, 0x00, 0x00, 0x01,
  0x14, 0x00, 0x00, 0x00, 0x30, 0x00, 0x00, 0x00, 0x26, 0x00, 0x00, 0x00,
  0x00, 0x00, 0x00, 0x09, 0x38, 0x00, 0x00, 0x00, 0x6c, 0xde, 0xff, 0xff,
  0x08, 0x00, 0x00, 0x00, 0x10, 0x00, 0x00, 0x00, 0x01, 0x00, 0x00, 0x00,
  0xff, 0xff, 0xff, 0xff, 0xff, 0xff, 0xff, 0xff, 0x01, 0x00, 0x00, 0x00,
  0xca, 0x7f, 0x61, 0x3d, 0x0f, 0x00, 0x00, 0x00, 0x73, 0x74, 0x72, 0x69,
  0x64, 0x65, 0x64, 0x5f, 0x73, 0x6c, 0x69, 0x63, 0x65, 0x5f, 0x31, 0x00,
  0x03, 0x00, 0x00, 0x00, 0x01, 0x00, 0x00, 0x00, 0xb4, 0x00, 0x00, 0x00,
  0x20, 0x00, 0x00, 0x00, 0x0a, 0xdc, 0xff, 0xff, 0x00, 0x00, 0x00, 0x01,
  0x14, 0x00, 0x00, 0x00, 0x30, 0x00, 0x00, 0x00, 0x25, 0x00, 0x00, 0x00,
  0x00, 0x00, 0x00, 0x09, 0x34, 0x00, 0x00, 0x00, 0xcc, 0xde, 0xff, 0xff,
  0x08, 0x00, 0x00, 0x00, 0x10, 0x00, 0x00, 0x00, 0x01, 0x00, 0x00, 0x00,
  0xff, 0xff, 0xff, 0xff, 0xff, 0xff, 0xff, 0xff, 0x01, 0x00, 0x00, 0x00,
  0xca, 0x7f, 0x61, 0x3d, 0x0b, 0x00, 0x00, 0x00, 0x64, 0x65, 0x70, 0x74,
  0x68, 0x77, 0x69, 0x73, 0x65, 0x5f, 0x31, 0x00, 0x04, 0x00, 0x00, 0x00,
  0x01, 0x00, 0x00, 0x00, 0xb4, 0x00, 0x00, 0x00, 0x01, 0x00, 0x00, 0x00,
  0x20, 0x00, 0x00, 0x00, 0x6a, 0xdc, 0xff, 0xff, 0x00, 0x00, 0x00, 0x01,
  0x14, 0x00, 0x00, 0x00, 0x34, 0x00, 0x00, 0x00, 0x24, 0x00, 0x00, 0x00,
  0x00, 0x00, 0x00, 0x09, 0x3c, 0x00, 0x00, 0x00, 0x2c, 0xdf, 0xff, 0xff,
  0x08, 0x00, 0x00, 0x00, 0x14, 0x00, 0x00, 0x00, 0x01, 0x00, 0x00, 0x00,
  0x80, 0xff, 0xff, 0xff, 0xff, 0xff, 0xff, 0xff, 0x00, 0x00, 0x00, 0x00,
  0x01, 0x00, 0x00, 0x00, 0x7c, 0x7d, 0x2d, 0x3d, 0x0c, 0x00, 0x00, 0x00,
  0x45, 0x78, 0x70, 0x61, 0x6e, 0x64, 0x44, 0x69, 0x6d, 0x73, 0x5f, 0x31,
  0x00, 0x00, 0x00, 0x00, 0x04, 0x00, 0x00, 0x00, 0x01, 0x00, 0x00, 0x00,
  0xb4, 0x00, 0x00, 0x00, 0x01, 0x00, 0x00, 0x00, 0x20, 0x00, 0x00, 0x00,
  0xd2, 0xdc, 0xff, 0xff, 0x00, 0x00, 0x00, 0x01, 0x14, 0x00, 0x00, 0x00,
  0x30, 0x00, 0x00, 0x00, 0x23, 0x00, 0x00, 0x00, 0x00, 0x00, 0x00, 0x09,
  0x34, 0x00, 0x00, 0x00, 0x94, 0xdf, 0xff, 0xff, 0x08, 0x00, 0x00, 0x00,
  0x10, 0x00, 0x00, 0x00, 0x01, 0x00, 0x00, 0x00, 0x80, 0xff, 0xff, 0xff,
  0xff, 0xff, 0xff, 0xff, 0x01, 0x00, 0x00, 0x00, 0x7c, 0x7d, 0x2d, 0x3d,
  0x09, 0x00, 0x00, 0x00, 0x4d, 0x61, 0x78, 0x50, 0x6f, 0x6f, 0x6c, 0x31,
  0x64, 0x00, 0x00, 0x00, 0x04, 0x00, 0x00, 0x00, 0x01, 0x00, 0x00, 0x00,
  0x01, 0x00, 0x00, 0x00, 0xb4, 0x00, 0x00, 0x00, 0x20, 0x00, 0x00, 0x00,
  0x32, 0xdd, 0xff, 0xff, 0x00, 0x00, 0x00, 0x01, 0x14, 0x00, 0x00, 0x00,
  0x34, 0x00, 0x00, 0x00, 0x22, 0x00, 0x00, 0x00, 0x00, 0x00, 0x00, 0x09,
  0x5c, 0x00, 0x00, 0x00, 0xf4, 0xdf, 0xff, 0xff, 0x08, 0x00, 0x00, 0x00,
  0x14, 0x00, 0x00, 0x00, 0x01, 0x00, 0x00, 0x00, 0x80, 0xff, 0xff, 0xff,
  0xff, 0xff, 0xff, 0xff, 0x00, 0x00, 0x00, 0x00, 0x01, 0x00, 0x00, 0x00,
  0x7c, 0x7d, 0x2d, 0x3d, 0x2f, 0x00, 0x00, 0x00, 0x52, 0x65, 0x6c, 0x75,
  0x3b, 0x42, 0x69, 0x61, 0x73, 0x41, 0x64, 0x64, 0x3b, 0x63, 0x6f, 0x6e,
  0x76, 0x31, 0x64, 0x2f, 0x53, 0x71, 0x75, 0x65, 0x65, 0x7a, 0x65, 0x3b,
  0x42, 0x69, 0x61, 0x73, 0x41, 0x64, 0x64, 0x2f, 0x62, 0x69, 0x61, 0x73,
  0x3b, 0x63, 0x6f, 0x6e, 0x76, 0x31, 0x64, 0x00, 0x04, 0x00, 0x00, 0x00,
  0x01, 0x00, 0x00, 0x00, 0x01, 0x00, 0x00, 0x00, 0x68, 0x01, 0x00, 0x00,
  0x20, 0x00, 0x00, 0x00, 0xba, 0xdd, 0xff, 0xff, 0x00, 0x00, 0x00, 0x01,
  0x14, 0x00, 0x00, 0x00, 0x30, 0x00, 0x00, 0x00, 0x21, 0x00, 0x00, 0x00,
  0x00, 0x00, 0x00, 0x09, 0x3c, 0x00, 0x00, 0x00, 0x7c, 0xe0, 0xff, 0xff,
  0x08, 0x00, 0x00, 0x00, 0x10, 0x00, 0x00, 0x00, 0x01, 0x00, 0x00, 0x00,
  0xdb, 0xff, 0xff, 0xff, 0xff, 0xff, 0xff, 0xff, 0x01, 0x00, 0x00, 0x00,
  0x8d, 0x36, 0x5d, 0x3d, 0x11, 0x00, 0x00, 0x00, 0x63, 0x6f, 0x6e, 0x76,
  0x31, 0x64, 0x2f, 0x45, 0x78, 0x70, 0x61, 0x6e, 0x64, 0x44, 0x69, 0x6d,
  0x73, 0x00, 0x00, 0x00, 0x04, 0x00, 0x00, 0x00, 0x01, 0x00, 0x00, 0x00,
  0x01, 0x00, 0x00, 0x00, 0x68, 0x01, 0x00, 0x00, 0x01, 0x00, 0x00, 0x00,
  0x22, 0xde, 0xff, 0xff, 0x00, 0x00, 0x00, 0x01, 0x14, 0x00, 0x00, 0x00,
  0x30, 0x00, 0x00, 0x00, 0x20, 0x00, 0x00, 0x00, 0x00, 0x00, 0x00, 0x09,
  0x38, 0x00, 0x00, 0x00, 0xe4, 0xe0, 0xff, 0xff, 0x08, 0x00, 0x00, 0x00,
  0x10, 0x00, 0x00, 0x00, 0x01, 0x00, 0x00, 0x00, 0xdb, 0xff, 0xff, 0xff,
  0xff, 0xff, 0xff, 0xff, 0x01, 0x00, 0x00, 0x00, 0x8d, 0x36, 0x5d, 0x3d,
  0x0d, 0x00, 0x00, 0x00, 0x73, 0x74, 0x72, 0x69, 0x64, 0x65, 0x64, 0x5f,
  0x73, 0x6c, 0x69, 0x63, 0x65, 0x00, 0x00, 0x00, 0x03, 0x00, 0x00, 0x00,
  0x01, 0x00, 0x00, 0x00, 0x68, 0x01, 0x00, 0x00, 0x01, 0x00, 0x00, 0x00,
  0x82, 0xde, 0xff, 0xff, 0x00, 0x00, 0x00, 0x01, 0x14, 0x00, 0x00, 0x00,
  0x30, 0x00, 0x00, 0x00, 0x1f, 0x00, 0x00, 0x00, 0x00, 0x00, 0x00, 0x09,
  0x34, 0x00, 0x00, 0x00, 0x44, 0xe1, 0xff, 0xff, 0x08, 0x00, 0x00, 0x00,
  0x10, 0x00, 0x00, 0x00, 0x01, 0x00, 0x00, 0x00, 0xdb, 0xff, 0xff, 0xff,
  0xff, 0xff, 0xff, 0xff, 0x01, 0x00, 0x00, 0x00, 0x8d, 0x36, 0x5d, 0x3d,
  0x09, 0x00, 0x00, 0x00, 0x64, 0x65, 0x70, 0x74, 0x68, 0x77, 0x69, 0x73,
  0x65, 0x00, 0x00, 0x00, 0x04, 0x00, 0x00, 0x00, 0x01, 0x00, 0x00, 0x00,
  0x68, 0x01, 0x00, 0x00, 0x01, 0x00, 0x00, 0x00, 0x01, 0x00, 0x00, 0x00,
  0xe2, 0xde, 0xff, 0xff, 0x00, 0x00, 0x00, 0x01, 0x14, 0x00, 0x00, 0x00,
  0x30, 0x00, 0x00, 0x00, 0x1e, 0x00, 0x00, 0x00, 0x00, 0x00, 0x00, 0x09,
  0x34, 0x00, 0x00, 0x00, 0xa4, 0xe1, 0xff, 0xff, 0x08, 0x00, 0x00, 0x00,
  0x10, 0x00, 0x00, 0x00, 0x01, 0x00, 0x00, 0x00, 0xde, 0xff, 0xff, 0xff,
  0xff, 0xff, 0xff, 0xff, 0x01, 0x00, 0x00, 0x00, 0xe2, 0x9b, 0x4f, 0x3d,
  0x0b, 0x00, 0x00, 0x00, 0x45, 0x78, 0x70, 0x61, 0x6e, 0x64, 0x44, 0x69,
  0x6d, 0x73, 0x31, 0x00, 0x04, 0x00, 0x00, 0x00, 0x01, 0x00, 0x00, 0x00,
  0x68, 0x01, 0x00, 0x00, 0x01, 0x00, 0x00, 0x00, 0x01, 0x00, 0x00, 0x00,
  0x42, 0xdf, 0xff, 0xff, 0x00, 0x00, 0x00, 0x01, 0x14, 0x00, 0x00, 0x00,
  0x34, 0x00, 0x00, 0x00, 0x1d, 0x00, 0x00, 0x00, 0x00, 0x00, 0x00, 0x09,
  0x3c, 0x00, 0x00, 0x00, 0x04, 0xe2, 0xff, 0xff, 0x08, 0x00, 0x00, 0x00,
  0x14, 0x00, 0x00, 0x00, 0x01, 0x00, 0x00, 0x00, 0xde, 0xff, 0xff, 0xff,
  0xff, 0xff, 0xff, 0xff, 0x00, 0x00, 0x00, 0x00, 0x01, 0x00, 0x00, 0x00,
  0xe2, 0x9b, 0x4f, 0x3d, 0x0c, 0x00, 0x00, 0x00, 0x74, 0x66, 0x6c, 0x2e,
  0x71, 0x75, 0x61, 0x6e, 0x74, 0x69, 0x7a, 0x65, 0x00, 0x00, 0x00, 0x00,
  0x03, 0x00, 0x00, 0x00, 0x01, 0x00, 0x00, 0x00, 0x68, 0x01, 0x00, 0x00,
  0x01, 0x00, 0x00, 0x00, 0xa6, 0xdf, 0xff, 0xff, 0x00, 0x00, 0x00, 0x01,
  0x14, 0x00, 0x00, 0x00, 0x34, 0x00, 0x00, 0x00, 0x1c, 0x00, 0x00, 0x00,
  0x00, 0x00, 0x00, 0x09, 0x40, 0x00, 0x00, 0x00, 0x02, 0xf1, 0xff, 0xff,
  0x03, 0x00, 0x00, 0x00, 0x08, 0x00, 0x00, 0x00, 0x10, 0x00, 0x00, 0x00,
  0x01, 0x00, 0x00, 0x00, 0x00, 0x00, 0x00, 0x00, 0x00, 0x00, 0x00, 0x00,
  0x01, 0x00, 0x00, 0x00, 0xf9, 0x69, 0xa6, 0x3b, 0x13, 0x00, 0x00, 0x00,
  0x74, 0x66, 0x6c, 0x2e, 0x70, 0x73, 0x65, 0x75, 0x64, 0x6f, 0x5f, 0x71,
  0x63, 0x6f, 0x6e, 0x73, 0x74, 0x31, 0x35, 0x00, 0x04, 0x00, 0x00, 0x00,
  0x01, 0x00, 0x00, 0x00, 0x07, 0x00, 0x00, 0x00, 0x01, 0x00, 0x00, 0x00,
  0x01, 0x00, 0x00, 0x00, 0x12, 0xe0, 0xff, 0xff, 0x00, 0x00, 0x00, 0x01,
  0x14, 0x00, 0x00, 0x00, 0x34, 0x00, 0x00, 0x00, 0x1b, 0x00, 0x00, 0x00,
  0x00, 0x00, 0x00, 0x02, 0x40, 0x00, 0x00, 0x00, 0xd4, 0xe2, 0xff, 0xff,
  0x08, 0x00, 0x00, 0x00, 0x14, 0x00, 0x00, 0x00, 0x01, 0x00, 0x00, 0x00,
  0x00, 0x00, 0x00, 0x00, 0x00, 0x00, 0x00, 0x00, 0x00, 0x00, 0x00, 0x00,
  0x01, 0x00, 0x00, 0x00, 0x05, 0xf5, 0x86, 0x39, 0x13, 0x00, 0x00, 0x00,
  0x74, 0x66, 0x6c, 0x2e, 0x70, 0x73, 0x65, 0x75, 0x64, 0x6f, 0x5f, 0x71,
  0x63, 0x6f, 0x6e, 0x73, 0x74, 0x31, 0x34, 0x00, 0x01, 0x00, 0x00, 0x00,
  0x01, 0x00, 0x00, 0x00, 0x72, 0xe0, 0xff, 0xff, 0x00, 0x00, 0x00, 0x01,
  0x14, 0x00, 0x00, 0x00, 0xa8, 0x01, 0x00, 0x00, 0x1a, 0x00, 0x00, 0x00,
  0x00, 0x00, 0x00, 0x09, 0xb4, 0x01, 0x00, 0x00, 0x34, 0xe3, 0xff, 0xff,
  0x08, 0x00, 0x00, 0x00, 0x0c, 0x01, 0x00, 0x00, 0x20, 0x00, 0x00, 0x00,
  0x00, 0x00, 0x00, 0x00, 0x00, 0x00, 0x00, 0x00, 0x00, 0x00, 0x00, 0x00,
  0x00, 0x00, 0x00, 0x00, 0x00, 0x00, 0x00, 0x00, 0x00, 0x00, 0x00, 0x00,
  0x00, 0x00, 0x00, 0x00, 0x00, 0x00, 0x00, 0x00, 0x00, 0x00, 0x00, 0x00,
  0x00, 0x00, 0x00, 0x00, 0x00, 0x00, 0x00, 0x00, 0x00, 0x00, 0x00, 0x00,
  0x00, 0x00, 0x00, 0x00, 0x00, 0x00, 0x00, 0x00, 0x00, 0x00, 0x00, 0x00,
  0x00, 0x00, 0x00, 0x00, 0x00, 0x00, 0x00, 0x00, 0x00, 0x00, 0x00, 0x00,
  0x00, 0x00, 0x00, 0x00, 0x00, 0x00, 0x00, 0x00, 0x00, 0x00, 0x00, 0x00,
  0x00, 0x00, 0x00, 0x00, 0x00, 0x00, 0x00, 0x00, 0x00, 0x00, 0x00, 0x00,
  0x00, 0x00, 0x00, 0x00, 0x00, 0x00, 0x00, 0x00, 0x00, 0x00, 0x00, 0x00,
  0x00, 0x00, 0x00, 0x00, 0x00, 0x00, 0x00, 0x00, 0x00, 0x00, 0x00, 0x00,
  0x00, 0x00, 0x00, 0x00, 0x00, 0x00, 0x00, 0x00, 0x00, 0x00, 0x00, 0x00,
  0x00, 0x00, 0x00, 0x00, 0x00, 0x00, 0x00, 0x00, 0x00, 0x00, 0x00, 0x00,
  0x00, 0x00, 0x00, 0x00, 0x00, 0x00, 0x00, 0x00, 0x00, 0x00, 0x00, 0x00,
  0x00, 0x00, 0x00, 0x00, 0x00, 0x00, 0x00, 0x00, 0x00, 0x00, 0x00, 0x00,
  0x00, 0x00, 0x00, 0x00, 0x00, 0x00, 0x00, 0x00, 0x00, 0x00, 0x00, 0x00,
  0x00, 0x00, 0x00, 0x00, 0x00, 0x00, 0x00, 0x00, 0x00, 0x00, 0x00, 0x00,
  0x00, 0x00, 0x00, 0x00, 0x00, 0x00, 0x00, 0x00, 0x00, 0x00, 0x00, 0x00,
  0x00, 0x00, 0x00, 0x00, 0x00, 0x00, 0x00, 0x00, 0x00, 0x00, 0x00, 0x00,
  0x00, 0x00, 0x00, 0x00, 0x00, 0x00, 0x00, 0x00, 0x00, 0x00, 0x00, 0x00,
  0x00, 0x00, 0x00, 0x00, 0x00, 0x00, 0x00, 0x00, 0x00, 0x00, 0x00, 0x00,
  0x00, 0x00, 0x00, 0x00, 0x00, 0x00, 0x00, 0x00, 0x00, 0x00, 0x00, 0x00,
  0x00, 0x00, 0x00, 0x00, 0x00, 0x00, 0x00, 0x00, 0x20, 0x00, 0x00, 0x00,
  0x47, 0x43, 0xe9, 0x3b, 0x23, 0x06, 0xde, 0x3b, 0x20, 0x94, 0xc9, 0x3b,
  0xe2, 0xde, 0xd2, 0x3b, 0xc1, 0x56, 0xd0, 0x3b, 0x2a, 0x2d, 0xe9, 0x3b,
  0x7b, 0x46, 0xfb, 0x3b, 0x37, 0xab, 0xe9, 0x3b, 0xa0, 0x09, 0x2e, 0x3c,
  0xbe, 0x0e, 0xd9, 0x3b, 0x19, 0x66, 0xd8, 0x3b, 0x2f, 0xe4, 0xe3, 0x3b,
  0x22, 0x2a, 0xd9, 0x3b, 0x53, 0x0c, 0xd5, 0x3b, 0x5b, 0x09, 0x08, 0x3c,
  0x36, 0x93, 0xe0, 0x3b, 0x58, 0x89, 0xda, 0x3b, 0x53, 0x52, 0xde, 0x3b,
  0xe7, 0x64, 0x1b, 0x3c, 0xc9, 0x4b, 0xd3, 0x3b, 0x4d, 0x88, 0xe5, 0x3b,
  0xfe, 0x26, 0xe8, 0x3b, 0x33, 0xcb, 0xe1, 0x3b, 0x2d, 0x2b, 0xf1, 0x3b,
  0x47, 0xe0, 0xef, 0x3b, 0x72, 0xb9, 0x03, 0x3c, 0x91, 0xca, 0xff, 0x3b,
  0x74, 0xdd, 0xe2, 0x3b, 0x1a, 0xb2, 0x1b, 0x3c, 0x3d, 0x6b, 0xe4, 0x3b,
  0xa4, 0x8c, 0xe2, 0x3b, 0xde, 0x20, 0xf2, 0x3b, 0x13, 0x00, 0x00, 0x00,
  0x74, 0x66, 0x6c, 0x2e, 0x70, 0x73, 0x65, 0x75, 0x64, 0x6f, 0x5f, 0x71,
  0x63, 0x6f, 0x6e, 0x73, 0x74, 0x31, 0x33, 0x00, 0x04, 0x00, 0x00, 0x00,
  0x20, 0x00, 0x00, 0x00, 0x01, 0x00, 0x00, 0x00, 0x01, 0x00, 0x00, 0x00,
  0x01, 0x00, 0x00, 0x00, 0x52, 0xe2, 0xff, 0xff, 0x00, 0x00, 0x00, 0x01,
  0x14, 0x00, 0x00, 0x00, 0xa8, 0x01, 0x00, 0x00, 0x19, 0x00, 0x00, 0x00,
  0x00, 0x00, 0x00, 0x02, 0xb4, 0x01, 0x00, 0x00, 0x14, 0xe5, 0xff, 0xff,
  0x08, 0x00, 0x00, 0x00, 0x0c, 0x01, 0x00, 0x00, 0x20, 0x00, 0x00, 0x00,
  0x00, 0x00, 0x00, 0x00, 0x00, 0x00, 0x00, 0x00, 0x00, 0x00, 0x00, 0x00,
  0x00, 0x00, 0x00, 0x00, 0x00, 0x00, 0x00, 0x00, 0x00, 0x00, 0x00, 0x00,
  0x00, 0x00, 0x00, 0x00, 0x00, 0x00, 0x00, 0x00, 0x00, 0x00, 0x00, 0x00,
  0x00, 0x00, 0x00, 0x00, 0x00, 0x00, 0x00, 0x00, 0x00, 0x00, 0x00, 0x00,
  0x00, 0x00, 0x00, 0x00, 0x00, 0x00, 0x00, 0x00, 0x00, 0x00, 0x00, 0x00,
  0x00, 0x00, 0x00, 0x00, 0x00, 0x00, 0x00, 0x00, 0x00, 0x00, 0x00, 0x00,
  0x00, 0x00, 0x00, 0x00, 0x00, 0x00, 0x00, 0x00, 0x00, 0x00, 0x00, 0x00,
  0x00, 0x00, 0x00, 0x00, 0x00, 0x00, 0x00, 0x00, 0x00, 0x00, 0x00, 0x00,
  0x00, 0x00, 0x00, 0x00, 0x00, 0x00, 0x00, 0x00, 0x00, 0x00, 0x00, 0x00,
  0x00, 0x00, 0x00, 0x00, 0x00, 0x00, 0x00, 0x00, 0x00, 0x00, 0x00, 0x00,
  0x00, 0x00, 0x00, 0x00, 0x00, 0x00, 0x00, 0x00, 0x00, 0x00, 0x00, 0x00,
  0x00, 0x00, 0x00, 0x00, 0x00, 0x00, 0x00, 0x00, 0x00, 0x00, 0x00, 0x00,
  0x00, 0x00, 0x00, 0x00, 0x00, 0x00, 0x00, 0x00, 0x00, 0x00, 0x00, 0x00,
  0x00, 0x00, 0x00, 0x00, 0x00, 0x00, 0x00, 0x00, 0x00, 0x00, 0x00, 0x00,
  0x00, 0x00, 0x00, 0x00, 0x00, 0x00, 0x00, 0x00, 0x00, 0x00, 0x00, 0x00,
  0x00, 0x00, 0x00, 0x00, 0x00, 0x00, 0x00, 0x00, 0x00, 0x00, 0x00, 0x00,
  0x00, 0x00, 0x00, 0x00, 0x00, 0x00, 0x00, 0x00, 0x00, 0x00, 0x00, 0x00,
  0x00, 0x00, 0x00, 0x00, 0x00, 0x00, 0x00, 0x00, 0x00, 0x00, 0x00, 0x00,
  0x00, 0x00, 0x00, 0x00, 0x00, 0x00, 0x00, 0x00, 0x00, 0x00, 0x00, 0x00,
  0x00, 0x00, 0x00, 0x00, 0x00, 0x00, 0x00, 0x00, 0x00, 0x00, 0x00, 0x00,
  0x00, 0x00, 0x00, 0x00, 0x00, 0x00, 0x00, 0x00, 0x00, 0x00, 0x00, 0x00,
  0x00, 0x00, 0x00, 0x00, 0x00, 0x00, 0x00, 0x00, 0x20, 0x00, 0x00, 0x00,
  0xc9, 0x90, 0xc9, 0x39, 0x9c, 0xda, 0xbf, 0x39, 0xd4, 0x2f, 0xae, 0x39,
  0x58, 0x37, 0xb6, 0x39, 0x4a, 0x07, 0xb4, 0x39, 0xad, 0x7d, 0xc9, 0x39,
  0x63, 0x21, 0xd9, 0x39, 0x99, 0xea, 0xc9, 0x39, 0x65, 0x63, 0x16, 0x3a,
  0xfb, 0x8f, 0xbb, 0x39, 0x40, 0xfe, 0xba, 0x39, 0x8c, 0xec, 0xc4, 0x39,
  0xa6, 0xa7, 0xbb, 0x39, 0x0a, 0x19, 0xb8, 0x39, 0x21, 0x1a, 0xeb, 0x39,
  0xf0, 0x0e, 0xc2, 0x39, 0x22, 0xd7, 0xbc, 0x39, 0x71, 0x1c, 0xc0, 0x39,
  0x38, 0x47, 0x06, 0x3a, 0x73, 0x95, 0xb6, 0x39, 0x94, 0x57, 0xc6, 0x39,
  0x21, 0x9b, 0xc8, 0x39, 0x88, 0x1c, 0xc3, 0x39, 0xaa, 0x65, 0xd0, 0x39,
  0xbb, 0x47, 0xcf, 0x39, 0x52, 0xa6, 0xe3, 0x39, 0x61, 0x08, 0xdd, 0x39,
  0x85, 0x09, 0xc4, 0x39, 0xee, 0x89, 0x06, 0x3a, 0x40, 0x61, 0xc5, 0x39,
  0xb0, 0xc3, 0xc3, 0x39, 0xf8, 0x39, 0xd1, 0x39, 0x13, 0x00, 0x00, 0x00,
  0x74, 0x66, 0x6c, 0x2e, 0x70, 0x73, 0x65, 0x75, 0x64, 0x6f, 0x5f, 0x71,
  0x63, 0x6f, 0x6e, 0x73, 0x74, 0x31, 0x32, 0x00, 0x01, 0x00, 0x00, 0x00,
  0x20, 0x00, 0x00, 0x00, 0x26, 0xe4, 0xff, 0xff, 0x00, 0x00, 0x00, 0x01,
  0x14, 0x00, 0x00, 0x00, 0xac, 0x01, 0x00, 0x00, 0x18, 0x00, 0x00, 0x00,
  0x00, 0x00, 0x00, 0x09, 0xb8, 0x01, 0x00, 0x00, 0x82, 0xf5, 0xff, 0xff,
  0x03, 0x00, 0x00, 0x00, 0x08, 0x00, 0x00, 0x00, 0x0c, 0x01, 0x00, 0x00,
  0x20, 0x00, 0x00, 0x00, 0x00, 0x00, 0x00, 0x00, 0x00, 0x00, 0x00, 0x00,
  0x00, 0x00, 0x00, 0x00, 0x00, 0x00, 0x00, 0x00, 0x00, 0x00, 0x00, 0x00,
  0x00, 0x00, 0x00, 0x00, 0x00, 0x00, 0x00, 0x00, 0x00, 0x00, 0x00, 0x00,
  0x00, 0x00, 0x00, 0x00, 0x00, 0x00, 0x00, 0x00, 0x00, 0x00, 0x00, 0x00,
  0x00, 0x00, 0x00, 0x00, 0x00, 0x00, 0x00, 0x00, 0x00, 0x00, 0x00, 0x00,
  0x00, 0x00, 0x00, 0x00, 0x00, 0x00, 0x00, 0x00, 0x00, 0x00, 0x00, 0x00,
  0x00, 0x00, 0x00, 0x00, 0x00, 0x00, 0x00, 0x00, 0x00, 0x00, 0x00, 0x00,
  0x00, 0x00, 0x00, 0x00, 0x00, 0x00, 0x00, 0x00, 0x00, 0x00, 0x00, 0x00,
  0x00, 0x00, 0x00, 0x00, 0x00, 0x00, 0x00, 0x00, 0x00, 0x00, 0x00, 0x00,
  0x00, 0x00, 0x00, 0x00, 0x00, 0x00, 0x00, 0x00, 0x00, 0x00, 0x00, 0x00,
  0x00, 0x00, 0x00, 0x00, 0x00, 0x00, 0x00, 0x00, 0x00, 0x00, 0x00, 0x00,
  0x00, 0x00, 0x00, 0x00, 0x00, 0x00, 0x00, 0x00, 0x00, 0x00, 0x00, 0x00,
  0x00, 0x00, 0x00, 0x00, 0x00, 0x00, 0x00, 0x00, 0x00, 0x00, 0x00, 0x00,
  0x00, 0x00, 0x00, 0x00, 0x00, 0x00, 0x00, 0x00, 0x00, 0x00, 0x00, 0x00,
  0x00, 0x00, 0x00, 0x00, 0x00, 0x00, 0x00, 0x00, 0x00, 0x00, 0x00, 0x00,
  0x00, 0x00, 0x00, 0x00, 0x00, 0x00, 0x00, 0x00, 0x00, 0x00, 0x00, 0x00,
  0x00, 0x00, 0x00, 0x00, 0x00, 0x00, 0x00, 0x00, 0x00, 0x00, 0x00, 0x00,
  0x00, 0x00, 0x00, 0x00, 0x00, 0x00, 0x00, 0x00, 0x00, 0x00, 0x00, 0x00,
  0x00, 0x00, 0x00, 0x00, 0x00, 0x00, 0x00, 0x00, 0x00, 0x00, 0x00, 0x00,
  0x00, 0x00, 0x00, 0x00, 0x00, 0x00, 0x00, 0x00, 0x00, 0x00, 0x00, 0x00,
  0x00, 0x00, 0x00, 0x00, 0x00, 0x00, 0x00, 0x00, 0x00, 0x00, 0x00, 0x00,
  0x00, 0x00, 0x00, 0x00, 0x00, 0x00, 0x00, 0x00, 0x00, 0x00, 0x00, 0x00,
  0x20, 0x00, 0x00, 0x00, 0xdd, 0x48, 0x47, 0x3b, 0xac, 0x45, 0x26, 0x3b,
  0xa1, 0x95, 0x5b, 0x3b, 0x78, 0x67, 0x29, 0x3b, 0x19, 0xc3, 0x00, 0x3b,
  0x34, 0x70, 0x49, 0x3b, 0x6a, 0xd5, 0x71, 0x3b, 0xb7, 0xfe, 0x85, 0x3b,
  0xa0, 0x44, 0x82, 0x3b, 0x66, 0x75, 0x1a, 0x3b, 0xd5, 0x14, 0x1b, 0x3b,
  0x3f, 0xc7, 0x7c, 0x3b, 0xa3, 0xed, 0x5f, 0x3b, 0x72, 0x9f, 0x23, 0x3b,
  0x52, 0x21, 0x81, 0x3b, 0x83, 0xd1, 0x4b, 0x3b, 0x74, 0x44, 0x09, 0x3b,
  0xfc, 0xa7, 0x63, 0x3b, 0x17, 0xb1, 0x91, 0x3b, 0x9c, 0x41, 0x38, 0x3b,
  0xc3, 0xe5, 0x51, 0x3b, 0xf0, 0x1f, 0x78, 0x3b, 0xfa, 0xe6, 0x35, 0x3b,
  0x96, 0xb1, 0x72, 0x3b, 0x7d, 0x54, 0x68, 0x3b, 0x35, 0xc8, 0x6d, 0x3b,
  0x09, 0x8a, 0x3a, 0x3b, 0x16, 0x3d, 0x47, 0x3b, 0x5c, 0xc7, 0x8a, 0x3b,
  0x60, 0x70, 0xfc, 0x3a, 0xb4, 0x86, 0x4e, 0x3b, 0x74, 0x3c, 0xc8, 0x3a,
  0x13, 0x00, 0x00, 0x00, 0x74, 0x66, 0x6c, 0x2e, 0x70, 0x73, 0x65, 0x75,
  0x64, 0x6f, 0x5f, 0x71, 0x63, 0x6f, 0x6e, 0x73, 0x74, 0x31, 0x31, 0x00,
  0x04, 0x00, 0x00, 0x00, 0x01, 0x00, 0x00, 0x00, 0x05, 0x00, 0x00, 0x00,
  0x01, 0x00, 0x00, 0x00, 0x20, 0x00, 0x00, 0x00, 0x0a, 0xe6, 0xff, 0xff,
  0x00, 0x00, 0x00, 0x01, 0x14, 0x00, 0x00, 0x00, 0xa4, 0x01, 0x00, 0x00,
  0x17, 0x00, 0x00, 0x00, 0x00, 0x00, 0x00, 0x02, 0xb0, 0x01, 0x00, 0x00,
  0xcc, 0xe8, 0xff, 0xff, 0x08, 0x00, 0x00, 0x00, 0x08, 0x01, 0x00, 0x00,
  0x20, 0x00, 0x00, 0x00, 0x00, 0x00, 0x00, 0x00, 0x00, 0x00, 0x00, 0x00,
  0x00, 0x00, 0x00, 0x00, 0x00, 0x00, 0x00, 0x00, 0x00, 0x00, 0x00, 0x00,
  0x00, 0x00, 0x00, 0x00, 0x00, 0x00, 0x00, 0x00, 0x00, 0x00, 0x00, 0x00,
  0x00, 0x00, 0x00, 0x00, 0x00, 0x00, 0x00, 0x00, 0x00, 0x00, 0x00, 0x00,
  0x00, 0x00, 0x00, 0x00, 0x00, 0x00, 0x00, 0x00, 0x00, 0x00, 0x00, 0x00,
  0x00, 0x00, 0x00, 0x00, 0x00, 0x00, 0x00, 0x00, 0x00, 0x00, 0x00, 0x00,
  0x00, 0x00, 0x00, 0x00, 0x00, 0x00, 0x00, 0x00, 0x00, 0x00, 0x00, 0x00,
  0x00, 0x00, 0x00, 0x00, 0x00, 0x00, 0x00, 0x00, 0x00, 0x00, 0x00, 0x00,
  0x00, 0x00, 0x00, 0x00, 0x00, 0x00, 0x00, 0x00, 0x00, 0x00, 0x00, 0x00,
  0x00, 0x00, 0x00, 0x00, 0x00, 0x00, 0x00, 0x00, 0x00, 0x00, 0x00, 0x00,
  0x00, 0x00, 0x00, 0x00, 0x00, 0x00, 0x00, 0x00, 0x00, 0x00, 0x00, 0x00,
  0x00, 0x00, 0x00, 0x00, 0x00, 0x00, 0x00, 0x00, 0x00, 0x00, 0x00, 0x00,
  0x00, 0x00, 0x00, 0x00, 0x00, 0x00, 0x00, 0x00, 0x00, 0x00, 0x00, 0x00,
  0x00, 0x00, 0x00, 0x00, 0x00, 0x00, 0x00, 0x00, 0x00, 0x00, 0x00, 0x00,
  0x00, 0x00, 0x00, 0x00, 0x00, 0x00, 0x00, 0x00, 0x00, 0x00, 0x00, 0x00,
  0x00, 0x00, 0x00, 0x00, 0x00, 0x00, 0x00, 0x00, 0x00, 0x00, 0x00, 0x00,
  0x00, 0x00, 0x00, 0x00, 0x00, 0x00, 0x00, 0x00, 0x00, 0x00, 0x00, 0x00,
  0x00, 0x00, 0x00, 0x00, 0x00, 0x00, 0x00, 0x00, 0x00, 0x00, 0x00, 0x00,
  0x00, 0x00, 0x00, 0x00, 0x00, 0x00, 0x00, 0x00, 0x00, 0x00, 0x00, 0x00,
  0x00, 0x00, 0x00, 0x00, 0x00, 0x00, 0x00, 0x00, 0x00, 0x00, 0x00, 0x00,
  0x00, 0x00, 0x00, 0x00, 0x00, 0x00, 0x00, 0x00, 0x00, 0x00, 0x00, 0x00,
  0x00, 0x00, 0x00, 0x00, 0x00, 0x00, 0x00, 0x00, 0x20, 0x00, 0x00, 0x00,
  0xec, 0x0d, 0x07, 0x39, 0x2c, 0x5d, 0xe1, 0x38, 0xc0, 0xcf, 0x14, 0x39,
  0xeb, 0x9b, 0xe5, 0x38, 0xeb, 0x85, 0xae, 0x38, 0x90, 0x83, 0x08, 0x39,
  0xc3, 0xe3, 0x23, 0x39, 0xa0, 0x9d, 0x35, 0x39, 0x75, 0x90, 0x30, 0x39,
  0x18, 0x5a, 0xd1, 0x38, 0x30, 0x32, 0xd2, 0x38, 0x8d, 0x4e, 0x2b, 0x39,
  0x5b, 0xc1, 0x17, 0x39, 0xe8, 0xc5, 0xdd, 0x38, 0xa0, 0x05, 0x2f, 0x39,
  0x7e, 0x20, 0x0a, 0x39, 0x17, 0x0d, 0xba, 0x38, 0x1d, 0x48, 0x1a, 0x39,
  0x2d, 0x78, 0x45, 0x39, 0x4f, 0xbd, 0xf9, 0x38, 0x28, 0x3f, 0x0e, 0x39,
  0x35, 0x27, 0x28, 0x39, 0x82, 0x8c, 0xf6, 0x38, 0xf9, 0x78, 0x24, 0x39,
  0xfa, 0x72, 0x1d, 0x39, 0xda, 0x24, 0x21, 0x39, 0x70, 0xd5, 0xfc, 0x38,
  0xf1, 0x05, 0x07, 0x39, 0x7f, 0x19, 0x3c, 0x39, 0xae, 0x13, 0xab, 0x38,
  0x43, 0xf6, 0x0b, 0x39, 0x01, 0xb3, 0x87, 0x38, 0x13, 0x00, 0x00, 0x00,
  0x74, 0x66, 0x6c, 0x2e, 0x70, 0x73, 0x65, 0x75, 0x64, 0x6f, 0x5f, 0x71,
  0x63, 0x6f, 0x6e, 0x73, 0x74, 0x31, 0x30, 0x00, 0x01, 0x00, 0x00, 0x00,
  0x20, 0x00, 0x00, 0x00, 0xda, 0xe7, 0xff, 0xff, 0x00, 0x00, 0x00, 0x01,
  0x14, 0x00, 0x00, 0x00, 0x28, 0x03, 0x00, 0x00, 0x16, 0x00, 0x00, 0x00,
  0x00, 0x00, 0x00, 0x09, 0x34, 0x03, 0x00, 0x00, 0x9c, 0xea, 0xff, 0xff,
  0x08, 0x00, 0x00, 0x00, 0x0c, 0x02, 0x00, 0x00, 0x40, 0x00, 0x00, 0x00,
  0x00, 0x00, 0x00, 0x00, 0x00, 0x00, 0x00, 0x00, 0x00, 0x00, 0x00, 0x00,
  0x00, 0x00, 0x00, 0x00, 0x00, 0x00, 0x00, 0x00, 0x00, 0x00, 0x00, 0x00,
  0x00, 0x00, 0x00, 0x00, 0x00, 0x00, 0x00, 0x00, 0x00, 0x00, 0x00, 0x00,
  0x00, 0x00, 0x00, 0x00, 0x00, 0x00, 0x00, 0x00, 0x00, 0x00, 0x00, 0x00,
  0x00, 0x00, 0x00, 0x00, 0x00, 0x00, 0x00, 0x00, 0x00, 0x00, 0x00, 0x00,
  0x00, 0x00, 0x00, 0x00, 0x00, 0x00, 0x00, 0x00, 0x00, 0x00, 0x00, 0x00,
  0x00, 0x00, 0x00, 0x00, 0x00, 0x00, 0x00, 0x00, 0x00, 0x00, 0x00, 0x00,
  0x00, 0x00, 0x00, 0x00, 0x00, 0x00, 0x00, 0x00, 0x00, 0x00, 0x00, 0x00,
  0x00, 0x00, 0x00, 0x00, 0x00, 0x00, 0x00, 0x00, 0x00, 0x00, 0x00, 0x00,
  0x00, 0x00, 0x00, 0x00, 0x00, 0x00, 0x00, 0x00, 0x00, 0x00, 0x00, 0x00,
  0x00, 0x00, 0x00, 0x00, 0x00, 0x00, 0x00, 0x00, 0x00, 0x00, 0x00, 0x00,
  0x00, 0x00, 0x00, 0x00, 0x00, 0x00, 0x00, 0x00, 0x00, 0x00, 0x00, 0x00,
  0x00, 0x00, 0x00, 0x00, 0x00, 0x00, 0x00, 0x00, 0x00, 0x00, 0x00, 0x00,
  0x00, 0x00, 0x00, 0x00, 0x00, 0x00, 0x00, 0x00, 0x00, 0x00, 0x00, 0x00,
  0x00, 0x00, 0x00, 0x00, 0x00, 0x00, 0x00, 0x00, 0x00, 0x00, 0x00, 0x00,
  0x00, 0x00, 0x00, 0x00, 0x00, 0x00, 0x00, 0x00, 0x00, 0x00, 0x00, 0x00,
  0x00, 0x00, 0x00, 0x00, 0x00, 0x00, 0x00, 0x00, 0x00, 0x00, 0x00, 0x00,
  0x00, 0x00, 0x00, 0x00, 0x00, 0x00, 0x00, 0x00, 0x00, 0x00, 0x00, 0x00,
  0x00, 0x00, 0x00, 0x00, 0x00, 0x00, 0x00, 0x00, 0x00, 0x00, 0x00, 0x00,
  0x00, 0x00, 0x00, 0x00, 0x00, 0x00, 0x00, 0x00, 0x00, 0x00, 0x00, 0x00,
  0x00, 0x00, 0x00, 0x00, 0x00, 0x00, 0x00, 0x00, 0x00, 0x00, 0x00, 0x00,
  0x00, 0x00, 0x00, 0x00, 0x00, 0x00, 0x00, 0x00, 0x00, 0x00, 0x00, 0x00,
  0x00, 0x00, 0x00, 0x00, 0x00, 0x00, 0x00, 0x00, 0x00, 0x00, 0x00, 0x00,
  0x00, 0x00, 0x00, 0x00, 0x00, 0x00, 0x00, 0x00, 0x00, 0x00, 0x00, 0x00,
  0x00, 0x00, 0x00, 0x00, 0x00, 0x00, 0x00, 0x00, 0x00, 0x00, 0x00, 0x00,
  0x00, 0x00, 0x00, 0x00, 0x00, 0x00, 0x00, 0x00, 0x00, 0x00, 0x00, 0x00,
  0x00, 0x00, 0x00, 0x00, 0x00, 0x00, 0x00, 0x00, 0x00, 0x00, 0x00, 0x00,
  0x00, 0x00, 0x00, 0x00, 0x00, 0x00, 0x00, 0x00, 0x00, 0x00, 0x00, 0x00,
  0x00, 0x00, 0x00, 0x00, 0x00, 0x00, 0x00, 0x00, 0x00, 0x00, 0x00, 0x00,
  0x00, 0x00, 0x00, 0x00, 0x00, 0x00, 0x00, 0x00, 0x00, 0x00, 0x00, 0x00,
  0x00, 0x00, 0x00, 0x00, 0x00, 0x00, 0x00, 0x00, 0x00, 0x00, 0x00, 0x00,
  0x00, 0x00, 0x00, 0x00, 0x00, 0x00, 0x00, 0x00, 0x00, 0x00, 0x00, 0x00,
  0x00, 0x00, 0x00, 0x00, 0x00, 0x00, 0x00, 0x00, 0x00, 0x00, 0x00, 0x00,
  0x00, 0x00, 0x00, 0x00, 0x00, 0x00, 0x00, 0x00, 0x00, 0x00, 0x00, 0x00,
  0x00, 0x00, 0x00, 0x00, 0x00, 0x00, 0x00, 0x00, 0x00, 0x00, 0x00, 0x00,
  0x00, 0x00, 0x00, 0x00, 0x00, 0x00, 0x00, 0x00, 0x00, 0x00, 0x00, 0x00,
  0x00, 0x00, 0x00, 0x00, 0x00, 0x00, 0x00, 0x00, 0x00, 0x00, 0x00, 0x00,
  0x00, 0x00, 0x00, 0x00, 0x00, 0x00, 0x00, 0x00, 0x00, 0x00, 0x00, 0x00,
  0x00, 0x00, 0x00, 0x00, 0x00, 0x00, 0x00, 0x00, 0x00, 0x00, 0x00, 0x00,
  0x00, 0x00, 0x00, 0x00, 0x00, 0x00, 0x00, 0x00, 0x00, 0x00, 0x00, 0x00,
  0x00, 0x00, 0x00, 0x00, 0x00, 0x00, 0x00, 0x00, 0x00, 0x00, 0x00, 0x00,
  0x00, 0x00, 0x00, 0x00, 0x00, 0x00, 0x00, 0x00, 0x00, 0x00, 0x00, 0x00,
  0x00, 0x00, 0x00, 0x00, 0x00, 0x00, 0x00, 0x00, 0x00, 0x00, 0x00, 0x00,
  0x40, 0x00, 0x00, 0x00, 0x6b, 0xad, 0xb2, 0x3b, 0x87, 0x2b, 0x1a, 0x3c,
  0x3f, 0xce, 0xd0, 0x3b, 0xc4, 0xa9, 0x2a, 0x3c, 0x91, 0xda, 0x9d, 0x3b,
  0xe6, 0x60, 0x04, 0x3c, 0x46, 0xce, 0xa1, 0x3b, 0x15, 0x59, 0x04, 0x3c,
  0xcc, 0x9b, 0xf7, 0x3b, 0x6f, 0x68, 0xd1, 0x3b, 0xcb, 0x53, 0x95, 0x3b,
  0xbf, 0x13, 0xbd, 0x3b, 0x12, 0x8d, 0xea, 0x3b, 0x9d, 0xa2, 0x1f, 0x3c,
  0xf4, 0xaf, 0x13, 0x3c, 0x81, 0xac, 0x68, 0x3c, 0x2e, 0x0e, 0x36, 0x3c,
  0xfb, 0xbf, 0xe1, 0x3b, 0x49, 0xe6, 0xae, 0x3b, 0xef, 0x81, 0xb4, 0x3b,
  0xfe, 0x36, 0xef, 0x3b, 0x1a, 0xc3, 0x32, 0x3c, 0x16, 0xff, 0xb7, 0x3b,
  0x71, 0x4e, 0xf5, 0x3b, 0x4c, 0x1b, 0x2f, 0x3c, 0x25, 0x54, 0xcd, 0x3b,
  0xe0, 0x0e, 0x60, 0x3c, 0x68, 0xc2, 0x32, 0x3c, 0x1d, 0x0a, 0x01, 0x3c,
  0xa6, 0x26, 0x26, 0x3c, 0x9a, 0x96, 0x87, 0x3c, 0x2d, 0x1c, 0x17, 0x3c,
  0xe5, 0x20, 0xb5, 0x3c, 0x22, 0x60, 0xe2, 0x3b, 0xdf, 0x19, 0x3a, 0x3c,
  0xe8, 0x40, 0x08, 0x3c, 0x20, 0xcb, 0x0b, 0x3c, 0x4c, 0x0d, 0xbd, 0x3b,
  0x8e, 0xc9, 0x03, 0x3c, 0xb3, 0x26, 0x9d, 0x3b, 0x29, 0x1b, 0xbe, 0x3b,
  0xdb, 0xf4, 0xf7, 0x3b, 0x8d, 0x64, 0x85, 0x3c, 0xde, 0xe9, 0x53, 0x3c,
  0x1d, 0x55, 0xce, 0x3b, 0xdd, 0x71, 0xf9, 0x3b, 0x8b, 0x72, 0xf6, 0x3b,
  0x44, 0xbc, 0x70, 0x3c, 0xe2, 0x8b, 0x59, 0x3c, 0x5b, 0xbe, 0xd6, 0x3b,
  0x5c, 0x0a, 0xe6, 0x3b, 0xd4, 0x0b, 0x88, 0x3c, 0xfc, 0x60, 0x7c, 0x3c,
  0x0e, 0xe1, 0x0a, 0x3c, 0x64, 0x43, 0x57, 0x3c, 0xfe, 0x7b, 0xc9, 0x3b,
  0x69, 0x1a, 0x6b, 0x3c, 0xb1, 0x97, 0x3e, 0x3c, 0x37, 0xca, 0xad, 0x3b,
  0x39, 0x1f, 0xc5, 0x3b, 0xc5, 0x16, 0x06, 0x3c, 0x67, 0x9d, 0xcf, 0x3b,
  0xaf, 0x58, 0xde, 0x3b, 0xcc, 0x3a, 0x0c, 0x3c, 0x12, 0x00, 0x00, 0x00,
  0x74, 0x66, 0x6c, 0x2e, 0x70, 0x73, 0x65, 0x75, 0x64, 0x6f, 0x5f, 0x71,
  0x63, 0x6f, 0x6e, 0x73, 0x74, 0x39, 0x00, 0x00, 0x04, 0x00, 0x00, 0x00,
  0x40, 0x00, 0x00, 0x00, 0x01, 0x00, 0x00, 0x00, 0x01, 0x00, 0x00, 0x00,
  0x20, 0x00, 0x00, 0x00, 0x3a, 0xeb, 0xff, 0xff, 0x00, 0x00, 0x00, 0x01,
  0x14, 0x00, 0x00, 0x00, 0x24, 0x03, 0x00, 0x00, 0x15, 0x00, 0x00, 0x00,
  0x00, 0x00, 0x00, 0x02, 0x30, 0x03, 0x00, 0x00, 0xfc, 0xed, 0xff, 0xff,
  0x08, 0x00, 0x00, 0x00, 0x08, 0x02, 0x00, 0x00, 0x40, 0x00, 0x00, 0x00,
  0x00, 0x00, 0x00, 0x00, 0x00, 0x00, 0x00, 0x00, 0x00, 0x00, 0x00, 0x00,
  0x00, 0x00, 0x00, 0x00, 0x00, 0x00, 0x00, 0x00, 0x00, 0x00, 0x00, 0x00,
  0x00, 0x00, 0x00, 0x00, 0x00, 0x00, 0x00, 0x00, 0x00, 0x00, 0x00, 0x00,
  0x00, 0x00, 0x00, 0x00, 0x00, 0x00, 0x00, 0x00, 0x00, 0x00, 0x00, 0x00,
  0x00, 0x00, 0x00, 0x00, 0x00, 0x00, 0x00, 0x00, 0x00, 0x00, 0x00, 0x00,
  0x00, 0x00, 0x00, 0x00, 0x00, 0x00, 0x00, 0x00, 0x00, 0x00, 0x00, 0x00,
  0x00, 0x00, 0x00, 0x00, 0x00, 0x00, 0x00, 0x00, 0x00, 0x00, 0x00, 0x00,
  0x00, 0x00, 0x00, 0x00, 0x00, 0x00, 0x00, 0x00, 0x00, 0x00, 0x00, 0x00,
  0x00, 0x00, 0x00, 0x00, 0x00, 0x00, 0x00, 0x00, 0x00, 0x00, 0x00, 0x00,
  0x00, 0x00, 0x00, 0x00, 0x00, 0x00, 0x00, 0x00, 0x00, 0x00, 0x00, 0x00,
  0x00, 0x00, 0x00, 0x00, 0x00, 0x00, 0x00, 0x00, 0x00, 0x00, 0x00, 0x00,
  0x00, 0x00, 0x00, 0x00, 0x00, 0x00, 0x00, 0x00, 0x00, 0x00, 0x00, 0x00,
  0x00, 0x00, 0x00, 0x00, 0x00, 0x00, 0x00, 0x00, 0x00, 0x00, 0x00, 0x00,
  0x00, 0x00, 0x00, 0x00, 0x00, 0x00, 0x00, 0x00, 0x00, 0x00, 0x00, 0x00,
  0x00, 0x00, 0x00, 0x00, 0x00, 0x00, 0x00, 0x00, 0x00, 0x00, 0x00, 0x00,
  0x00, 0x00, 0x00, 0x00, 0x00, 0x00, 0x00, 0x00, 0x00, 0x00, 0x00, 0x00,
  0x00, 0x00, 0x00, 0x00, 0x00, 0x00, 0x00, 0x00, 0x00, 0x00, 0x00, 0x00,
  0x00, 0x00, 0x00, 0x00, 0x00, 0x00, 0x00, 0x00, 0x00, 0x00, 0x00, 0x00,
  0x00, 0x00, 0x00, 0x00, 0x00, 0x00, 0x00, 0x00, 0x00, 0x00, 0x00, 0x00,
  0x00, 0x00, 0x00, 0x00, 0x00, 0x00, 0x00, 0x00, 0x00, 0x00, 0x00, 0x00,
  0x00, 0x00, 0x00, 0x00, 0x00, 0x00, 0x00, 0x00, 0x00, 0x00, 0x00, 0x00,
  0x00, 0x00, 0x00, 0x00, 0x00, 0x00, 0x00, 0x00, 0x00, 0x00, 0x00, 0x00,
  0x00, 0x00, 0x00, 0x00, 0x00, 0x00, 0x00, 0x00, 0x00, 0x00, 0x00, 0x00,
  0x00, 0x00, 0x00, 0x00, 0x00, 0x00, 0x00, 0x00, 0x00, 0x00, 0x00, 0x00,
  0x00, 0x00, 0x00, 0x00, 0x00, 0x00, 0x00, 0x00, 0x00, 0x00, 0x00, 0x00,
  0x00, 0x00, 0x00, 0x00, 0x00, 0x00, 0x00, 0x00, 0x00, 0x00, 0x00, 0x00,
  0x00, 0x00, 0x00, 0x00, 0x00, 0x00, 0x00, 0x00, 0x00, 0x00, 0x00, 0x00,
  0x00, 0x00, 0x00, 0x00, 0x00, 0x00, 0x00, 0x00, 0x00, 0x00, 0x00, 0x00,
  0x00, 0x00, 0x00, 0x00, 0x00, 0x00, 0x00, 0x00, 0x00, 0x00, 0x00, 0x00,
  0x00, 0x00, 0x00, 0x00, 0x00, 0x00, 0x00, 0x00, 0x00, 0x00, 0x00, 0x00,
  0x00, 0x00, 0x00, 0x00, 0x00, 0x00, 0x00, 0x00, 0x00, 0x00, 0x00, 0x00,
  0x00, 0x00, 0x00, 0x00, 0x00, 0x00, 0x00, 0x00, 0x00, 0x00, 0x00, 0x00,
  0x00, 0x00, 0x00, 0x00, 0x00, 0x00, 0x00, 0x00, 0x00, 0x00, 0x00, 0x00,
  0x00, 0x00, 0x00, 0x00, 0x00, 0x00, 0x00, 0x00, 0x00, 0x00, 0x00, 0x00,
  0x00, 0x00, 0x00, 0x00, 0x00, 0x00, 0x00, 0x00, 0x00, 0x00, 0x00, 0x00,
  0x00, 0x00, 0x00, 0x00, 0x00, 0x00, 0x00, 0x00, 0x00, 0x00, 0x00, 0x00,
  0x00, 0x00, 0x00, 0x00, 0x00, 0x00, 0x00, 0x00, 0x00, 0x00, 0x00, 0x00,
  0x00, 0x00, 0x00, 0x00, 0x00, 0x00, 0x00, 0x00, 0x00, 0x00, 0x00, 0x00,
  0x00, 0x00, 0x00, 0x00, 0x00, 0x00, 0x00, 0x00, 0x00, 0x00, 0x00, 0x00,
  0x00, 0x00, 0x00, 0x00, 0x00, 0x00, 0x00, 0x00, 0x00, 0x00, 0x00, 0x00,
  0x00, 0x00, 0x00, 0x00, 0x00, 0x00, 0x00, 0x00, 0x00, 0x00, 0x00, 0x00,
  0x00, 0x00, 0x00, 0x00, 0x00, 0x00, 0x00, 0x00, 0x00, 0x00, 0x00, 0x00,
  0x00, 0x00, 0x00, 0x00, 0x00, 0x00, 0x00, 0x00, 0x40, 0x00, 0x00, 0x00,
  0x9c, 0x63, 0x9d, 0x39, 0x37, 0xcd, 0x07, 0x3a, 0x80, 0xed, 0xb7, 0x39,
  0x66, 0x54, 0x16, 0x3a, 0xe5, 0x0b, 0x8b, 0x39, 0x7d, 0x36, 0xe9, 0x39,
  0x11, 0x87, 0x8e, 0x39, 0xb8, 0x28, 0xe9, 0x39, 0x88, 0x1b, 0xda, 0x39,
  0x52, 0x75, 0xb8, 0x39, 0x30, 0x89, 0x83, 0x39, 0xbd, 0x8c, 0xa6, 0x39,
  0x12, 0x9b, 0xce, 0x39, 0x9c, 0x9d, 0x0c, 0x3a, 0x5e, 0x17, 0x02, 0x3a,
  0xc3, 0xf3, 0x4c, 0x3a, 0x57, 0x5d, 0x20, 0x3a, 0x6c, 0xda, 0xc6, 0x39,
  0xb4, 0x0f, 0x9a, 0x39, 0x4e, 0x00, 0x9f, 0x39, 0xbe, 0xb6, 0xd2, 0x39,
  0xb6, 0x76, 0x1d, 0x3a, 0x0b, 0x13, 0xa2, 0x39, 0x65, 0x14, 0xd8, 0x39,
  0x67, 0x3e, 0x1a, 0x3a, 0x73, 0xdd, 0xb4, 0x39, 0xeb, 0x5c, 0x45, 0x3a,
  0x19, 0x76, 0x1d, 0x3a, 0x9b, 0x54, 0xe3, 0x39, 0xe8, 0x5a, 0x12, 0x3a,
  0x18, 0xde, 0x6e, 0x3a, 0x32, 0x1b, 0x05, 0x3a, 0x54, 0x8c, 0x9f, 0x3a,
  0x7e, 0x67, 0xc7, 0x39, 0xa3, 0xed, 0x23, 0x3a, 0x1f, 0x0a, 0xf0, 0x39,
  0x9e, 0x46, 0xf6, 0x39, 0x0f, 0x87, 0xa6, 0x39, 0xde, 0x2b, 0xe8, 0x39,
  0x76, 0x6d, 0x8a, 0x39, 0xc5, 0x74, 0xa7, 0x39, 0xfb, 0x69, 0xda, 0x39,
  0xec, 0xff, 0x6a, 0x3a, 0x54, 0xaa, 0x3a, 0x3a, 0xce, 0xbf, 0xb5, 0x39,
  0x98, 0xb9, 0xdb, 0x39, 0xb1, 0x15, 0xd9, 0x39, 0xa3, 0x0d, 0x54, 0x3a,
  0x8a, 0xa0, 0x3f, 0x3a, 0x80, 0x28, 0xbd, 0x39, 0xf0, 0xa1, 0xca, 0x39,
  0x9d, 0xac, 0x6f, 0x3a, 0x39, 0x4f, 0x5e, 0x3a, 0x41, 0xaa, 0xf4, 0x39,
  0xaf, 0x9d, 0x3d, 0x3a, 0x8e, 0x7a, 0xb1, 0x39, 0x92, 0x17, 0x4f, 0x3a,
  0x76, 0xe2, 0x27, 0x3a, 0x7b, 0x15, 0x99, 0x39, 0xd7, 0xa2, 0xad, 0x39,
  0xe4, 0x39, 0xec, 0x39, 0xfa, 0xe0, 0xb6, 0x39, 0xef, 0xda, 0xc3, 0x39,
  0x5a, 0x0b, 0xf7, 0x39, 0x12, 0x00, 0x00, 0x00, 0x74, 0x66, 0x6c, 0x2e,
  0x70, 0x73, 0x65, 0x75, 0x64, 0x6f, 0x5f, 0x71, 0x63, 0x6f, 0x6e, 0x73,
  0x74, 0x38, 0x00, 0x00, 0x01, 0x00, 0x00, 0x00, 0x40, 0x00, 0x00, 0x00,
  0x00, 0x00, 0x16, 0x00, 0x1e, 0x00, 0x18, 0x00, 0x17, 0x00, 0x10, 0x00,
  0x0c, 0x00, 0x08, 0x00, 0x00, 0x00, 0x00, 0x00, 0x00, 0x00, 0x07, 0x00,
  0x16, 0x00, 0x00, 0x00, 0x00, 0x00, 0x00, 0x01, 0x28, 0x00, 0x00, 0x00,
  0x40, 0x03, 0x00, 0x00, 0x14, 0x00, 0x00, 0x00, 0x00, 0x00, 0x00, 0x09,
  0x4c, 0x03, 0x00, 0x00, 0x00, 0x00, 0x12, 0x00, 0x10, 0x00, 0x00, 0x00,
  0x00, 0x00, 0x0c, 0x00, 0x08, 0x00, 0x00, 0x00, 0x00, 0x00, 0x04, 0x00,
  0x12, 0x00, 0x00, 0x00, 0x03, 0x00, 0x00, 0x00, 0x08, 0x00, 0x00, 0x00,
  0x0c, 0x02, 0x00, 0x00, 0x40, 0x00, 0x00, 0x00, 0x00, 0x00, 0x00, 0x00,
  0x00, 0x00, 0x00, 0x00, 0x00, 0x00, 0x00, 0x00, 0x00, 0x00, 0x00, 0x00,
  0x00, 0x00, 0x00, 0x00, 0x00, 0x00, 0x00, 0x00, 0x00, 0x00, 0x00, 0x00,
  0x00, 0x00, 0x00, 0x00, 0x00, 0x00, 0x00, 0x00, 0x00, 0x00, 0x00, 0x00,
  0x00, 0x00, 0x00, 0x00, 0x00, 0x00, 0x00, 0x00, 0x00, 0x00, 0x00, 0x00,
  0x00, 0x00, 0x00, 0x00, 0x00, 0x00, 0x00, 0x00, 0x00, 0x00, 0x00, 0x00,
  0x00, 0x00, 0x00, 0x00, 0x00, 0x00, 0x00, 0x00, 0x00, 0x00, 0x00, 0x00,
  0x00, 0x00, 0x00, 0x00, 0x00, 0x00, 0x00, 0x00, 0x00, 0x00, 0x00, 0x00,
  0x00, 0x00, 0x00, 0x00, 0x00, 0x00, 0x00, 0x00, 0x00, 0x00, 0x00, 0x00,
  0x00, 0x00, 0x00, 0x00, 0x00, 0x00, 0x00, 0x00, 0x00, 0x00, 0x00, 0x00,
  0x00, 0x00, 0x00, 0x00, 0x00, 0x00, 0x00, 0x00, 0x00, 0x00, 0x00, 0x00,
  0x00, 0x00, 0x00, 0x00, 0x00, 0x00, 0x00, 0x00, 0x00, 0x00, 0x00, 0x00,
  0x00, 0x00, 0x00, 0x00, 0x00, 0x00, 0x00, 0x00, 0x00, 0x00, 0x00, 0x00,
  0x00, 0x00, 0x00, 0x00, 0x00, 0x00, 0x00, 0x00, 0x00, 0x00, 0x00, 0x00,
  0x00, 0x00, 0x00, 0x00, 0x00, 0x00, 0x00, 0x00, 0x00, 0x00, 0x00, 0x00,
  0x00, 0x00, 0x00, 0x00, 0x00, 0x00, 0x00, 0x00, 0x00, 0x00, 0x00, 0x00,
  0x00, 0x00, 0x00, 0x00, 0x00, 0x00, 0x00, 0x00, 0x00, 0x00, 0x00, 0x00,
  0x00, 0x00, 0x00, 0x00, 0x00, 0x00, 0x00, 0x00, 0x00, 0x00, 0x00, 0x00,
  0x00, 0x00, 0x00, 0x00, 0x00, 0x00, 0x00, 0x00, 0x00, 0x00, 0x00, 0x00,
  0x00, 0x00, 0x00, 0x00, 0x00, 0x00, 0x00, 0x00, 0x00, 0x00, 0x00, 0x00,
  0x00, 0x00, 0x00, 0x00, 0x00, 0x00, 0x00, 0x00, 0x00, 0x00, 0x00, 0x00,
  0x00, 0x00, 0x00, 0x00, 0x00, 0x00, 0x00, 0x00, 0x00, 0x00, 0x00, 0x00,
  0x00, 0x00, 0x00, 0x00, 0x00, 0x00, 0x00, 0x00, 0x00, 0x00, 0x00, 0x00,
  0x00, 0x00, 0x00, 0x00, 0x00, 0x00, 0x00, 0x00, 0x00, 0x00, 0x00, 0x00,
  0x00, 0x00, 0x00, 0x00, 0x00, 0x00, 0x00, 0x00, 0x00, 0x00, 0x00, 0x00,
  0x00, 0x00, 0x00, 0x00, 0x00, 0x00, 0x00, 0x00, 0x00, 0x00, 0x00, 0x00,
  0x00, 0x00, 0x00, 0x00, 0x00, 0x00, 0x00, 0x00, 0x00, 0x00, 0x00, 0x00,
  0x00, 0x00, 0x00, 0x00, 0x00, 0x00, 0x00, 0x00, 0x00, 0x00, 0x00, 0x00,
  0x00, 0x00, 0x00, 0x00, 0x00, 0x00, 0x00, 0x00, 0x00, 0x00, 0x00, 0x00,
  0x00, 0x00, 0x00, 0x00, 0x00, 0x00, 0x00, 0x00, 0x00, 0x00, 0x00, 0x00,
  0x00, 0x00, 0x00, 0x00, 0x00, 0x00, 0x00, 0x00, 0x00, 0x00, 0x00, 0x00,
  0x00, 0x00, 0x00, 0x00, 0x00, 0x00, 0x00, 0x00, 0x00, 0x00, 0x00, 0x00,
  0x00, 0x00, 0x00, 0x00, 0x00, 0x00, 0x00, 0x00, 0x00, 0x00, 0x00, 0x00,
  0x00, 0x00, 0x00, 0x00, 0x00, 0x00, 0x00, 0x00, 0x00, 0x00, 0x00, 0x00,
  0x00, 0x00, 0x00, 0x00, 0x00, 0x00, 0x00, 0x00, 0x00, 0x00, 0x00, 0x00,
  0x00, 0x00, 0x00, 0x00, 0x00, 0x00, 0x00, 0x00, 0x00, 0x00, 0x00, 0x00,
  0x00, 0x00, 0x00, 0x00, 0x00, 0x00, 0x00, 0x00, 0x00, 0x00, 0x00, 0x00,
  0x00, 0x00, 0x00, 0x00, 0x00, 0x00, 0x00, 0x00, 0x00, 0x00, 0x00, 0x00,
  0x00, 0x00, 0x00, 0x00, 0x00, 0x00, 0x00, 0x00, 0x00, 0x00, 0x00, 0x00,
  0x00, 0x00, 0x00, 0x00, 0x00, 0x00, 0x00, 0x00, 0x00, 0x00, 0x00, 0x00,
  0x00, 0x00, 0x00, 0x00, 0x00, 0x00, 0x00, 0x00, 0x00, 0x00, 0x00, 0x00,
  0x00, 0x00, 0x00, 0x00, 0x00, 0x00, 0x00, 0x00, 0x00, 0x00, 0x00, 0x00,
  0x00, 0x00, 0x00, 0x00, 0x00, 0x00, 0x00, 0x00, 0x00, 0x00, 0x00, 0x00,
  0x00, 0x00, 0x00, 0x00, 0x00, 0x00, 0x00, 0x00, 0x40, 0x00, 0x00, 0x00,
  0x3e, 0x12, 0x85, 0x3b, 0x38, 0xe1, 0x7e, 0x3b, 0x78, 0x55, 0x8a, 0x3b,
  0xe2, 0x8a, 0x0e, 0x3b, 0x17, 0xb9, 0x33, 0x3b, 0x90, 0x07, 0x85, 0x3b,
  0xe4, 0x42, 0x65, 0x3b, 0x12, 0xb5, 0x4c, 0x3b, 0x03, 0x61, 0x63, 0x3b,
  0x91, 0x90, 0x75, 0x3b, 0x88, 0x96, 0x9a, 0x3b, 0x8e, 0x0a, 0x84, 0x3b,
  0x24, 0x6e, 0x4a, 0x3b, 0x03, 0xdb, 0x4d, 0x3b, 0xd3, 0x86, 0x5b, 0x3b,
  0xc6, 0xad, 0x05, 0x3b, 0x06, 0xb7, 0x22, 0x3b, 0xff, 0x6f, 0x85, 0x3b,
  0xf6, 0xac, 0x8e, 0x3b, 0x1e, 0xac, 0x8a, 0x3b, 0x8b, 0x50, 0x8d, 0x3b,
  0x3d, 0xb4, 0x2e, 0x3b, 0x7f, 0x79, 0x74, 0x3b, 0xe5, 0xd2, 0x4f, 0x3b,
  0xb5, 0x2d, 0x9e, 0x3b, 0x3c, 0x6e, 0x9d, 0x3b, 0x6a, 0xb0, 0x36, 0x3b,
  0x4a, 0xcf, 0x55, 0x3b, 0xc9, 0x22, 0x4e, 0x3b, 0x54, 0xd5, 0x83, 0x3b,
  0xaa, 0xfd, 0x1b, 0x3b, 0x2e, 0x83, 0x72, 0x3b, 0x41, 0x95, 0x43, 0x3b,
  0x3c, 0x65, 0xbb, 0x3a, 0xb4, 0x28, 0x40, 0x3b, 0x5e, 0xa4, 0x5e, 0x3b,
  0x6d, 0x2d, 0x4e, 0x3b, 0x12, 0x91, 0x1c, 0x3b, 0x60, 0x1a, 0x7a, 0x3b,
  0x53, 0xdb, 0x34, 0x3b, 0x80, 0xed, 0x91, 0x3b, 0x4a, 0x65, 0xb2, 0x3b,
  0x66, 0x6d, 0x06, 0x3b, 0xe6, 0x88, 0x9e, 0x3b, 0xef, 0x43, 0x4c, 0x3b,
  0xbe, 0x47, 0x8a, 0x3b, 0x6f, 0xab, 0x8e, 0x3b, 0xb4, 0xdf, 0x8a, 0x3b,
  0x11, 0xb9, 0x88, 0x3b, 0x89, 0x10, 0x96, 0x3b, 0xd5, 0xfb, 0x8e, 0x3b,
  0x4e, 0xab, 0x41, 0x3b, 0xba, 0x23, 0x88, 0x3b, 0xd8, 0x5f, 0x3e, 0x3b,
  0xbe, 0x75, 0x5a, 0x3b, 0x6c, 0xab, 0x77, 0x3b, 0xe2, 0xdb, 0x99, 0x3b,
  0xd8, 0x0e, 0x6c, 0x3b, 0x67, 0xba, 0x3f, 0x3b, 0xa2, 0xaa, 0x10, 0x3b,
  0xb5, 0xe3, 0x13, 0x3b, 0x71, 0x16, 0x81, 0x3b, 0xad, 0x4e, 0x88, 0x3b,
  0x75, 0xa7, 0xa0, 0x3b, 0x12, 0x00, 0x00, 0x00, 0x74, 0x66, 0x6c, 0x2e,
  0x70, 0x73, 0x65, 0x75, 0x64, 0x6f, 0x5f, 0x71, 0x63, 0x6f, 0x6e, 0x73,
  0x74, 0x37, 0x00, 0x00, 0x04, 0x00, 0x00, 0x00, 0x01, 0x00, 0x00, 0x00,
  0x03, 0x00, 0x00, 0x00, 0x01, 0x00, 0x00, 0x00, 0x40, 0x00, 0x00, 0x00,
  0x1a, 0xf2, 0xff, 0xff, 0x00, 0x00, 0x00, 0x01, 0x14, 0x00, 0x00, 0x00,
  0x24, 0x03, 0x00, 0x00, 0x13, 0x00, 0x00, 0x00, 0x00, 0x00, 0x00, 0x02,
  0x30, 0x03, 0x00, 0x00, 0xdc, 0xf4, 0xff, 0xff, 0x08, 0x00, 0x00, 0x00,
  0x08, 0x02, 0x00, 0x00, 0x40, 0x00, 0x00, 0x00, 0x00, 0x00, 0x00, 0x00,
  0x00, 0x00, 0x00, 0x00, 0x00, 0x00, 0x00, 0x00, 0x00, 0x00, 0x00, 0x00,
  0x00, 0x00, 0x00, 0x00, 0x00, 0x00, 0x00, 0x00, 0x00, 0x00, 0x00, 0x00,
  0x00, 0x00, 0x00, 0x00, 0x00, 0x00, 0x00, 0x00, 0x00, 0x00, 0x00, 0x00,
  0x00, 0x00, 0x00, 0x00, 0x00, 0x00, 0x00, 0x00, 0x00, 0x00, 0x00, 0x00,
  0x00, 0x00, 0x00, 0x00, 0x00, 0x00, 0x00, 0x00, 0x00, 0x00, 0x00, 0x00,
  0x00, 0x00, 0x00, 0x00, 0x00, 0x00, 0x00, 0x00, 0x00, 0x00, 0x00, 0x00,
  0x00, 0x00, 0x00, 0x00, 0x00, 0x00, 0x00, 0x00, 0x00, 0x00, 0x00, 0x00,
  0x00, 0x00, 0x00, 0x00, 0x00, 0x00, 0x00, 0x00, 0x00, 0x00, 0x00, 0x00,
  0x00, 0x00, 0x00, 0x00, 0x00, 0x00, 0x00, 0x00, 0x00, 0x00, 0x00, 0x00,
  0x00, 0x00, 0x00, 0x00, 0x00, 0x00, 0x00, 0x00, 0x00, 0x00, 0x00, 0x00,
  0x00, 0x00, 0x00, 0x00, 0x00, 0x00, 0x00, 0x00, 0x00, 0x00, 0x00, 0x00,
  0x00, 0x00, 0x00, 0x00, 0x00, 0x00, 0x00, 0x00, 0x00, 0x00, 0x00, 0x00,
  0x00, 0x00, 0x00, 0x00, 0x00, 0x00, 0x00, 0x00, 0x00, 0x00, 0x00, 0x00,
  0x00, 0x00, 0x00, 0x00, 0x00, 0x00, 0x00, 0x00, 0x00, 0x00, 0x00, 0x00,
  0x00, 0x00, 0x00, 0x00, 0x00, 0x00, 0x00, 0x00, 0x00, 0x00, 0x00, 0x00,
  0x00, 0x00, 0x00, 0x00, 0x00, 0x00, 0x00, 0x00, 0x00, 0x00, 0x00, 0x00,
  0x00, 0x00, 0x00, 0x00, 0x00, 0x00, 0x00, 0x00, 0x00, 0x00, 0x00, 0x00,
  0x00, 0x00, 0x00, 0x00, 0x00, 0x00, 0x00, 0x00, 0x00, 0x00, 0x00, 0x00,
  0x00, 0x00, 0x00, 0x00, 0x00, 0x00, 0x00, 0x00, 0x00, 0x00, 0x00, 0x00,
  0x00, 0x00, 0x00, 0x00, 0x00, 0x00, 0x00, 0x00, 0x00, 0x00, 0x00, 0x00,
  0x00, 0x00, 0x00, 0x00, 0x00, 0x00, 0x00, 0x00, 0x00, 0x00, 0x00, 0x00,
  0x00, 0x00, 0x00, 0x00, 0x00, 0x00, 0x00, 0x00, 0x00, 0x00, 0x00, 0x00,
  0x00, 0x00, 0x00, 0x00, 0x00, 0x00, 0x00, 0x00, 0x00, 0x00, 0x00, 0x00,
  0x00, 0x00, 0x00, 0x00, 0x00, 0x00, 0x00, 0x00, 0x00, 0x00, 0x00, 0x00,
  0x00, 0x00, 0x00, 0x00, 0x00, 0x00, 0x00, 0x00, 0x00, 0x00, 0x00, 0x00,
  0x00, 0x00, 0x00, 0x00, 0x00, 0x00, 0x00, 0x00, 0x00, 0x00, 0x00, 0x00,
  0x00, 0x00, 0x00, 0x00, 0x00, 0x00, 0x00, 0x00, 0x00, 0x00, 0x00, 0x00,
  0x00, 0x00, 0x00, 0x00, 0x00, 0x00, 0x00, 0x00, 0x00, 0x00, 0x00, 0x00,
  0x00, 0x00, 0x00, 0x00, 0x00, 0x00, 0x00, 0x00, 0x00, 0x00, 0x00, 0x00,
  0x00, 0x00, 0x00, 0x00, 0x00, 0x00, 0x00, 0x00, 0x00, 0x00, 0x00, 0x00,
  0x00, 0x00, 0x00, 0x00, 0x00, 0x00, 0x00, 0x00, 0x00, 0x00, 0x00, 0x00,
  0x00, 0x00, 0x00, 0x00, 0x00, 0x00, 0x00, 0x00, 0x00, 0x00, 0x00, 0x00,
  0x00, 0x00, 0x00, 0x00, 0x00, 0x00, 0x00, 0x00, 0x00, 0x00, 0x00, 0x00,
  0x00, 0x00, 0x00, 0x00, 0x00, 0x00, 0x00, 0x00, 0x00, 0x00, 0x00, 0x00,
  0x00, 0x00, 0x00, 0x00, 0x00, 0x00, 0x00, 0x00, 0x00, 0x00, 0x00, 0x00,
  0x00, 0x00, 0x00, 0x00, 0x00, 0x00, 0x00, 0x00, 0x00, 0x00, 0x00, 0x00,
  0x00, 0x00, 0x00, 0x00, 0x00, 0x00, 0x00, 0x00, 0x00, 0x00, 0x00, 0x00,
  0x00, 0x00, 0x00, 0x00, 0x00, 0x00, 0x00, 0x00, 0x00, 0x00, 0x00, 0x00,
  0x00, 0x00, 0x00, 0x00, 0x00, 0x00, 0x00, 0x00, 0x00, 0x00, 0x00, 0x00,
  0x00, 0x00, 0x00, 0x00, 0x00, 0x00, 0x00, 0x00, 0x00, 0x00, 0x00, 0x00,
  0x00, 0x00, 0x00, 0x00, 0x00, 0x00, 0x00, 0x00, 0x00, 0x00, 0x00, 0x00,
  0x00, 0x00, 0x00, 0x00, 0x00, 0x00, 0x00, 0x00, 0x00, 0x00, 0x00, 0x00,
  0x00, 0x00, 0x00, 0x00, 0x40, 0x00, 0x00, 0x00, 0xa7, 0x25, 0x7e, 0x39,
  0x57, 0x64, 0x73, 0x39, 0x55, 0x19, 0x84, 0x39, 0x2f, 0x1e, 0x08, 0x39,
  0x64, 0x9f, 0x2b, 0x39, 0x41, 0x11, 0x7e, 0x39, 0x9b, 0xed, 0x5a, 0x39,
  0x19, 0x7b, 0x43, 0x39, 0x72, 0x21, 0x59, 0x39, 0x2b, 0x7f, 0x6a, 0x39,
  0xd9, 0x9e, 0x93, 0x39, 0x0c, 0x2e, 0x7c, 0x39, 0x71, 0x4e, 0x41, 0x39,
  0xca, 0x93, 0x44, 0x39, 0xdc, 0xa1, 0x51, 0x39, 0xb2, 0x4e, 0xff, 0x38,
  0x92, 0x61, 0x1b, 0x39, 0xb5, 0xd8, 0x7e, 0x39, 0xba, 0x3e, 0x88, 0x39,
  0x13, 0x6c, 0x84, 0x39, 0x03, 0xf2, 0x86, 0x39, 0x73, 0xd4, 0x26, 0x39,
  0xad, 0x74, 0x69, 0x39, 0xf6, 0x74, 0x46, 0x39, 0x98, 0x0c, 0x97, 0x39,
  0xc1, 0x55, 0x96, 0x39, 0x7e, 0x74, 0x2e, 0x39, 0x4a, 0x2c, 0x4c, 0x39,
  0x54, 0xd8, 0x44, 0x39, 0x64, 0xc8, 0x7b, 0x39, 0xcb, 0xf5, 0x14, 0x39,
  0x00, 0x95, 0x67, 0x39, 0x8f, 0xc4, 0x3a, 0x39, 0x02, 0xf3, 0xb2, 0x38,
  0x84, 0x7f, 0x37, 0x39, 0x75, 0x9b, 0x54, 0x39, 0x7d, 0xe2, 0x44, 0x39,
  0x8f, 0x82, 0x15, 0x39, 0x9d, 0xd4, 0x6e, 0x39, 0x8c, 0xb4, 0x2c, 0x39,
  0xbe, 0x59, 0x8b, 0x39, 0xe8, 0x5a, 0xaa, 0x39, 0x56, 0x5e, 0x00, 0x39,
  0xad, 0x63, 0x97, 0x39, 0x0f, 0x0f, 0x43, 0x39, 0x39, 0x0c, 0x84, 0x39,
  0x45, 0x3d, 0x88, 0x39, 0x56, 0x9d, 0x84, 0x39, 0x84, 0x8f, 0x82, 0x39,
  0x0c, 0x4d, 0x8f, 0x39, 0x0b, 0x8a, 0x88, 0x39, 0xb1, 0xf0, 0x38, 0x39,
  0xe8, 0x00, 0x82, 0x39, 0x3f, 0xcb, 0x35, 0x39, 0x16, 0x9d, 0x50, 0x39,
  0xbc, 0x81, 0x6c, 0x39, 0x9d, 0xec, 0x92, 0x39, 0x23, 0x6b, 0x61, 0x39,
  0x30, 0x16, 0x37, 0x39, 0x6d, 0x25, 0x0a, 0x39, 0x50, 0x39, 0x0d, 0x39,
  0xfb, 0x89, 0x76, 0x39, 0xec, 0x29, 0x82, 0x39, 0xc8, 0x69, 0x99, 0x39,
  0x12, 0x00, 0x00, 0x00, 0x74, 0x66, 0x6c, 0x2e, 0x70, 0x73, 0x65, 0x75,
  0x64, 0x6f, 0x5f, 0x71, 0x63, 0x6f, 0x6e, 0x73, 0x74, 0x36, 0x00, 0x00,
  0x01, 0x00, 0x00, 0x00, 0x40, 0x00, 0x00, 0x00, 0x6a, 0xf5, 0xff, 0xff,
  0x00, 0x00, 0x00, 0x01, 0x14, 0x00, 0x00, 0x00, 0x28, 0x03, 0x00, 0x00,
  0x12, 0x00, 0x00, 0x00, 0x00, 0x00, 0x00, 0x09, 0x34, 0x03, 0x00, 0x00,
  0x2c, 0xf8, 0xff, 0xff, 0x08, 0x00, 0x00, 0x00, 0x0c, 0x02, 0x00, 0x00,
  0x40, 0x00, 0x00, 0x00, 0x00, 0x00, 0x00, 0x00, 0x00, 0x00, 0x00, 0x00,
  0x00, 0x00, 0x00, 0x00, 0x00, 0x00, 0x00, 0x00, 0x00, 0x00, 0x00, 0x00,
  0x00, 0x00, 0x00, 0x00, 0x00, 0x00, 0x00, 0x00, 0x00, 0x00, 0x00, 0x00,
  0x00, 0x00, 0x00, 0x00, 0x00, 0x00, 0x00, 0x00, 0x00, 0x00, 0x00, 0x00,
  0x00, 0x00, 0x00, 0x00, 0x00, 0x00, 0x00, 0x00, 0x00, 0x00, 0x00, 0x00,
  0x00, 0x00, 0x00, 0x00, 0x00, 0x00, 0x00, 0x00, 0x00, 0x00, 0x00, 0x00,
  0x00, 0x00, 0x00, 0x00, 0x00, 0x00, 0x00, 0x00, 0x00, 0x00, 0x00, 0x00,
  0x00, 0x00, 0x00, 0x00, 0x00, 0x00, 0x00, 0x00, 0x00, 0x00, 0x00, 0x00,
  0x00, 0x00, 0x00, 0x00, 0x00, 0x00, 0x00, 0x00, 0x00, 0x00, 0x00, 0x00,
  0x00, 0x00, 0x00, 0x00, 0x00, 0x00, 0x00, 0x00, 0x00, 0x00, 0x00, 0x00,
  0x00, 0x00, 0x00, 0x00, 0x00, 0x00, 0x00, 0x00, 0x00, 0x00, 0x00, 0x00,
  0x00, 0x00, 0x00, 0x00, 0x00, 0x00, 0x00, 0x00, 0x00, 0x00, 0x00, 0x00,
  0x00, 0x00, 0x00, 0x00, 0x00, 0x00, 0x00, 0x00, 0x00, 0x00, 0x00, 0x00,
  0x00, 0x00, 0x00, 0x00, 0x00, 0x00, 0x00, 0x00, 0x00, 0x00, 0x00, 0x00,
  0x00, 0x00, 0x00, 0x00, 0x00, 0x00, 0x00, 0x00, 0x00, 0x00, 0x00, 0x00,
  0x00, 0x00, 0x00, 0x00, 0x00, 0x00, 0x00, 0x00, 0x00, 0x00, 0x00, 0x00,
  0x00, 0x00, 0x00, 0x00, 0x00, 0x00, 0x00, 0x00, 0x00, 0x00, 0x00, 0x00,
  0x00, 0x00, 0x00, 0x00, 0x00, 0x00, 0x00, 0x00, 0x00, 0x00, 0x00, 0x00,
  0x00, 0x00, 0x00, 0x00, 0x00, 0x00, 0x00, 0x00, 0x00, 0x00, 0x00, 0x00,
  0x00, 0x00, 0x00, 0x00, 0x00, 0x00, 0x00, 0x00, 0x00, 0x00, 0x00, 0x00,
  0x00, 0x00, 0x00, 0x00, 0x00, 0x00, 0x00, 0x00, 0x00, 0x00, 0x00, 0x00,
  0x00, 0x00, 0x00, 0x00, 0x00, 0x00, 0x00, 0x00, 0x00, 0x00, 0x00, 0x00,
  0x00, 0x00, 0x00, 0x00, 0x00, 0x00, 0x00, 0x00, 0x00, 0x00, 0x00, 0x00,
  0x00, 0x00, 0x00, 0x00, 0x00, 0x00, 0x00, 0x00, 0x00, 0x00, 0x00, 0x00,
  0x00, 0x00, 0x00, 0x00, 0x00, 0x00, 0x00, 0x00, 0x00, 0x00, 0x00, 0x00,
  0x00, 0x00, 0x00, 0x00, 0x00, 0x00, 0x00, 0x00, 0x00, 0x00, 0x00, 0x00,
  0x00, 0x00, 0x00, 0x00, 0x00, 0x00, 0x00, 0x00, 0x00, 0x00, 0x00, 0x00,
  0x00, 0x00, 0x00, 0x00, 0x00, 0x00, 0x00, 0x00, 0x00, 0x00, 0x00, 0x00,
  0x00, 0x00, 0x00, 0x00, 0x00, 0x00, 0x00, 0x00, 0x00, 0x00, 0x00, 0x00,
  0x00, 0x00, 0x00, 0x00, 0x00, 0x00, 0x00, 0x00, 0x00, 0x00, 0x00, 0x00,
  0x00, 0x00, 0x00, 0x00, 0x00, 0x00, 0x00, 0x00, 0x00, 0x00, 0x00, 0x00,
  0x00, 0x00, 0x00, 0x00, 0x00, 0x00, 0x00, 0x00, 0x00, 0x00, 0x00, 0x00,
  0x00, 0x00, 0x00, 0x00, 0x00, 0x00, 0x00, 0x00, 0x00, 0x00, 0x00, 0x00,
  0x00, 0x00, 0x00, 0x00, 0x00, 0x00, 0x00, 0x00, 0x00, 0x00, 0x00, 0x00,
  0x00, 0x00, 0x00, 0x00, 0x00, 0x00, 0x00, 0x00, 0x00, 0x00, 0x00, 0x00,
  0x00, 0x00, 0x00, 0x00, 0x00, 0x00, 0x00, 0x00, 0x00, 0x00, 0x00, 0x00,
  0x00, 0x00, 0x00, 0x00, 0x00, 0x00, 0x00, 0x00, 0x00, 0x00, 0x00, 0x00,
  0x00, 0x00, 0x00, 0x00, 0x00, 0x00, 0x00, 0x00, 0x00, 0x00, 0x00, 0x00,
  0x00, 0x00, 0x00, 0x00, 0x00, 0x00, 0x00, 0x00, 0x00, 0x00, 0x00, 0x00,
  0x00, 0x00, 0x00, 0x00, 0x00, 0x00, 0x00, 0x00, 0x00, 0x00, 0x00, 0x00,
  0x00, 0x00, 0x00, 0x00, 0x00, 0x00, 0x00, 0x00, 0x00, 0x00, 0x00, 0x00,
  0x00, 0x00, 0x00, 0x00, 0x00, 0x00, 0x00, 0x00, 0x00, 0x00, 0x00, 0x00,
  0x00, 0x00, 0x00, 0x00, 0x00, 0x00, 0x00, 0x00, 0x00, 0x00, 0x00, 0x00,
  0x00, 0x00, 0x00, 0x00, 0x40, 0x00, 0x00, 0x00, 0x38, 0xb7, 0x9c, 0x3c,
  0xf0, 0x1a, 0x37, 0x3c, 0xe0, 0xf8, 0x46, 0x3d, 0x0e, 0x24, 0x0a, 0x3d,
  0x2e, 0xa5, 0x24, 0x3d, 0x35, 0x2d, 0xae, 0x3c, 0x44, 0x1a, 0xd0, 0x3c,
  0xe8, 0x5c, 0xc8, 0x3c, 0x3d, 0x45, 0xfb, 0x3c, 0x13, 0x94, 0xe8, 0x3c,
  0x91, 0x20, 0xf0, 0x3c, 0x45, 0xc1, 0x86, 0x3c, 0x99, 0xeb, 0xfe, 0x3c,
  0xa2, 0xa5, 0xb7, 0x3c, 0x86, 0xaf, 0xce, 0x3c, 0x28, 0xc8, 0xed, 0x3c,
  0xee, 0xd3, 0xfe, 0x3c, 0x1a, 0x33, 0xaf, 0x3c, 0x72, 0x02, 0xf1, 0x3c,
  0xf7, 0xe0, 0xa3, 0x3c, 0x10, 0x9c, 0x11, 0x3d, 0xeb, 0x84, 0xc3, 0x3c,
  0x12, 0xa7, 0xc3, 0x3c, 0xc3, 0x18, 0xf7, 0x3c, 0xb0, 0x53, 0x0b, 0x3d,
  0xec, 0x9b, 0x0e, 0x3d, 0x23, 0x3c, 0xa4, 0x3c, 0xeb, 0xec, 0xb3, 0x3c,
  0x09, 0x5b, 0xb0, 0x3c, 0xe2, 0x36, 0xce, 0x3c, 0x63, 0xbc, 0x88, 0x3c,
  0xe1, 0xae, 0x4f, 0x3d, 0x86, 0x82, 0x05, 0x3d, 0x70, 0xf3, 0xcd, 0x3c,
  0x9a, 0x72, 0x08, 0x3d, 0xf1, 0x9d, 0xdd, 0x3c, 0xe5, 0xf3, 0xe7, 0x3c,
  0x1c, 0x3c, 0xa6, 0x3c, 0x66, 0xe6, 0xc6, 0x3c, 0x53, 0xaf, 0xf5, 0x3c,
  0x1a, 0xbc, 0xd5, 0x3c, 0x27, 0x6c, 0xe4, 0x3c, 0x3c, 0xeb, 0xa3, 0x3c,
  0x82, 0x0a, 0x10, 0x3d, 0x47, 0x58, 0xf9, 0x3c, 0x79, 0x66, 0x84, 0x3c,
  0x5e, 0x42, 0xc8, 0x3c, 0x4b, 0xd3, 0xfe, 0x3c, 0x61, 0xad, 0xb8, 0x3c,
  0xc3, 0x49, 0x80, 0x3c, 0xb7, 0x75, 0xe7, 0x3c, 0x43, 0x2a, 0x8e, 0x3c,
  0x67, 0xd2, 0xfa, 0x3c, 0x01, 0x52, 0xd6, 0x3c, 0x62, 0x35, 0x06, 0x3d,
  0xa4, 0x52, 0xa5, 0x3c, 0xa2, 0x4a, 0x2f, 0x3c, 0x3e, 0x8e, 0x94, 0x3c,
  0xb0, 0x3c, 0xbd, 0x3c, 0x75, 0x76, 0xbe, 0x3c, 0x9b, 0x4d, 0xe7, 0x3c,
  0x81, 0x1b, 0x8b, 0x3c, 0xcc, 0xc6, 0xf7, 0x3c, 0x7d, 0x28, 0x08, 0x3d,
  0x12, 0x00, 0x00, 0x00, 0x74, 0x66, 0x6c, 0x2e, 0x70, 0x73, 0x65, 0x75,
  0x64, 0x6f, 0x5f, 0x71, 0x63, 0x6f, 0x6e, 0x73, 0x74, 0x35, 0x00, 0x00,
  0x04, 0x00, 0x00, 0x00, 0x40, 0x00, 0x00, 0x00, 0x01, 0x00, 0x00, 0x00,
  0x01, 0x00, 0x00, 0x00, 0x40, 0x00, 0x00, 0x00, 0xca, 0xf8, 0xff, 0xff,
  0x00, 0x00, 0x00, 0x01, 0x14, 0x00, 0x00, 0x00, 0x24, 0x03, 0x00, 0x00,
  0x11, 0x00, 0x00, 0x00, 0x00, 0x00, 0x00, 0x02, 0x30, 0x03, 0x00, 0x00,
  0x8c, 0xfb, 0xff, 0xff, 0x08, 0x00, 0x00, 0x00, 0x08, 0x02, 0x00, 0x00,
  0x40, 0x00, 0x00, 0x00, 0x00, 0x00, 0x00, 0x00, 0x00, 0x00, 0x00, 0x00,
  0x00, 0x00, 0x00, 0x00, 0x00, 0x00, 0x00, 0x00, 0x00, 0x00, 0x00, 0x00,
  0x00, 0x00, 0x00, 0x00, 0x00, 0x00, 0x00, 0x00, 0x00, 0x00, 0x00, 0x00,
  0x00, 0x00, 0x00, 0x00, 0x00, 0x00, 0x00, 0x00, 0x00, 0x00, 0x00, 0x00,
  0x00, 0x00, 0x00, 0x00, 0x00, 0x00, 0x00, 0x00, 0x00, 0x00, 0x00, 0x00,
  0x00, 0x00, 0x00, 0x00, 0x00, 0x00, 0x00, 0x00, 0x00, 0x00, 0x00, 0x00,
  0x00, 0x00, 0x00, 0x00, 0x00, 0x00, 0x00, 0x00, 0x00, 0x00, 0x00, 0x00,
  0x00, 0x00, 0x00, 0x00, 0x00, 0x00, 0x00, 0x00, 0x00, 0x00, 0x00, 0x00,
  0x00, 0x00, 0x00, 0x00, 0x00, 0x00, 0x00, 0x00, 0x00, 0x00, 0x00, 0x00,
  0x00, 0x00, 0x00, 0x00, 0x00, 0x00, 0x00, 0x00, 0x00, 0x00, 0x00, 0x00,
  0x00, 0x00, 0x00, 0x00, 0x00, 0x00, 0x00, 0x00, 0x00, 0x00, 0x00, 0x00,
  0x00, 0x00, 0x00, 0x00, 0x00, 0x00, 0x00, 0x00, 0x00, 0x00, 0x00, 0x00,
  0x00, 0x00, 0x00, 0x00, 0x00, 0x00, 0x00, 0x00, 0x00, 0x00, 0x00, 0x00,
  0x00, 0x00, 0x00, 0x00, 0x00, 0x00, 0x00, 0x00, 0x00, 0x00, 0x00, 0x00,
  0x00, 0x00, 0x00, 0x00, 0x00, 0x00, 0x00, 0x00, 0x00, 0x00, 0x00, 0x00,
  0x00, 0x00, 0x00, 0x00, 0x00, 0x00, 0x00, 0x00, 0x00, 0x00, 0x00, 0x00,
  0x00, 0x00, 0x00, 0x00, 0x00, 0x00, 0x00, 0x00, 0x00, 0x00, 0x00, 0x00,
  0x00, 0x00, 0x00, 0x00, 0x00, 0x00, 0x00, 0x00, 0x00, 0x00, 0x00, 0x00,
  0x00, 0x00, 0x00, 0x00, 0x00, 0x00, 0x00, 0x00, 0x00, 0x00, 0x00, 0x00,
  0x00, 0x00, 0x00, 0x00, 0x00, 0x00, 0x00, 0x00, 0x00, 0x00, 0x00, 0x00,
  0x00, 0x00, 0x00, 0x00, 0x00, 0x00, 0x00, 0x00, 0x00, 0x00, 0x00, 0x00,
  0x00, 0x00, 0x00, 0x00, 0x00, 0x00, 0x00, 0x00, 0x00, 0x00, 0x00, 0x00,
  0x00, 0x00, 0x00, 0x00, 0x00, 0x00, 0x00, 0x00, 0x00, 0x00, 0x00, 0x00,
  0x00, 0x00, 0x00, 0x00, 0x00, 0x00, 0x00, 0x00, 0x00, 0x00, 0x00, 0x00,
  0x00, 0x00, 0x00, 0x00, 0x00, 0x00, 0x00, 0x00, 0x00, 0x00, 0x00, 0x00,
  0x00, 0x00, 0x00, 0x00, 0x00, 0x00, 0x00, 0x00, 0x00, 0x00, 0x00, 0x00,
  0x00, 0x00, 0x00, 0x00, 0x00, 0x00, 0x00, 0x00, 0x00, 0x00, 0x00, 0x00,
  0x00, 0x00, 0x00, 0x00, 0x00, 0x00, 0x00, 0x00, 0x00, 0x00, 0x00, 0x00,
  0x00, 0x00, 0x00, 0x00, 0x00, 0x00, 0x00, 0x00, 0x00, 0x00, 0x00, 0x00,
  0x00, 0x00, 0x00, 0x00, 0x00, 0x00, 0x00, 0x00, 0x00, 0x00, 0x00, 0x00,
  0x00, 0x00, 0x00, 0x00, 0x00, 0x00, 0x00, 0x00, 0x00, 0x00, 0x00, 0x00,
  0x00, 0x00, 0x00, 0x00, 0x00, 0x00, 0x00, 0x00, 0x00, 0x00, 0x00, 0x00,
  0x00, 0x00, 0x00, 0x00, 0x00, 0x00, 0x00, 0x00, 0x00, 0x00, 0x00, 0x00,
  0x00, 0x00, 0x00, 0x00, 0x00, 0x00, 0x00, 0x00, 0x00, 0x00, 0x00, 0x00,
  0x00, 0x00, 0x00, 0x00, 0x00, 0x00, 0x00, 0x00, 0x00, 0x00, 0x00, 0x00,
  0x00, 0x00, 0x00, 0x00, 0x00, 0x00, 0x00, 0x00, 0x00, 0x00, 0x00, 0x00,
  0x00, 0x00, 0x00, 0x00, 0x00, 0x00, 0x00, 0x00, 0x00, 0x00, 0x00, 0x00,
  0x00, 0x00, 0x00, 0x00, 0x00, 0x00, 0x00, 0x00, 0x00, 0x00, 0x00, 0x00,
  0x00, 0x00, 0x00, 0x00, 0x00, 0x00, 0x00, 0x00, 0x00, 0x00, 0x00, 0x00,
  0x00, 0x00, 0x00, 0x00, 0x00, 0x00, 0x00, 0x00, 0x00, 0x00, 0x00, 0x00,
  0x00, 0x00, 0x00, 0x00, 0x00, 0x00, 0x00, 0x00, 0x00, 0x00, 0x00, 0x00,
  0x00, 0x00, 0x00, 0x00, 0x00, 0x00, 0x00, 0x00, 0x00, 0x00, 0x00, 0x00,
  0x00, 0x00, 0x00, 0x00, 0x00, 0x00, 0x00, 0x00, 0x00, 0x00, 0x00, 0x00,
  0x40, 0x00, 0x00, 0x00, 0x65, 0xeb, 0x98, 0x3a, 0x77, 0xab, 0x32, 0x3a,
  0x02, 0x27, 0x42, 0x3b, 0x6a, 0xcb, 0x06, 0x3b, 0x2e, 0xa8, 0x20, 0x3b,
  0x1a, 0xf5, 0xa9, 0x3a, 0xc7, 0x0f, 0xcb, 0x3a, 0x6a, 0x82, 0xc3, 0x3a,
  0x0f, 0x2f, 0xf5, 0x3a, 0xcf, 0xf1, 0xe2, 0x3a, 0x7d, 0x4f, 0xea, 0x3a,
  0xa0, 0x7d, 0x83, 0x3a, 0xc9, 0xbe, 0xf8, 0x3a, 0xcd, 0x32, 0xb3, 0x3a,
  0xd3, 0xad, 0xc9, 0x3a, 0x9f, 0x05, 0xe8, 0x3a, 0xb1, 0xa7, 0xf8, 0x3a,
  0xa7, 0xf4, 0xaa, 0x3a, 0xe5, 0x2b, 0xeb, 0x3a, 0xb8, 0xe8, 0x9f, 0x3a,
  0x1c, 0x15, 0x0e, 0x3b, 0x77, 0xc8, 0xbe, 0x3a, 0xca, 0xe9, 0xbe, 0x3a,
  0x77, 0x1c, 0xf1, 0x3a, 0xb1, 0xf3, 0x07, 0x3b, 0x93, 0x27, 0x0b, 0x3b,
  0xaf, 0x41, 0xa0, 0x3a, 0x2a, 0x91, 0xaf, 0x3a, 0x6b, 0x15, 0xac, 0x3a,
  0x1b, 0x38, 0xc9, 0x3a, 0x76, 0x6c, 0x85, 0x3a, 0xfe, 0xa6, 0x4a, 0x3b,
  0x9a, 0x46, 0x02, 0x3b, 0x4b, 0xf6, 0xc8, 0x3a, 0x76, 0x24, 0x05, 0x3b,
  0xa6, 0x3f, 0xd8, 0x3a, 0x82, 0x55, 0xe2, 0x3a, 0x41, 0x35, 0xa2, 0x3a,
  0xfb, 0x14, 0xc2, 0x3a, 0xc8, 0xbb, 0xef, 0x3a, 0xb0, 0x8e, 0xd0, 0x3a,
  0xa9, 0xe3, 0xde, 0x3a, 0xbd, 0xf2, 0x9f, 0x3a, 0x48, 0x8d, 0x0c, 0x3b,
  0x0a, 0x4e, 0xf3, 0x3a, 0x6f, 0x31, 0x81, 0x3a, 0x85, 0x68, 0xc3, 0x3a,
  0x12, 0xa7, 0xf8, 0x3a, 0x28, 0x34, 0xb4, 0x3a, 0x71, 0x5c, 0x7a, 0x3a,
  0x63, 0xda, 0xe1, 0x3a, 0xab, 0xb8, 0x8a, 0x3a, 0x01, 0xbf, 0xf4, 0x3a,
  0xf6, 0x20, 0xd1, 0x3a, 0x21, 0xf5, 0x02, 0x3b, 0x71, 0x51, 0xa1, 0x3a,
  0x9d, 0x0b, 0x2b, 0x3a, 0x05, 0xf5, 0x90, 0x3a, 0x31, 0xa7, 0xb8, 0x3a,
  0x5c, 0xd9, 0xb9, 0x3a, 0x3f, 0xb3, 0xe1, 0x3a, 0xdf, 0xbc, 0x87, 0x3a,
  0x49, 0xc6, 0xf1, 0x3a, 0x25, 0xdc, 0x04, 0x3b, 0x12, 0x00, 0x00, 0x00,
  0x74, 0x66, 0x6c, 0x2e, 0x70, 0x73, 0x65, 0x75, 0x64, 0x6f, 0x5f, 0x71,
  0x63, 0x6f, 0x6e, 0x73, 0x74, 0x34, 0x00, 0x00, 0x01, 0x00, 0x00, 0x00,
  0x40, 0x00, 0x00, 0x00, 0x1a, 0xfc, 0xff, 0xff, 0x00, 0x00, 0x00, 0x01,
  0x14, 0x00, 0x00, 0x00, 0x30, 0x00, 0x00, 0x00, 0x10, 0x00, 0x00, 0x00,
  0x00, 0x00, 0x00, 0x09, 0x3c, 0x00, 0x00, 0x00, 0xdc, 0xfe, 0xff, 0xff,
  0x08, 0x00, 0x00, 0x00, 0x10, 0x00, 0x00, 0x00, 0x01, 0x00, 0x00, 0x00,
  0x00, 0x00, 0x00, 0x00, 0x00, 0x00, 0x00, 0x00, 0x01, 0x00, 0x00, 0x00,
  0xd5, 0xce, 0xdf, 0x3b, 0x12, 0x00, 0x00, 0x00, 0x74, 0x66, 0x6c, 0x2e,
  0x70, 0x73, 0x65, 0x75, 0x64, 0x6f, 0x5f, 0x71, 0x63, 0x6f, 0x6e, 0x73,
  0x74, 0x33, 0x00, 0x00, 0x02, 0x00, 0x00, 0x00, 0x20, 0x00, 0x00, 0x00,
  0x40, 0x00, 0x00, 0x00, 0x7a, 0xfc, 0xff, 0xff, 0x00, 0x00, 0x00, 0x01,
  0x14, 0x00, 0x00, 0x00, 0x34, 0x00, 0x00, 0x00, 0x0f, 0x00, 0x00, 0x00,
  0x00, 0x00, 0x00, 0x02, 0x40, 0x00, 0x00, 0x00, 0x3c, 0xff, 0xff, 0xff,
  0x08, 0x00, 0x00, 0x00, 0x14, 0x00, 0x00, 0x00, 0x01, 0x00, 0x00, 0x00,
  0x00, 0x00, 0x00, 0x00, 0x00, 0x00, 0x00, 0x00, 0x00, 0x00, 0x00, 0x00,
  0x01, 0x00, 0x00, 0x00, 0x1a, 0x8a, 0x3d, 0x38, 0x12, 0x00, 0x00, 0x00,
  0x74, 0x66, 0x6c, 0x2e, 0x70, 0x73, 0x65, 0x75, 0x64, 0x6f, 0x5f, 0x71,
  0x63, 0x6f, 0x6e, 0x73, 0x74, 0x32, 0x00, 0x00, 0x01, 0x00, 0x00, 0x00,
  0x20, 0x00, 0x00, 0x00, 0xda, 0xfc, 0xff, 0xff, 0x00, 0x00, 0x00, 0x01,
  0x14, 0x00, 0x00, 0x00, 0x34, 0x00, 0x00, 0x00, 0x0e, 0x00, 0x00, 0x00,
  0x00, 0x00, 0x00, 0x09, 0x40, 0x00, 0x00, 0x00, 0x9c, 0xff, 0xff, 0xff,
  0x08, 0x00, 0x00, 0x00, 0x14, 0x00, 0x00, 0x00, 0x01, 0x00, 0x00, 0x00,
  0x00, 0x00, 0x00, 0x00, 0x00, 0x00, 0x00, 0x00, 0x00, 0x00, 0x00, 0x00,
  0x01, 0x00, 0x00, 0x00, 0x7b, 0xfd, 0x4f, 0x3c, 0x12, 0x00, 0x00, 0x00,
  0x74, 0x66, 0x6c, 0x2e, 0x70, 0x73, 0x65, 0x75, 0x64, 0x6f, 0x5f, 0x71,
  0x63, 0x6f, 0x6e, 0x73, 0x74, 0x31, 0x00, 0x00, 0x02, 0x00, 0x00, 0x00,
  0x05, 0x00, 0x00, 0x00, 0x20, 0x00, 0x00, 0x00, 0x3e, 0xfd, 0xff, 0xff,
  0x00, 0x00, 0x00, 0x01, 0x20, 0x00, 0x00, 0x00, 0x3c, 0x00, 0x00, 0x00,
  0x0d, 0x00, 0x00, 0x00, 0x00, 0x00, 0x00, 0x02, 0x48, 0x00, 0x00, 0x00,
  0x0c, 0x00, 0x0c, 0x00, 0x00, 0x00, 0x00, 0x00, 0x08, 0x00, 0x04, 0x00,
  0x0c, 0x00, 0x00, 0x00, 0x08, 0x00, 0x00, 0x00, 0x10, 0x00, 0x00, 0x00,
  0x01, 0x00, 0x00, 0x00, 0x00, 0x00, 0x00, 0x00, 0x00, 0x00, 0x00, 0x00,
  0x01, 0x00, 0x00, 0x00, 0xc0, 0x0d, 0xe2, 0x39, 0x11, 0x00, 0x00, 0x00,
  0x74, 0x66, 0x6c, 0x2e, 0x70, 0x73, 0x65, 0x75, 0x64, 0x6f, 0x5f, 0x71,
  0x63, 0x6f, 0x6e, 0x73, 0x74, 0x00, 0x00, 0x00, 0x01, 0x00, 0x00, 0x00,
  0x05, 0x00, 0x00, 0x00, 0xa6, 0xfd, 0xff, 0xff, 0x00, 0x00, 0x00, 0x01,
  0x14, 0x00, 0x00, 0x00, 0x14, 0x00, 0x00, 0x00, 0x0c, 0x00, 0x00, 0x00,
  0x00, 0x00, 0x00, 0x02, 0x20, 0x00, 0x00, 0x00, 0x40, 0xfd, 0xff, 0xff,
  0x10, 0x00, 0x00, 0x00, 0x61, 0x72, 0x69, 0x74, 0x68, 0x2e, 0x63, 0x6f,
  0x6e, 0x73, 0x74, 0x61, 0x6e, 0x74, 0x31, 0x30, 0x00, 0x00, 0x00, 0x00,
  0x00, 0x00, 0x00, 0x00, 0xe2, 0xfd, 0xff, 0xff, 0x00, 0x00, 0x00, 0x01,
  0x14, 0x00, 0x00, 0x00, 0x14, 0x00, 0x00, 0x00, 0x0b, 0x00, 0x00, 0x00,
  0x00, 0x00, 0x00, 0x02, 0x1c, 0x00, 0x00, 0x00, 0x7c, 0xfd, 0xff, 0xff,
  0x0f, 0x00, 0x00, 0x00, 0x61, 0x72, 0x69, 0x74, 0x68, 0x2e, 0x63, 0x6f,
  0x6e, 0x73, 0x74, 0x61, 0x6e, 0x74, 0x39, 0x00, 0x01, 0x00, 0x00, 0x00,
  0x03, 0x00, 0x00, 0x00, 0x1e, 0xfe, 0xff, 0xff, 0x00, 0x00, 0x00, 0x01,
  0x14, 0x00, 0x00, 0x00, 0x14, 0x00, 0x00, 0x00, 0x0a, 0x00, 0x00, 0x00,
  0x00, 0x00, 0x00, 0x02, 0x1c, 0x00, 0x00, 0x00, 0xb8, 0xfd, 0xff, 0xff,
  0x0f, 0x00, 0x00, 0x00, 0x61, 0x72, 0x69, 0x74, 0x68, 0x2e, 0x63, 0x6f,
  0x6e, 0x73, 0x74, 0x61, 0x6e, 0x74, 0x38, 0x00, 0x01, 0x00, 0x00, 0x00,
  0x04, 0x00, 0x00, 0x00, 0x5a, 0xfe, 0xff, 0xff, 0x00, 0x00, 0x00, 0x01,
  0x14, 0x00, 0x00, 0x00, 0x14, 0x00, 0x00, 0x00, 0x09, 0x00, 0x00, 0x00,
  0x00, 0x00, 0x00, 0x02, 0x1c, 0x00, 0x00, 0x00, 0xf4, 0xfd, 0xff, 0xff,
  0x0f, 0x00, 0x00, 0x00, 0x61, 0x72, 0x69, 0x74, 0x68, 0x2e, 0x63, 0x6f,
  0x6e, 0x73, 0x74, 0x61, 0x6e, 0x74, 0x37, 0x00, 0x01, 0x00, 0x00, 0x00,
  0x04, 0x00, 0x00, 0x00, 0x96, 0xfe, 0xff, 0xff, 0x00, 0x00, 0x00, 0x01,
  0x14, 0x00, 0x00, 0x00, 0x14, 0x00, 0x00, 0x00, 0x08, 0x00, 0x00, 0x00,
  0x00, 0x00, 0x00, 0x02, 0x1c, 0x00, 0x00, 0x00, 0x30, 0xfe, 0xff, 0xff,
  0x0f, 0x00, 0x00, 0x00, 0x61, 0x72, 0x69, 0x74, 0x68, 0x2e, 0x63, 0x6f,
  0x6e, 0x73, 0x74, 0x61, 0x6e, 0x74, 0x36, 0x00, 0x01, 0x00, 0x00, 0x00,
  0x04, 0x00, 0x00, 0x00, 0xd2, 0xfe, 0xff, 0xff, 0x00, 0x00, 0x00, 0x01,
  0x14, 0x00, 0x00, 0x00, 0x14, 0x00, 0x00, 0x00, 0x07, 0x00, 0x00, 0x00,
  0x00, 0x00, 0x00, 0x02, 0x1c, 0x00, 0x00, 0x00, 0x6c, 0xfe, 0xff, 0xff,
  0x0f, 0x00, 0x00, 0x00, 0x61, 0x72, 0x69, 0x74, 0x68, 0x2e, 0x63, 0x6f,
  0x6e, 0x73, 0x74, 0x61, 0x6e, 0x74, 0x35, 0x00, 0x01, 0x00, 0x00, 0x00,
  0x04, 0x00, 0x00, 0x00, 0x0e, 0xff, 0xff, 0xff, 0x00, 0x00, 0x00, 0x01,
  0x14, 0x00, 0x00, 0x00, 0x14, 0x00, 0x00, 0x00, 0x06, 0x00, 0x00, 0x00,
  0x00, 0x00, 0x00, 0x02, 0x1c, 0x00, 0x00, 0x00, 0xa8, 0xfe, 0xff, 0xff,
  0x0f, 0x00, 0x00, 0x00, 0x61, 0x72, 0x69, 0x74, 0x68, 0x2e, 0x63, 0x6f,
  0x6e, 0x73, 0x74, 0x61, 0x6e, 0x74, 0x34, 0x00, 0x01, 0x00, 0x00, 0x00,
  0x04, 0x00, 0x00, 0x00, 0x4a, 0xff, 0xff, 0xff, 0x00, 0x00, 0x00, 0x01,
  0x14, 0x00, 0x00, 0x00, 0x14, 0x00, 0x00, 0x00, 0x05, 0x00, 0x00, 0x00,
  0x00, 0x00, 0x00, 0x02, 0x1c, 0x00, 0x00, 0x00, 0xe4, 0xfe, 0xff, 0xff,
  0x0f, 0x00, 0x00, 0x00, 0x61, 0x72, 0x69, 0x74, 0x68, 0x2e, 0x63, 0x6f,
  0x6e, 0x73, 0x74, 0x61, 0x6e, 0x74, 0x33, 0x00, 0x01, 0x00, 0x00, 0x00,
  0x04, 0x00, 0x00, 0x00, 0x86, 0xff, 0xff, 0xff, 0x00, 0x00, 0x00, 0x01,
  0x14, 0x00, 0x00, 0x00, 0x14, 0x00, 0x00, 0x00, 0x04, 0x00, 0x00, 0x00,
  0x00, 0x00, 0x00, 0x02, 0x1c, 0x00, 0x00, 0x00, 0x20, 0xff, 0xff, 0xff,
  0x0f, 0x00, 0x00, 0x00, 0x61, 0x72, 0x69, 0x74, 0x68, 0x2e, 0x63, 0x6f,
  0x6e, 0x73, 0x74, 0x61, 0x6e, 0x74, 0x32, 0x00, 0x01, 0x00, 0x00, 0x00,
  0x04, 0x00, 0x00, 0x00, 0xc2, 0xff, 0xff, 0xff, 0x00, 0x00, 0x00, 0x01,
  0x14, 0x00, 0x00, 0x00, 0x14, 0x00, 0x00, 0x00, 0x03, 0x00, 0x00, 0x00,
  0x00, 0x00, 0x00, 0x02, 0x1c, 0x00, 0x00, 0x00, 0x5c, 0xff, 0xff, 0xff,
  0x0f, 0x00, 0x00, 0x00, 0x61, 0x72, 0x69, 0x74, 0x68, 0x2e, 0x63, 0x6f,
  0x6e, 0x73, 0x74, 0x61, 0x6e, 0x74, 0x31, 0x00, 0x01, 0x00, 0x00, 0x00,
  0x04, 0x00, 0x00, 0x00, 0x00, 0x00, 0x16, 0x00, 0x1c, 0x00, 0x18, 0x00,
  0x17, 0x00, 0x10, 0x00, 0x0c, 0x00, 0x08, 0x00, 0x00, 0x00, 0x00, 0x00,
  0x00, 0x00, 0x07, 0x00, 0x16, 0x00, 0x00, 0x00, 0x00, 0x00, 0x00, 0x01,
  0x14, 0x00, 0x00, 0x00, 0x14, 0x00, 0x00, 0x00, 0x02, 0x00, 0x00, 0x00,
  0x00, 0x00, 0x00, 0x02, 0x1c, 0x00, 0x00, 0x00, 0xb0, 0xff, 0xff, 0xff,
  0x0e, 0x00, 0x00, 0x00, 0x61, 0x72, 0x69, 0x74, 0x68, 0x2e, 0x63, 0x6f,
  0x6e, 0x73, 0x74, 0x61, 0x6e, 0x74, 0x00, 0x00, 0x01, 0x00, 0x00, 0x00,
  0x04, 0x00, 0x00, 0x00, 0x00, 0x00, 0x16, 0x00, 0x18, 0x00, 0x14, 0x00,
  0x00, 0x00, 0x10, 0x00, 0x0c, 0x00, 0x08, 0x00, 0x00, 0x00, 0x00, 0x00,
  0x00, 0x00, 0x07, 0x00, 0x16, 0x00, 0x00, 0x00, 0x00, 0x00, 0x00, 0x01,
  0x14, 0x00, 0x00, 0x00, 0x14, 0x00, 0x00, 0x00, 0x01, 0x00, 0x00, 0x00,
  0x14, 0x00, 0x00, 0x00, 0x04, 0x00, 0x04, 0x00, 0x04, 0x00, 0x00, 0x00,
  0x01, 0x00, 0x00, 0x00, 0x78, 0x00, 0x00, 0x00, 0x03, 0x00, 0x00, 0x00,
  0x01, 0x00, 0x00, 0x00, 0x68, 0x01, 0x00, 0x00, 0x01, 0x00, 0x00, 0x00,
  0x0a, 0x00, 0x00, 0x00, 0xcc, 0x00, 0x00, 0x00, 0xb0, 0x00, 0x00, 0x00,
  0x9c, 0x00, 0x00, 0x00, 0x7c, 0x00, 0x00, 0x00, 0x68, 0x00, 0x00, 0x00,
  0x54, 0x00, 0x00, 0x00, 0x40, 0x00, 0x00, 0x00, 0x2c, 0x00, 0x00, 0x00,
  0x18, 0x00, 0x00, 0x00, 0x04, 0x00, 0x00, 0x00, 0x90, 0xff, 0xff, 0xff,
  0x06, 0x00, 0x00, 0x00, 0x02, 0x00, 0x00, 0x00, 0x00, 0x00, 0x00, 0x06,
  0xa0, 0xff, 0xff, 0xff, 0x19, 0x00, 0x00, 0x00, 0x02, 0x00, 0x00, 0x00,
  0x00, 0x00, 0x00, 0x19, 0xb0, 0xff, 0xff, 0xff, 0x09, 0x00, 0x00, 0x00,
  0x04, 0x00, 0x00, 0x00, 0x00, 0x00, 0x00, 0x09, 0xc0, 0xff, 0xff, 0xff,
  0x28, 0x00, 0x00, 0x00, 0x02, 0x00, 0x00, 0x00, 0x00, 0x00, 0x00, 0x28,
  0xd0, 0xff, 0xff, 0xff, 0x11, 0x00, 0x00, 0x00, 0x02, 0x00, 0x00, 0x00,
  0x00, 0x00, 0x00, 0x11, 0xe0, 0xff, 0xff, 0xff, 0x03, 0x00, 0x00, 0x00,
  0x03, 0x00, 0x00, 0x00, 0x00, 0x00, 0x00, 0x03, 0xf0, 0xff, 0xff, 0xff,
  0x2d, 0x00, 0x00, 0x00, 0x02, 0x00, 0x00, 0x00, 0x00, 0x00, 0x00, 0x2d,
  0x0c, 0x00, 0x10, 0x00, 0x0f, 0x00, 0x00, 0x00, 0x08, 0x00, 0x04, 0x00,
  0x0c, 0x00, 0x00, 0x00, 0x04, 0x00, 0x00, 0x00, 0x03, 0x00, 0x00, 0x00,
  0x00, 0x00, 0x00, 0x04, 0xf4, 0xff, 0xff, 0xff, 0x16, 0x00, 0x00, 0x00,
  0x00, 0x00, 0x00, 0x16, 0x0c, 0x00, 0x0c, 0x00, 0x0b, 0x00, 0x00, 0x00,
  0x00, 0x00, 0x04, 0x00, 0x0c, 0x00, 0x00, 0x00, 0x72, 0x00, 0x00, 0x00,
  0x00, 0x00, 0x00, 0x72,
};